{"moduleDefinition":{"range":[1,1,1,131],"value":{"type":"normal","normal":{"moduleName":{"range":[1,8,1,21],"value":["Internal","Grid"]},"exposingList":{"range":[1,22,1,131],"value":{"type":"explicit","explicit":[{"range":[1,32,1,38],"value":{"type":"typeOrAlias","typeOrAlias":{"name":"Around"}}},{"range":[1,40,1,50],"value":{"type":"typeexpose","typeexpose":{"name":"Layout","open":[1,46,1,50]}}},{"range":[1,52,1,69],"value":{"type":"typeOrAlias","typeOrAlias":{"name":"PositionedElement"}}},{"range":[1,71,1,91],"value":{"type":"typeexpose","typeexpose":{"name":"RelativePosition","open":[1,87,1,91]}}},{"range":[1,93,1,98],"value":{"type":"function","function":{"name":"build"}}},{"range":[1,100,1,110],"value":{"type":"function","function":{"name":"createGrid"}}},{"range":[1,112,1,120],"value":{"type":"function","function":{"name":"getWidth"}}},{"range":[1,122,1,130],"value":{"type":"function","function":{"name":"relative"}}}]}}}}},"imports":[{"range":[9,1,9,15],"value":{"moduleName":{"range":[9,8,9,15],"value":["Element"]},"moduleAlias":null,"exposingList":null}},{"range":[10,1,10,29],"value":{"moduleName":{"range":[10,8,10,21],"value":["Internal","Flag"]},"moduleAlias":{"range":[10,25,10,29],"value":["Flag"]},"exposingList":null}},{"range":[11,1,11,34],"value":{"moduleName":{"range":[11,8,11,22],"value":["Internal","Model"]},"moduleAlias":{"range":[11,26,11,34],"value":["Internal"]},"exposingList":null}}],"declarations":[{"range":[14,1,19,14],"value":{"type":"typedecl","typedecl":{"documentation":null,"name":{"range":[14,6,14,22],"value":"RelativePosition"},"generics":[],"constructors":[{"range":[15,7,15,14],"value":{"name":{"range":[15,7,15,14],"value":"OnRight"},"arguments":[]}},{"range":[16,7,16,13],"value":{"name":{"range":[16,7,16,13],"value":"OnLeft"},"arguments":[]}},{"range":[17,7,17,12],"value":{"name":{"range":[17,7,17,12],"value":"Above"},"arguments":[]}},{"range":[18,7,18,12],"value":{"name":{"range":[18,7,18,12],"value":"Below"},"arguments":[]}},{"range":[19,7,19,14],"value":{"name":{"range":[19,7,19,14],"value":"InFront"},"arguments":[]}}]}}},{"range":[22,1,25,13],"value":{"type":"typedecl","typedecl":{"documentation":null,"name":{"range":[22,6,22,12],"value":"Layout"},"generics":[],"constructors":[{"range":[23,7,23,18],"value":{"name":{"range":[23,7,23,18],"value":"GridElement"},"arguments":[]}},{"range":[24,7,24,10],"value":{"name":{"range":[24,7,24,10],"value":"Row"},"arguments":[]}},{"range":[25,7,25,13],"value":{"name":{"range":[25,7,25,13],"value":"Column"},"arguments":[]}}]}}},{"range":[28,1,38,6],"value":{"type":"typeAlias","typeAlias":{"documentation":null,"name":{"range":[28,12,28,18],"value":"Around"},"generics":[{"range":[28,19,28,28],"value":"alignment"},{"range":[28,29,28,32],"value":"msg"}],"typeAnnotation":{"range":[29,5,38,6],"value":{"type":"record","record":{"value":[{"range":[29,7,29,54],"value":{"name":{"range":[29,7,29,12],"value":"right"},"typeAnnotation":{"range":[29,15,29,54],"value":{"type":"typed","typed":{"moduleNameAndName":{"range":[29,15,29,20],"value":{"moduleName":[],"name":"Maybe"}},"args":[{"range":[29,21,29,54],"value":{"type":"typed","typed":{"moduleNameAndName":{"range":[29,22,29,39],"value":{"moduleName":[],"name":"PositionedElement"}},"args":[{"range":[29,40,29,49],"value":{"type":"generic","generic":{"value":"alignment"}}},{"range":[29,50,29,53],"value":{"type":"generic","generic":{"value":"msg"}}}]}}}]}}}}},{"range":[30,5,31,5],"value":{"name":{"range":[30,7,30,11],"value":"left"},"typeAnnotation":{"range":[30,14,30,53],"value":{"type":"typed","typed":{"moduleNameAndName":{"range":[30,14,30,19],"value":{"moduleName":[],"name":"Maybe"}},"args":[{"range":[30,20,30,53],"value":{"type":"typed","typed":{"moduleNameAndName":{"range":[30,21,30,38],"value":{"moduleName":[],"name":"PositionedElement"}},"args":[{"range":[30,39,30,48],"value":{"type":"generic","generic":{"value":"alignment"}}},{"range":[30,49,30,52],"value":{"type":"generic","generic":{"value":"msg"}}}]}}}]}}}}},{"range":[31,5,34,5],"value":{"name":{"range":[31,7,31,14],"value":"primary"},"typeAnnotation":{"range":[31,17,31,103],"value":{"type":"tupled","tupled":{"values":[{"range":[31,19,31,31],"value":{"type":"typed","typed":{"moduleNameAndName":{"range":[31,19,31,24],"value":{"moduleName":[],"name":"Maybe"}},"args":[{"range":[31,25,31,31],"value":{"type":"typed","typed":{"moduleNameAndName":{"range":[31,25,31,31],"value":{"moduleName":[],"name":"String"}},"args":[]}}}]}}},{"range":[31,33,31,72],"value":{"type":"typed","typed":{"moduleNameAndName":{"range":[31,33,31,37],"value":{"moduleName":[],"name":"List"}},"args":[{"range":[31,38,31,72],"value":{"type":"typed","typed":{"moduleNameAndName":{"range":[31,39,31,57],"value":{"moduleName":["Internal"],"name":"Attribute"}},"args":[{"range":[31,58,31,67],"value":{"type":"generic","generic":{"value":"alignment"}}},{"range":[31,68,31,71],"value":{"type":"generic","generic":{"value":"msg"}}}]}}}]}}},{"range":[31,74,31,101],"value":{"type":"typed","typed":{"moduleNameAndName":{"range":[31,74,31,78],"value":{"moduleName":[],"name":"List"}},"args":[{"range":[31,79,31,101],"value":{"type":"typed","typed":{"moduleNameAndName":{"range":[31,80,31,96],"value":{"moduleName":["Internal"],"name":"Element"}},"args":[{"range":[31,97,31,100],"value":{"type":"generic","generic":{"value":"msg"}}}]}}}]}}}]}}}}},{"range":[34,5,35,5],"value":{"name":{"range":[34,7,34,19],"value":"defaultWidth"},"typeAnnotation":{"range":[34,22,34,37],"value":{"type":"typed","typed":{"moduleNameAndName":{"range":[34,22,34,37],"value":{"moduleName":["Internal"],"name":"Length"}},"args":[]}}}}},{"range":[35,5,36,5],"value":{"name":{"range":[35,7,35,12],"value":"below"},"typeAnnotation":{"range":[35,15,35,54],"value":{"type":"typed","typed":{"moduleNameAndName":{"range":[35,15,35,20],"value":{"moduleName":[],"name":"Maybe"}},"args":[{"range":[35,21,35,54],"value":{"type":"typed","typed":{"moduleNameAndName":{"range":[35,22,35,39],"value":{"moduleName":[],"name":"PositionedElement"}},"args":[{"range":[35,40,35,49],"value":{"type":"generic","generic":{"value":"alignment"}}},{"range":[35,50,35,53],"value":{"type":"generic","generic":{"value":"msg"}}}]}}}]}}}}},{"range":[36,5,37,5],"value":{"name":{"range":[36,7,36,12],"value":"above"},"typeAnnotation":{"range":[36,15,36,54],"value":{"type":"typed","typed":{"moduleNameAndName":{"range":[36,15,36,20],"value":{"moduleName":[],"name":"Maybe"}},"args":[{"range":[36,21,36,54],"value":{"type":"typed","typed":{"moduleNameAndName":{"range":[36,22,36,39],"value":{"moduleName":[],"name":"PositionedElement"}},"args":[{"range":[36,40,36,49],"value":{"type":"generic","generic":{"value":"alignment"}}},{"range":[36,50,36,53],"value":{"type":"generic","generic":{"value":"msg"}}}]}}}]}}}}},{"range":[37,5,38,5],"value":{"name":{"range":[37,7,37,14],"value":"inFront"},"typeAnnotation":{"range":[37,17,37,56],"value":{"type":"typed","typed":{"moduleNameAndName":{"range":[37,17,37,22],"value":{"moduleName":[],"name":"Maybe"}},"args":[{"range":[37,23,37,56],"value":{"type":"typed","typed":{"moduleNameAndName":{"range":[37,24,37,41],"value":{"moduleName":[],"name":"PositionedElement"}},"args":[{"range":[37,42,37,51],"value":{"type":"generic","generic":{"value":"alignment"}}},{"range":[37,52,37,55],"value":{"type":"generic","generic":{"value":"msg"}}}]}}}]}}}}}]}}}}}},{"range":[41,1,47,6],"value":{"type":"typeAlias","typeAlias":{"documentation":null,"name":{"range":[41,12,41,29],"value":"PositionedElement"},"generics":[{"range":[41,30,41,39],"value":"alignment"},{"range":[41,40,41,43],"value":"msg"}],"typeAnnotation":{"range":[42,5,47,6],"value":{"type":"record","record":{"value":[{"range":[42,7,42,22],"value":{"name":{"range":[42,7,42,13],"value":"layout"},"typeAnnotation":{"range":[42,16,42,22],"value":{"type":"typed","typed":{"moduleNameAndName":{"range":[42,16,42,22],"value":{"moduleName":[],"name":"Layout"}},"args":[]}}}}},{"range":[43,5,44,5],"value":{"name":{"range":[43,7,43,12],"value":"child"},"typeAnnotation":{"range":[43,15,43,42],"value":{"type":"typed","typed":{"moduleNameAndName":{"range":[43,15,43,19],"value":{"moduleName":[],"name":"List"}},"args":[{"range":[43,20,43,42],"value":{"type":"typed","typed":{"moduleNameAndName":{"range":[43,21,43,37],"value":{"moduleName":["Internal"],"name":"Element"}},"args":[{"range":[43,38,43,41],"value":{"type":"generic","generic":{"value":"msg"}}}]}}}]}}}}},{"range":[44,5,45,5],"value":{"name":{"range":[44,7,44,12],"value":"attrs"},"typeAnnotation":{"range":[44,15,44,54],"value":{"type":"typed","typed":{"moduleNameAndName":{"range":[44,15,44,19],"value":{"moduleName":[],"name":"List"}},"args":[{"range":[44,20,44,54],"value":{"type":"typed","typed":{"moduleNameAndName":{"range":[44,21,44,39],"value":{"moduleName":["Internal"],"name":"Attribute"}},"args":[{"range":[44,40,44,49],"value":{"type":"generic","generic":{"value":"alignment"}}},{"range":[44,50,44,53],"value":{"type":"generic","generic":{"value":"msg"}}}]}}}]}}}}},{"range":[45,5,46,5],"value":{"name":{"range":[45,7,45,12],"value":"width"},"typeAnnotation":{"range":[45,15,45,18],"value":{"type":"typed","typed":{"moduleNameAndName":{"range":[45,15,45,18],"value":{"moduleName":[],"name":"Int"}},"args":[]}}}}},{"range":[46,5,47,5],"value":{"name":{"range":[46,7,46,13],"value":"height"},"typeAnnotation":{"range":[46,16,46,19],"value":{"type":"typed","typed":{"moduleNameAndName":{"range":[46,16,46,19],"value":{"moduleName":[],"name":"Int"}},"args":[]}}}}}]}}}}}},{"range":[50,1,75,1],"value":{"type":"function","function":{"documentation":null,"signature":{"range":[50,1,50,115],"value":{"name":{"range":[50,1,50,9],"value":"relative"},"typeAnnotation":{"range":[50,12,50,115],"value":{"type":"function","function":{"left":{"range":[50,12,50,24],"value":{"type":"typed","typed":{"moduleNameAndName":{"range":[50,12,50,17],"value":{"moduleName":[],"name":"Maybe"}},"args":[{"range":[50,18,50,24],"value":{"type":"typed","typed":{"moduleNameAndName":{"range":[50,18,50,24],"value":{"moduleName":[],"name":"String"}},"args":[]}}}]}}},"right":{"range":[50,28,50,115],"value":{"type":"function","function":{"left":{"range":[50,28,50,67],"value":{"type":"typed","typed":{"moduleNameAndName":{"range":[50,28,50,32],"value":{"moduleName":[],"name":"List"}},"args":[{"range":[50,33,50,67],"value":{"type":"typed","typed":{"moduleNameAndName":{"range":[50,34,50,52],"value":{"moduleName":["Internal"],"name":"Attribute"}},"args":[{"range":[50,53,50,62],"value":{"type":"generic","generic":{"value":"alignment"}}},{"range":[50,63,50,66],"value":{"type":"generic","generic":{"value":"msg"}}}]}}}]}}},"right":{"range":[50,71,50,115],"value":{"type":"function","function":{"left":{"range":[50,71,50,91],"value":{"type":"typed","typed":{"moduleNameAndName":{"range":[50,71,50,77],"value":{"moduleName":[],"name":"Around"}},"args":[{"range":[50,78,50,87],"value":{"type":"generic","generic":{"value":"alignment"}}},{"range":[50,88,50,91],"value":{"type":"generic","generic":{"value":"msg"}}}]}}},"right":{"range":[50,95,50,115],"value":{"type":"typed","typed":{"moduleNameAndName":{"range":[50,95,50,111],"value":{"moduleName":["Internal"],"name":"Element"}},"args":[{"range":[50,112,50,115],"value":{"type":"generic","generic":{"value":"msg"}}}]}}}}}}}}}}}}}},"declaration":{"range":[51,1,75,1],"value":{"name":{"range":[51,1,51,9],"value":"relative"},"arguments":[{"range":[51,10,51,14],"value":{"type":"var","var":{"value":"node"}}},{"range":[51,15,51,25],"value":{"type":"var","var":{"value":"attributes"}}},{"range":[51,26,51,32],"value":{"type":"var","var":{"value":"around"}}}],"expression":{"range":[52,5,75,1],"value":{"type":"let","let":{"declarations":[{"range":[53,9,56,9],"value":{"type":"destructuring","destructuring":{"pattern":{"range":[53,9,53,19],"value":{"type":"tuple","tuple":{"value":[{"range":[53,11,53,13],"value":{"type":"var","var":{"value":"sX"}}},{"range":[53,15,53,17],"value":{"type":"var","var":{"value":"sY"}}}]}}},"expression":{"range":[54,13,54,52],"value":{"type":"application","application":[{"range":[54,13,54,32],"value":{"type":"functionOrValue","functionOrValue":{"moduleName":["Internal"],"name":"getSpacing"}}},{"range":[54,33,54,43],"value":{"type":"functionOrValue","functionOrValue":{"moduleName":[],"name":"attributes"}}},{"range":[54,44,54,52],"value":{"type":"tupled","tupled":[{"range":[54,46,54,47],"value":{"type":"integer","integer":7}},{"range":[54,49,54,50],"value":{"type":"integer","integer":7}}]}}]}}}}},{"range":[56,9,63,9],"value":{"type":"function","function":{"documentation":null,"signature":null,"declaration":{"range":[56,9,61,52],"value":{"name":{"range":[56,9,56,13],"value":"make"},"arguments":[{"range":[56,14,56,24],"value":{"type":"var","var":{"value":"positioned"}}}],"expression":{"range":[57,13,61,52],"value":{"type":"application","application":[{"range":[57,13,57,29],"value":{"type":"functionOrValue","functionOrValue":{"moduleName":["Internal"],"name":"element"}}},{"range":[57,30,57,51],"value":{"type":"functionOrValue","functionOrValue":{"moduleName":["Internal"],"name":"noStyleSheet"}}},{"range":[58,17,58,30],"value":{"type":"functionOrValue","functionOrValue":{"moduleName":["Internal"],"name":"asEl"}}},{"range":[59,17,59,24],"value":{"type":"functionOrValue","functionOrValue":{"moduleName":[],"name":"Nothing"}}},{"range":[60,27,60,33],"value":{"type":"recordAccess","recordAccess":{"expression":{"range":[60,17,60,27],"value":{"type":"functionOrValue","functionOrValue":{"moduleName":[],"name":"positioned"}}},"name":{"range":[60,28,60,33],"value":"attrs"}}}},{"range":[61,17,61,52],"value":{"type":"parenthesized","parenthesized":{"range":[61,18,61,51],"value":{"type":"application","application":[{"range":[61,18,61,34],"value":{"type":"functionOrValue","functionOrValue":{"moduleName":["Internal"],"name":"Unkeyed"}}},{"range":[61,45,61,51],"value":{"type":"recordAccess","recordAccess":{"expression":{"range":[61,35,61,45],"value":{"type":"functionOrValue","functionOrValue":{"moduleName":[],"name":"positioned"}}},"name":{"range":[61,46,61,51],"value":"child"}}}}]}}}}]}}}}}}},{"range":[63,9,65,5],"value":{"type":"destructuring","destructuring":{"pattern":{"range":[63,9,63,31],"value":{"type":"tuple","tuple":{"value":[{"range":[63,11,63,19],"value":{"type":"var","var":{"value":"template"}}},{"range":[63,21,63,29],"value":{"type":"var","var":{"value":"children"}}}]}}},"expression":{"range":[64,13,64,41],"value":{"type":"application","application":[{"range":[64,13,64,23],"value":{"type":"functionOrValue","functionOrValue":{"moduleName":[],"name":"createGrid"}}},{"range":[64,24,64,34],"value":{"type":"tupled","tupled":[{"range":[64,26,64,28],"value":{"type":"functionOrValue","functionOrValue":{"moduleName":[],"name":"sX"}}},{"range":[64,30,64,32],"value":{"type":"functionOrValue","functionOrValue":{"moduleName":[],"name":"sY"}}}]}},{"range":[64,35,64,41],"value":{"type":"functionOrValue","functionOrValue":{"moduleName":[],"name":"around"}}}]}}}}}],"expression":{"range":[66,5,72,10],"value":{"type":"application","application":[{"range":[66,5,66,21],"value":{"type":"functionOrValue","functionOrValue":{"moduleName":["Internal"],"name":"element"}}},{"range":[66,22,66,43],"value":{"type":"functionOrValue","functionOrValue":{"moduleName":["Internal"],"name":"noStyleSheet"}}},{"range":[67,9,67,24],"value":{"type":"functionOrValue","functionOrValue":{"moduleName":["Internal"],"name":"asGrid"}}},{"range":[68,9,68,13],"value":{"type":"functionOrValue","functionOrValue":{"moduleName":[],"name":"node"}}},{"range":[69,9,69,33],"value":{"type":"parenthesized","parenthesized":{"range":[69,10,69,32],"value":{"type":"application","application":[{"range":[69,10,69,18],"value":{"type":"functionOrValue","functionOrValue":{"moduleName":[],"name":"template"}}},{"range":[69,19,69,21],"value":{"type":"operator","operator":"++"}},{"range":[69,22,69,32],"value":{"type":"functionOrValue","functionOrValue":{"moduleName":[],"name":"attributes"}}}]}}}},{"range":[70,9,72,10],"value":{"type":"parenthesized","parenthesized":{"range":[70,10,71,21],"value":{"type":"application","application":[{"range":[70,10,70,26],"value":{"type":"functionOrValue","functionOrValue":{"moduleName":["Internal"],"name":"Unkeyed"}}},{"range":[71,13,71,21],"value":{"type":"functionOrValue","functionOrValue":{"moduleName":[],"name":"children"}}}]}}}}]}}}}}}}}}},{"range":[75,1,216,1],"value":{"type":"function","function":{"documentation":null,"signature":{"range":[75,1,75,126],"value":{"name":{"range":[75,1,75,11],"value":"createGrid"},"typeAnnotation":{"range":[75,14,75,126],"value":{"type":"function","function":{"left":{"range":[75,14,75,26],"value":{"type":"tupled","tupled":{"values":[{"range":[75,16,75,19],"value":{"type":"typed","typed":{"moduleNameAndName":{"range":[75,16,75,19],"value":{"moduleName":[],"name":"Int"}},"args":[]}}},{"range":[75,21,75,24],"value":{"type":"typed","typed":{"moduleNameAndName":{"range":[75,21,75,24],"value":{"moduleName":[],"name":"Int"}},"args":[]}}}]}}},"right":{"range":[75,30,75,126],"value":{"type":"function","function":{"left":{"range":[75,30,75,50],"value":{"type":"typed","typed":{"moduleNameAndName":{"range":[75,30,75,36],"value":{"moduleName":[],"name":"Around"}},"args":[{"range":[75,37,75,46],"value":{"type":"generic","generic":{"value":"alignment"}}},{"range":[75,47,75,50],"value":{"type":"generic","generic":{"value":"msg"}}}]}}},"right":{"range":[75,54,75,126],"value":{"type":"tupled","tupled":{"values":[{"range":[75,56,75,96],"value":{"type":"typed","typed":{"moduleNameAndName":{"range":[75,56,75,60],"value":{"moduleName":[],"name":"List"}},"args":[{"range":[75,61,75,96],"value":{"type":"typed","typed":{"moduleNameAndName":{"range":[75,62,75,80],"value":{"moduleName":["Internal"],"name":"Attribute"}},"args":[{"range":[75,81,75,90],"value":{"type":"generic","generic":{"value":"alignment"}}},{"range":[75,91,75,95],"value":{"type":"generic","generic":{"value":"msg1"}}}]}}}]}}},{"range":[75,98,75,124],"value":{"type":"typed","typed":{"moduleNameAndName":{"range":[75,98,75,102],"value":{"moduleName":[],"name":"List"}},"args":[{"range":[75,103,75,124],"value":{"type":"typed","typed":{"moduleNameAndName":{"range":[75,104,75,119],"value":{"moduleName":["Element"],"name":"Element"}},"args":[{"range":[75,120,75,123],"value":{"type":"generic","generic":{"value":"msg"}}}]}}}]}}}]}}}}}}}}}}},"declaration":{"range":[76,1,216,1],"value":{"name":{"range":[76,1,76,11],"value":"createGrid"},"arguments":[{"range":[76,12,76,34],"value":{"type":"tuple","tuple":{"value":[{"range":[76,14,76,22],"value":{"type":"var","var":{"value":"spacingX"}}},{"range":[76,24,76,32],"value":{"type":"var","var":{"value":"spacingY"}}}]}}},{"range":[76,35,76,41],"value":{"type":"var","var":{"value":"nearby"}}}],"expression":{"range":[77,5,216,1],"value":{"type":"let","let":{"declarations":[{"range":[78,9,93,9],"value":{"type":"function","function":{"documentation":null,"signature":null,"declaration":{"range":[78,9,91,18],"value":{"name":{"range":[78,9,78,17],"value":"rowCount"},"arguments":[],"expression":{"range":[79,13,91,18],"value":{"type":"application","application":[{"range":[79,13,79,21],"value":{"type":"functionOrValue","functionOrValue":{"moduleName":["List"],"name":"sum"}}},{"range":[80,17,91,18],"value":{"type":"list","list":[{"range":[80,19,80,20],"value":{"type":"integer","integer":1}},{"range":[81,19,86,17],"value":{"type":"ifBlock","ifBlock":{"clause":{"range":[81,22,81,45],"value":{"type":"application","application":[{"range":[81,22,81,29],"value":{"type":"functionOrValue","functionOrValue":{"moduleName":[],"name":"Nothing"}}},{"range":[81,30,81,32],"value":{"type":"operator","operator":"=="}},{"range":[81,39,81,45],"value":{"type":"recordAccess","recordAccess":{"expression":{"range":[81,33,81,39],"value":{"type":"functionOrValue","functionOrValue":{"moduleName":[],"name":"nearby"}}},"name":{"range":[81,40,81,45],"value":"above"}}}}]}},"then":{"range":[82,21,82,22],"value":{"type":"integer","integer":0}},"else":{"range":[85,21,85,22],"value":{"type":"integer","integer":1}}}}},{"range":[86,19,91,17],"value":{"type":"ifBlock","ifBlock":{"clause":{"range":[86,22,86,45],"value":{"type":"application","application":[{"range":[86,22,86,29],"value":{"type":"functionOrValue","functionOrValue":{"moduleName":[],"name":"Nothing"}}},{"range":[86,30,86,32],"value":{"type":"operator","operator":"=="}},{"range":[86,39,86,45],"value":{"type":"recordAccess","recordAccess":{"expression":{"range":[86,33,86,39],"value":{"type":"functionOrValue","functionOrValue":{"moduleName":[],"name":"nearby"}}},"name":{"range":[86,40,86,45],"value":"below"}}}}]}},"then":{"range":[87,21,87,22],"value":{"type":"integer","integer":0}},"else":{"range":[90,21,90,22],"value":{"type":"integer","integer":1}}}}}]}}]}}}}}}},{"range":[93,9,108,9],"value":{"type":"function","function":{"documentation":null,"signature":null,"declaration":{"range":[93,9,106,18],"value":{"name":{"range":[93,9,93,17],"value":"colCount"},"arguments":[],"expression":{"range":[94,13,106,18],"value":{"type":"application","application":[{"range":[94,13,94,21],"value":{"type":"functionOrValue","functionOrValue":{"moduleName":["List"],"name":"sum"}}},{"range":[95,17,106,18],"value":{"type":"list","list":[{"range":[95,19,95,20],"value":{"type":"integer","integer":1}},{"range":[96,19,101,17],"value":{"type":"ifBlock","ifBlock":{"clause":{"range":[96,22,96,44],"value":{"type":"application","application":[{"range":[96,22,96,29],"value":{"type":"functionOrValue","functionOrValue":{"moduleName":[],"name":"Nothing"}}},{"range":[96,30,96,32],"value":{"type":"operator","operator":"=="}},{"range":[96,39,96,44],"value":{"type":"recordAccess","recordAccess":{"expression":{"range":[96,33,96,39],"value":{"type":"functionOrValue","functionOrValue":{"moduleName":[],"name":"nearby"}}},"name":{"range":[96,40,96,44],"value":"left"}}}}]}},"then":{"range":[97,21,97,22],"value":{"type":"integer","integer":0}},"else":{"range":[100,21,100,22],"value":{"type":"integer","integer":1}}}}},{"range":[101,19,106,17],"value":{"type":"ifBlock","ifBlock":{"clause":{"range":[101,22,101,45],"value":{"type":"application","application":[{"range":[101,22,101,29],"value":{"type":"functionOrValue","functionOrValue":{"moduleName":[],"name":"Nothing"}}},{"range":[101,30,101,32],"value":{"type":"operator","operator":"=="}},{"range":[101,39,101,45],"value":{"type":"recordAccess","recordAccess":{"expression":{"range":[101,33,101,39],"value":{"type":"functionOrValue","functionOrValue":{"moduleName":[],"name":"nearby"}}},"name":{"range":[101,40,101,45],"value":"right"}}}}]}},"then":{"range":[102,21,102,22],"value":{"type":"integer","integer":0}},"else":{"range":[105,21,105,22],"value":{"type":"integer","integer":1}}}}}]}}]}}}}}}},{"range":[108,9,121,9],"value":{"type":"function","function":{"documentation":null,"signature":null,"declaration":{"range":[108,9,121,9],"value":{"name":{"range":[108,9,108,13],"value":"rows"},"arguments":[],"expression":{"range":[109,13,121,9],"value":{"type":"ifBlock","ifBlock":{"clause":{"range":[109,22,109,39],"value":{"type":"application","application":[{"range":[109,22,109,28],"value":{"type":"recordAccess","recordAccess":{"expression":{"range":[109,16,109,22],"value":{"type":"functionOrValue","functionOrValue":{"moduleName":[],"name":"nearby"}}},"name":{"range":[109,23,109,28],"value":"above"}}}},{"range":[109,29,109,31],"value":{"type":"operator","operator":"=="}},{"range":[109,32,109,39],"value":{"type":"functionOrValue","functionOrValue":{"moduleName":[],"name":"Nothing"}}}]}},"then":{"range":[110,17,113,18],"value":{"type":"record","record":[{"range":[110,19,110,28],"value":{"field":{"range":[110,19,110,24],"value":"above"},"expression":{"range":[110,27,110,28],"value":{"type":"integer","integer":0}}}},{"range":[111,19,112,17],"value":{"field":{"range":[111,19,111,26],"value":"primary"},"expression":{"range":[111,29,111,30],"value":{"type":"integer","integer":1}}}},{"range":[112,19,113,17],"value":{"field":{"range":[112,19,112,24],"value":"below"},"expression":{"range":[112,27,112,28],"value":{"type":"integer","integer":2}}}}]}},"else":{"range":[116,17,119,18],"value":{"type":"record","record":[{"range":[116,19,116,28],"value":{"field":{"range":[116,19,116,24],"value":"above"},"expression":{"range":[116,27,116,28],"value":{"type":"integer","integer":1}}}},{"range":[117,19,118,17],"value":{"field":{"range":[117,19,117,26],"value":"primary"},"expression":{"range":[117,29,117,30],"value":{"type":"integer","integer":2}}}},{"range":[118,19,119,17],"value":{"field":{"range":[118,19,118,24],"value":"below"},"expression":{"range":[118,27,118,28],"value":{"type":"integer","integer":3}}}}]}}}}}}}}}},{"range":[121,9,134,9],"value":{"type":"function","function":{"documentation":null,"signature":null,"declaration":{"range":[121,9,134,9],"value":{"name":{"range":[121,9,121,16],"value":"columns"},"arguments":[],"expression":{"range":[122,13,134,9],"value":{"type":"ifBlock","ifBlock":{"clause":{"range":[122,16,122,38],"value":{"type":"application","application":[{"range":[122,16,122,23],"value":{"type":"functionOrValue","functionOrValue":{"moduleName":[],"name":"Nothing"}}},{"range":[122,24,122,26],"value":{"type":"operator","operator":"=="}},{"range":[122,33,122,38],"value":{"type":"recordAccess","recordAccess":{"expression":{"range":[122,27,122,33],"value":{"type":"functionOrValue","functionOrValue":{"moduleName":[],"name":"nearby"}}},"name":{"range":[122,34,122,38],"value":"left"}}}}]}},"then":{"range":[123,17,126,18],"value":{"type":"record","record":[{"range":[123,19,123,27],"value":{"field":{"range":[123,19,123,23],"value":"left"},"expression":{"range":[123,26,123,27],"value":{"type":"integer","integer":0}}}},{"range":[124,19,125,17],"value":{"field":{"range":[124,19,124,26],"value":"primary"},"expression":{"range":[124,29,124,30],"value":{"type":"integer","integer":1}}}},{"range":[125,19,126,17],"value":{"field":{"range":[125,19,125,24],"value":"right"},"expression":{"range":[125,27,125,28],"value":{"type":"integer","integer":2}}}}]}},"else":{"range":[129,17,132,18],"value":{"type":"record","record":[{"range":[129,19,129,27],"value":{"field":{"range":[129,19,129,23],"value":"left"},"expression":{"range":[129,26,129,27],"value":{"type":"integer","integer":1}}}},{"range":[130,19,131,17],"value":{"field":{"range":[130,19,130,26],"value":"primary"},"expression":{"range":[130,29,130,30],"value":{"type":"integer","integer":2}}}},{"range":[131,19,132,17],"value":{"field":{"range":[131,19,131,24],"value":"right"},"expression":{"range":[131,27,131,28],"value":{"type":"integer","integer":3}}}}]}}}}}}}}}},{"range":[134,9,151,9],"value":{"type":"function","function":{"documentation":null,"signature":null,"declaration":{"range":[134,9,149,33],"value":{"name":{"range":[134,9,134,17],"value":"rowCoord"},"arguments":[{"range":[134,18,134,21],"value":{"type":"var","var":{"value":"pos"}}}],"expression":{"range":[135,13,149,33],"value":{"type":"case","case":{"cases":[{"pattern":{"range":[136,17,136,22],"value":{"type":"named","named":{"qualified":{"moduleName":[],"name":"Above"},"patterns":[]}}},"expression":{"range":[137,25,137,31],"value":{"type":"recordAccess","recordAccess":{"expression":{"range":[137,21,137,25],"value":{"type":"functionOrValue","functionOrValue":{"moduleName":[],"name":"rows"}}},"name":{"range":[137,26,137,31],"value":"above"}}}}},{"pattern":{"range":[139,17,139,22],"value":{"type":"named","named":{"qualified":{"moduleName":[],"name":"Below"},"patterns":[]}}},"expression":{"range":[140,25,140,31],"value":{"type":"recordAccess","recordAccess":{"expression":{"range":[140,21,140,25],"value":{"type":"functionOrValue","functionOrValue":{"moduleName":[],"name":"rows"}}},"name":{"range":[140,26,140,31],"value":"below"}}}}},{"pattern":{"range":[142,17,142,24],"value":{"type":"named","named":{"qualified":{"moduleName":[],"name":"OnRight"},"patterns":[]}}},"expression":{"range":[143,25,143,33],"value":{"type":"recordAccess","recordAccess":{"expression":{"range":[143,21,143,25],"value":{"type":"functionOrValue","functionOrValue":{"moduleName":[],"name":"rows"}}},"name":{"range":[143,26,143,33],"value":"primary"}}}}},{"pattern":{"range":[145,17,145,23],"value":{"type":"named","named":{"qualified":{"moduleName":[],"name":"OnLeft"},"patterns":[]}}},"expression":{"range":[146,25,146,33],"value":{"type":"recordAccess","recordAccess":{"expression":{"range":[146,21,146,25],"value":{"type":"functionOrValue","functionOrValue":{"moduleName":[],"name":"rows"}}},"name":{"range":[146,26,146,33],"value":"primary"}}}}},{"pattern":{"range":[148,17,148,24],"value":{"type":"named","named":{"qualified":{"moduleName":[],"name":"InFront"},"patterns":[]}}},"expression":{"range":[149,25,149,33],"value":{"type":"recordAccess","recordAccess":{"expression":{"range":[149,21,149,25],"value":{"type":"functionOrValue","functionOrValue":{"moduleName":[],"name":"rows"}}},"name":{"range":[149,26,149,33],"value":"primary"}}}}}],"expression":{"range":[135,18,135,21],"value":{"type":"functionOrValue","functionOrValue":{"moduleName":[],"name":"pos"}}}}}}}}}}},{"range":[151,9,168,9],"value":{"type":"function","function":{"documentation":null,"signature":null,"declaration":{"range":[151,9,166,36],"value":{"name":{"range":[151,9,151,17],"value":"colCoord"},"arguments":[{"range":[151,18,151,21],"value":{"type":"var","var":{"value":"pos"}}}],"expression":{"range":[152,13,166,36],"value":{"type":"case","case":{"cases":[{"pattern":{"range":[153,17,153,22],"value":{"type":"named","named":{"qualified":{"moduleName":[],"name":"Above"},"patterns":[]}}},"expression":{"range":[154,28,154,36],"value":{"type":"recordAccess","recordAccess":{"expression":{"range":[154,21,154,28],"value":{"type":"functionOrValue","functionOrValue":{"moduleName":[],"name":"columns"}}},"name":{"range":[154,29,154,36],"value":"primary"}}}}},{"pattern":{"range":[156,17,156,22],"value":{"type":"named","named":{"qualified":{"moduleName":[],"name":"Below"},"patterns":[]}}},"expression":{"range":[157,28,157,36],"value":{"type":"recordAccess","recordAccess":{"expression":{"range":[157,21,157,28],"value":{"type":"functionOrValue","functionOrValue":{"moduleName":[],"name":"columns"}}},"name":{"range":[157,29,157,36],"value":"primary"}}}}},{"pattern":{"range":[159,17,159,24],"value":{"type":"named","named":{"qualified":{"moduleName":[],"name":"OnRight"},"patterns":[]}}},"expression":{"range":[160,28,160,34],"value":{"type":"recordAccess","recordAccess":{"expression":{"range":[160,21,160,28],"value":{"type":"functionOrValue","functionOrValue":{"moduleName":[],"name":"columns"}}},"name":{"range":[160,29,160,34],"value":"right"}}}}},{"pattern":{"range":[162,17,162,23],"value":{"type":"named","named":{"qualified":{"moduleName":[],"name":"OnLeft"},"patterns":[]}}},"expression":{"range":[163,28,163,33],"value":{"type":"recordAccess","recordAccess":{"expression":{"range":[163,21,163,28],"value":{"type":"functionOrValue","functionOrValue":{"moduleName":[],"name":"columns"}}},"name":{"range":[163,29,163,33],"value":"left"}}}}},{"pattern":{"range":[165,17,165,24],"value":{"type":"named","named":{"qualified":{"moduleName":[],"name":"InFront"},"patterns":[]}}},"expression":{"range":[166,28,166,36],"value":{"type":"recordAccess","recordAccess":{"expression":{"range":[166,21,166,28],"value":{"type":"functionOrValue","functionOrValue":{"moduleName":[],"name":"columns"}}},"name":{"range":[166,29,166,36],"value":"primary"}}}}}],"expression":{"range":[152,18,152,21],"value":{"type":"functionOrValue","functionOrValue":{"moduleName":[],"name":"pos"}}}}}}}}}}},{"range":[168,9,170,5],"value":{"type":"function","function":{"documentation":null,"signature":null,"declaration":{"range":[168,9,169,69],"value":{"name":{"range":[168,9,168,14],"value":"place"},"arguments":[{"range":[168,15,168,18],"value":{"type":"var","var":{"value":"pos"}}},{"range":[168,19,168,21],"value":{"type":"var","var":{"value":"el"}}}],"expression":{"range":[169,13,169,69],"value":{"type":"application","application":[{"range":[169,13,169,18],"value":{"type":"functionOrValue","functionOrValue":{"moduleName":[],"name":"build"}}},{"range":[169,19,169,33],"value":{"type":"parenthesized","parenthesized":{"range":[169,20,169,32],"value":{"type":"application","application":[{"range":[169,20,169,28],"value":{"type":"functionOrValue","functionOrValue":{"moduleName":[],"name":"rowCoord"}}},{"range":[169,29,169,32],"value":{"type":"functionOrValue","functionOrValue":{"moduleName":[],"name":"pos"}}}]}}}},{"range":[169,34,169,48],"value":{"type":"parenthesized","parenthesized":{"range":[169,35,169,47],"value":{"type":"application","application":[{"range":[169,35,169,43],"value":{"type":"functionOrValue","functionOrValue":{"moduleName":[],"name":"colCoord"}}},{"range":[169,44,169,47],"value":{"type":"functionOrValue","functionOrValue":{"moduleName":[],"name":"pos"}}}]}}}},{"range":[169,49,169,57],"value":{"type":"functionOrValue","functionOrValue":{"moduleName":[],"name":"spacingX"}}},{"range":[169,58,169,66],"value":{"type":"functionOrValue","functionOrValue":{"moduleName":[],"name":"spacingY"}}},{"range":[169,67,169,69],"value":{"type":"functionOrValue","functionOrValue":{"moduleName":[],"name":"el"}}}]}}}}}}}],"expression":{"range":[171,5,213,6],"value":{"type":"tupled","tupled":[{"range":[171,7,188,8],"value":{"type":"list","list":[{"range":[171,9,187,14],"value":{"type":"application","application":[{"range":[171,9,171,28],"value":{"type":"functionOrValue","functionOrValue":{"moduleName":["Internal"],"name":"StyleClass"}}},{"range":[171,29,171,46],"value":{"type":"functionOrValue","functionOrValue":{"moduleName":["Flag"],"name":"gridTemplate"}}},{"range":[172,13,187,14],"value":{"type":"parenthesized","parenthesized":{"range":[172,14,186,18],"value":{"type":"application","application":[{"range":[172,14,172,40],"value":{"type":"functionOrValue","functionOrValue":{"moduleName":["Internal"],"name":"GridTemplateStyle"}}},{"range":[173,17,186,18],"value":{"type":"record","record":[{"range":[173,19,173,75],"value":{"field":{"range":[173,19,173,26],"value":"spacing"},"expression":{"range":[173,29,173,75],"value":{"type":"tupled","tupled":[{"range":[173,31,173,51],"value":{"type":"application","application":[{"range":[173,31,173,42],"value":{"type":"functionOrValue","functionOrValue":{"moduleName":["Internal"],"name":"Px"}}},{"range":[173,43,173,51],"value":{"type":"functionOrValue","functionOrValue":{"moduleName":[],"name":"spacingX"}}}]}},{"range":[173,53,173,73],"value":{"type":"application","application":[{"range":[173,53,173,64],"value":{"type":"functionOrValue","functionOrValue":{"moduleName":["Internal"],"name":"Px"}}},{"range":[173,65,173,73],"value":{"type":"functionOrValue","functionOrValue":{"moduleName":[],"name":"spacingY"}}}]}}]}}}},{"range":[174,19,185,17],"value":{"field":{"range":[174,19,174,26],"value":"columns"},"expression":{"range":[175,21,184,26],"value":{"type":"application","application":[{"range":[175,21,175,35],"value":{"type":"functionOrValue","functionOrValue":{"moduleName":["List"],"name":"filterMap"}}},{"range":[175,36,175,44],"value":{"type":"functionOrValue","functionOrValue":{"moduleName":[],"name":"identity"}}},{"range":[176,25,184,26],"value":{"type":"list","list":[{"range":[176,33,177,108],"value":{"type":"application","application":[{"range":[176,33,176,38],"value":{"type":"recordAccess","recordAccess":{"expression":{"range":[176,27,176,33],"value":{"type":"functionOrValue","functionOrValue":{"moduleName":[],"name":"nearby"}}},"name":{"range":[176,34,176,38],"value":"left"}}}},{"range":[177,29,177,31],"value":{"type":"operator","operator":"|>"}},{"range":[177,32,177,41],"value":{"type":"functionOrValue","functionOrValue":{"moduleName":["Maybe"],"name":"map"}}},{"range":[177,42,177,108],"value":{"type":"parenthesized","parenthesized":{"range":[177,43,177,107],"value":{"type":"lambda","lambda":{"patterns":[{"range":[177,44,177,46],"value":{"type":"var","var":{"value":"el"}}}],"expression":{"range":[177,50,177,107],"value":{"type":"application","application":[{"range":[177,50,177,67],"value":{"type":"functionOrValue","functionOrValue":{"moduleName":["Maybe"],"name":"withDefault"}}},{"range":[177,74,177,87],"value":{"type":"recordAccess","recordAccess":{"expression":{"range":[177,68,177,74],"value":{"type":"functionOrValue","functionOrValue":{"moduleName":[],"name":"nearby"}}},"name":{"range":[177,75,177,87],"value":"defaultWidth"}}}},{"range":[177,88,177,107],"value":{"type":"parenthesized","parenthesized":{"range":[177,89,177,106],"value":{"type":"application","application":[{"range":[177,89,177,97],"value":{"type":"functionOrValue","functionOrValue":{"moduleName":[],"name":"getWidth"}}},{"range":[177,100,177,106],"value":{"type":"recordAccess","recordAccess":{"expression":{"range":[177,98,177,100],"value":{"type":"functionOrValue","functionOrValue":{"moduleName":[],"name":"el"}}},"name":{"range":[177,101,177,106],"value":"attrs"}}}}]}}}}]}}}}}}}]}},{"range":[178,33,181,36],"value":{"type":"application","application":[{"range":[178,33,178,41],"value":{"type":"recordAccess","recordAccess":{"expression":{"range":[178,27,178,33],"value":{"type":"functionOrValue","functionOrValue":{"moduleName":[],"name":"nearby"}}},"name":{"range":[178,34,178,41],"value":"primary"}}}},{"range":[179,29,179,31],"value":{"type":"operator","operator":"|>"}},{"range":[179,32,179,72],"value":{"type":"parenthesized","parenthesized":{"range":[179,33,179,71],"value":{"type":"lambda","lambda":{"patterns":[{"range":[179,34,179,53],"value":{"type":"tuple","tuple":{"value":[{"range":[179,36,179,40],"value":{"type":"var","var":{"value":"node"}}},{"range":[179,42,179,47],"value":{"type":"var","var":{"value":"attrs"}}},{"range":[179,49,179,51],"value":{"type":"var","var":{"value":"el"}}}]}}}],"expression":{"range":[179,57,179,71],"value":{"type":"application","application":[{"range":[179,57,179,65],"value":{"type":"functionOrValue","functionOrValue":{"moduleName":[],"name":"getWidth"}}},{"range":[179,66,179,71],"value":{"type":"functionOrValue","functionOrValue":{"moduleName":[],"name":"attrs"}}}]}}}}}}},{"range":[180,29,180,31],"value":{"type":"operator","operator":"|>"}},{"range":[180,32,180,49],"value":{"type":"functionOrValue","functionOrValue":{"moduleName":["Maybe"],"name":"withDefault"}}},{"range":[180,56,180,69],"value":{"type":"recordAccess","recordAccess":{"expression":{"range":[180,50,180,56],"value":{"type":"functionOrValue","functionOrValue":{"moduleName":[],"name":"nearby"}}},"name":{"range":[180,57,180,69],"value":"defaultWidth"}}}},{"range":[181,29,181,31],"value":{"type":"operator","operator":"|>"}},{"range":[181,32,181,36],"value":{"type":"functionOrValue","functionOrValue":{"moduleName":[],"name":"Just"}}}]}},{"range":[182,33,183,108],"value":{"type":"application","application":[{"range":[182,33,182,39],"value":{"type":"recordAccess","recordAccess":{"expression":{"range":[182,27,182,33],"value":{"type":"functionOrValue","functionOrValue":{"moduleName":[],"name":"nearby"}}},"name":{"range":[182,34,182,39],"value":"right"}}}},{"range":[183,29,183,31],"value":{"type":"operator","operator":"|>"}},{"range":[183,32,183,41],"value":{"type":"functionOrValue","functionOrValue":{"moduleName":["Maybe"],"name":"map"}}},{"range":[183,42,183,108],"value":{"type":"parenthesized","parenthesized":{"range":[183,43,183,107],"value":{"type":"lambda","lambda":{"patterns":[{"range":[183,44,183,46],"value":{"type":"var","var":{"value":"el"}}}],"expression":{"range":[183,50,183,107],"value":{"type":"application","application":[{"range":[183,50,183,67],"value":{"type":"functionOrValue","functionOrValue":{"moduleName":["Maybe"],"name":"withDefault"}}},{"range":[183,74,183,87],"value":{"type":"recordAccess","recordAccess":{"expression":{"range":[183,68,183,74],"value":{"type":"functionOrValue","functionOrValue":{"moduleName":[],"name":"nearby"}}},"name":{"range":[183,75,183,87],"value":"defaultWidth"}}}},{"range":[183,88,183,107],"value":{"type":"parenthesized","parenthesized":{"range":[183,89,183,106],"value":{"type":"application","application":[{"range":[183,89,183,97],"value":{"type":"functionOrValue","functionOrValue":{"moduleName":[],"name":"getWidth"}}},{"range":[183,100,183,106],"value":{"type":"recordAccess","recordAccess":{"expression":{"range":[183,98,183,100],"value":{"type":"functionOrValue","functionOrValue":{"moduleName":[],"name":"el"}}},"name":{"range":[183,101,183,106],"value":"attrs"}}}}]}}}}]}}}}}}}]}}]}}]}}}},{"range":[185,19,186,17],"value":{"field":{"range":[185,19,185,23],"value":"rows"},"expression":{"range":[185,26,185,84],"value":{"type":"application","application":[{"range":[185,26,185,34],"value":{"type":"functionOrValue","functionOrValue":{"moduleName":["List"],"name":"map"}}},{"range":[185,35,185,60],"value":{"type":"parenthesized","parenthesized":{"range":[185,36,185,59],"value":{"type":"application","application":[{"range":[185,36,185,42],"value":{"type":"functionOrValue","functionOrValue":{"moduleName":[],"name":"always"}}},{"range":[185,43,185,59],"value":{"type":"functionOrValue","functionOrValue":{"moduleName":["Internal"],"name":"Content"}}}]}}}},{"range":[185,61,185,84],"value":{"type":"parenthesized","parenthesized":{"range":[185,62,185,83],"value":{"type":"application","application":[{"range":[185,62,185,72],"value":{"type":"functionOrValue","functionOrValue":{"moduleName":["List"],"name":"range"}}},{"range":[185,73,185,74],"value":{"type":"integer","integer":1}},{"range":[185,75,185,83],"value":{"type":"functionOrValue","functionOrValue":{"moduleName":[],"name":"rowCount"}}}]}}}}]}}}}]}}]}}}}]}}]}},{"range":[189,7,212,10],"value":{"type":"application","application":[{"range":[189,7,189,21],"value":{"type":"functionOrValue","functionOrValue":{"moduleName":["List"],"name":"filterMap"}}},{"range":[189,22,189,30],"value":{"type":"functionOrValue","functionOrValue":{"moduleName":[],"name":"identity"}}},{"range":[190,9,212,10],"value":{"type":"list","list":[{"range":[190,11,206,59],"value":{"type":"application","application":[{"range":[190,11,190,15],"value":{"type":"functionOrValue","functionOrValue":{"moduleName":[],"name":"Just"}}},{"range":[190,16,190,18],"value":{"type":"operator","operator":"<|"}},{"range":[191,13,206,59],"value":{"type":"case","case":{"cases":[{"pattern":{"range":[192,17,192,63],"value":{"type":"tuple","tuple":{"value":[{"range":[192,19,192,30],"value":{"type":"var","var":{"value":"primaryNode"}}},{"range":[192,32,192,44],"value":{"type":"var","var":{"value":"primaryAttrs"}}},{"range":[192,46,192,61],"value":{"type":"var","var":{"value":"primaryChildren"}}}]}}},"expression":{"range":[193,21,206,59],"value":{"type":"application","application":[{"range":[193,21,193,37],"value":{"type":"functionOrValue","functionOrValue":{"moduleName":["Internal"],"name":"element"}}},{"range":[193,38,193,59],"value":{"type":"functionOrValue","functionOrValue":{"moduleName":["Internal"],"name":"noStyleSheet"}}},{"range":[194,25,194,38],"value":{"type":"functionOrValue","functionOrValue":{"moduleName":["Internal"],"name":"asEl"}}},{"range":[195,25,195,36],"value":{"type":"functionOrValue","functionOrValue":{"moduleName":[],"name":"primaryNode"}}},{"range":[196,25,205,26],"value":{"type":"parenthesized","parenthesized":{"range":[196,26,204,44],"value":{"type":"application","application":[{"range":[196,26,196,45],"value":{"type":"functionOrValue","functionOrValue":{"moduleName":["Internal"],"name":"StyleClass"}}},{"range":[196,46,196,63],"value":{"type":"functionOrValue","functionOrValue":{"moduleName":["Flag"],"name":"gridPosition"}}},{"range":[197,29,203,30],"value":{"type":"parenthesized","parenthesized":{"range":[197,30,202,34],"value":{"type":"application","application":[{"range":[197,30,197,51],"value":{"type":"functionOrValue","functionOrValue":{"moduleName":["Internal"],"name":"GridPosition"}}},{"range":[198,33,202,34],"value":{"type":"record","record":[{"range":[198,35,198,53],"value":{"field":{"range":[198,35,198,38],"value":"row"},"expression":{"range":[198,45,198,53],"value":{"type":"recordAccess","recordAccess":{"expression":{"range":[198,41,198,45],"value":{"type":"functionOrValue","functionOrValue":{"moduleName":[],"name":"rows"}}},"name":{"range":[198,46,198,53],"value":"primary"}}}}}},{"range":[199,35,200,33],"value":{"field":{"range":[199,35,199,38],"value":"col"},"expression":{"range":[199,48,199,56],"value":{"type":"recordAccess","recordAccess":{"expression":{"range":[199,41,199,48],"value":{"type":"functionOrValue","functionOrValue":{"moduleName":[],"name":"columns"}}},"name":{"range":[199,49,199,56],"value":"primary"}}}}}},{"range":[200,35,201,33],"value":{"field":{"range":[200,35,200,40],"value":"width"},"expression":{"range":[200,43,200,44],"value":{"type":"integer","integer":1}}}},{"range":[201,35,202,33],"value":{"field":{"range":[201,35,201,41],"value":"height"},"expression":{"range":[201,44,201,45],"value":{"type":"integer","integer":1}}}}]}}]}}}},{"range":[204,29,204,31],"value":{"type":"operator","operator":"::"}},{"range":[204,32,204,44],"value":{"type":"functionOrValue","functionOrValue":{"moduleName":[],"name":"primaryAttrs"}}}]}}}},{"range":[206,25,206,59],"value":{"type":"parenthesized","parenthesized":{"range":[206,26,206,58],"value":{"type":"application","application":[{"range":[206,26,206,42],"value":{"type":"functionOrValue","functionOrValue":{"moduleName":["Internal"],"name":"Unkeyed"}}},{"range":[206,43,206,58],"value":{"type":"functionOrValue","functionOrValue":{"moduleName":[],"name":"primaryChildren"}}}]}}}}]}}}],"expression":{"range":[191,24,191,32],"value":{"type":"recordAccess","recordAccess":{"expression":{"range":[191,18,191,24],"value":{"type":"functionOrValue","functionOrValue":{"moduleName":[],"name":"nearby"}}},"name":{"range":[191,25,191,32],"value":"primary"}}}}}}}]}},{"range":[207,11,207,47],"value":{"type":"application","application":[{"range":[207,11,207,20],"value":{"type":"functionOrValue","functionOrValue":{"moduleName":["Maybe"],"name":"map"}}},{"range":[207,21,207,35],"value":{"type":"parenthesized","parenthesized":{"range":[207,22,207,34],"value":{"type":"application","application":[{"range":[207,22,207,27],"value":{"type":"functionOrValue","functionOrValue":{"moduleName":[],"name":"place"}}},{"range":[207,28,207,34],"value":{"type":"functionOrValue","functionOrValue":{"moduleName":[],"name":"OnLeft"}}}]}}}},{"range":[207,42,207,47],"value":{"type":"recordAccess","recordAccess":{"expression":{"range":[207,36,207,42],"value":{"type":"functionOrValue","functionOrValue":{"moduleName":[],"name":"nearby"}}},"name":{"range":[207,43,207,47],"value":"left"}}}}]}},{"range":[208,11,208,49],"value":{"type":"application","application":[{"range":[208,11,208,20],"value":{"type":"functionOrValue","functionOrValue":{"moduleName":["Maybe"],"name":"map"}}},{"range":[208,21,208,36],"value":{"type":"parenthesized","parenthesized":{"range":[208,22,208,35],"value":{"type":"application","application":[{"range":[208,22,208,27],"value":{"type":"functionOrValue","functionOrValue":{"moduleName":[],"name":"place"}}},{"range":[208,28,208,35],"value":{"type":"functionOrValue","functionOrValue":{"moduleName":[],"name":"OnRight"}}}]}}}},{"range":[208,43,208,49],"value":{"type":"recordAccess","recordAccess":{"expression":{"range":[208,37,208,43],"value":{"type":"functionOrValue","functionOrValue":{"moduleName":[],"name":"nearby"}}},"name":{"range":[208,44,208,49],"value":"right"}}}}]}},{"range":[209,11,209,47],"value":{"type":"application","application":[{"range":[209,11,209,20],"value":{"type":"functionOrValue","functionOrValue":{"moduleName":["Maybe"],"name":"map"}}},{"range":[209,21,209,34],"value":{"type":"parenthesized","parenthesized":{"range":[209,22,209,33],"value":{"type":"application","application":[{"range":[209,22,209,27],"value":{"type":"functionOrValue","functionOrValue":{"moduleName":[],"name":"place"}}},{"range":[209,28,209,33],"value":{"type":"functionOrValue","functionOrValue":{"moduleName":[],"name":"Above"}}}]}}}},{"range":[209,41,209,47],"value":{"type":"recordAccess","recordAccess":{"expression":{"range":[209,35,209,41],"value":{"type":"functionOrValue","functionOrValue":{"moduleName":[],"name":"nearby"}}},"name":{"range":[209,42,209,47],"value":"above"}}}}]}},{"range":[210,11,210,47],"value":{"type":"application","application":[{"range":[210,11,210,20],"value":{"type":"functionOrValue","functionOrValue":{"moduleName":["Maybe"],"name":"map"}}},{"range":[210,21,210,34],"value":{"type":"parenthesized","parenthesized":{"range":[210,22,210,33],"value":{"type":"application","application":[{"range":[210,22,210,27],"value":{"type":"functionOrValue","functionOrValue":{"moduleName":[],"name":"place"}}},{"range":[210,28,210,33],"value":{"type":"functionOrValue","functionOrValue":{"moduleName":[],"name":"Below"}}}]}}}},{"range":[210,41,210,47],"value":{"type":"recordAccess","recordAccess":{"expression":{"range":[210,35,210,41],"value":{"type":"functionOrValue","functionOrValue":{"moduleName":[],"name":"nearby"}}},"name":{"range":[210,42,210,47],"value":"below"}}}}]}},{"range":[211,11,211,51],"value":{"type":"application","application":[{"range":[211,11,211,20],"value":{"type":"functionOrValue","functionOrValue":{"moduleName":["Maybe"],"name":"map"}}},{"range":[211,21,211,36],"value":{"type":"parenthesized","parenthesized":{"range":[211,22,211,35],"value":{"type":"application","application":[{"range":[211,22,211,27],"value":{"type":"functionOrValue","functionOrValue":{"moduleName":[],"name":"place"}}},{"range":[211,28,211,35],"value":{"type":"functionOrValue","functionOrValue":{"moduleName":[],"name":"InFront"}}}]}}}},{"range":[211,43,211,51],"value":{"type":"recordAccess","recordAccess":{"expression":{"range":[211,37,211,43],"value":{"type":"functionOrValue","functionOrValue":{"moduleName":[],"name":"nearby"}}},"name":{"range":[211,44,211,51],"value":"inFront"}}}}]}}]}}]}}]}}}}}}}}}},{"range":[216,1,254,1],"value":{"type":"function","function":{"documentation":null,"signature":{"range":[216,1,216,197],"value":{"name":{"range":[216,1,216,6],"value":"build"},"typeAnnotation":{"range":[216,9,216,197],"value":{"type":"function","function":{"left":{"range":[216,9,216,12],"value":{"type":"typed","typed":{"moduleNameAndName":{"range":[216,9,216,12],"value":{"moduleName":[],"name":"Int"}},"args":[]}}},"right":{"range":[216,16,216,197],"value":{"type":"function","function":{"left":{"range":[216,16,216,19],"value":{"type":"typed","typed":{"moduleNameAndName":{"range":[216,16,216,19],"value":{"moduleName":[],"name":"Int"}},"args":[]}}},"right":{"range":[216,23,216,197],"value":{"type":"function","function":{"left":{"range":[216,23,216,26],"value":{"type":"typed","typed":{"moduleNameAndName":{"range":[216,23,216,26],"value":{"moduleName":[],"name":"Int"}},"args":[]}}},"right":{"range":[216,30,216,197],"value":{"type":"function","function":{"left":{"range":[216,30,216,33],"value":{"type":"typed","typed":{"moduleNameAndName":{"range":[216,30,216,33],"value":{"moduleName":[],"name":"Int"}},"args":[]}}},"right":{"range":[216,37,216,197],"value":{"type":"function","function":{"left":{"range":[216,37,216,173],"value":{"type":"genericRecord","genericRecord":{"name":{"range":[216,39,216,40],"value":"a"},"values":{"range":[216,42,216,172],"value":[{"range":[216,43,216,90],"value":{"name":{"range":[216,43,216,48],"value":"attrs"},"typeAnnotation":{"range":[216,51,216,90],"value":{"type":"typed","typed":{"moduleNameAndName":{"range":[216,51,216,55],"value":{"moduleName":[],"name":"List"}},"args":[{"range":[216,56,216,90],"value":{"type":"typed","typed":{"moduleNameAndName":{"range":[216,57,216,75],"value":{"moduleName":["Internal"],"name":"Attribute"}},"args":[{"range":[216,76,216,85],"value":{"type":"generic","generic":{"value":"alignment"}}},{"range":[216,86,216,89],"value":{"type":"generic","generic":{"value":"msg"}}}]}}}]}}}}},{"range":[216,92,216,104],"value":{"name":{"range":[216,92,216,98],"value":"height"},"typeAnnotation":{"range":[216,101,216,104],"value":{"type":"typed","typed":{"moduleNameAndName":{"range":[216,101,216,104],"value":{"moduleName":[],"name":"Int"}},"args":[]}}}}},{"range":[216,106,216,121],"value":{"name":{"range":[216,106,216,112],"value":"layout"},"typeAnnotation":{"range":[216,115,216,121],"value":{"type":"typed","typed":{"moduleNameAndName":{"range":[216,115,216,121],"value":{"moduleName":[],"name":"Layout"}},"args":[]}}}}},{"range":[216,123,216,134],"value":{"name":{"range":[216,123,216,128],"value":"width"},"typeAnnotation":{"range":[216,131,216,134],"value":{"type":"typed","typed":{"moduleNameAndName":{"range":[216,131,216,134],"value":{"moduleName":[],"name":"Int"}},"args":[]}}}}},{"range":[216,136,216,172],"value":{"name":{"range":[216,136,216,141],"value":"child"},"typeAnnotation":{"range":[216,144,216,171],"value":{"type":"typed","typed":{"moduleNameAndName":{"range":[216,144,216,148],"value":{"moduleName":[],"name":"List"}},"args":[{"range":[216,149,216,171],"value":{"type":"typed","typed":{"moduleNameAndName":{"range":[216,150,216,166],"value":{"moduleName":["Internal"],"name":"Element"}},"args":[{"range":[216,167,216,170],"value":{"type":"generic","generic":{"value":"msg"}}}]}}}]}}}}}]}}}},"right":{"range":[216,177,216,197],"value":{"type":"typed","typed":{"moduleNameAndName":{"range":[216,177,216,193],"value":{"moduleName":["Internal"],"name":"Element"}},"args":[{"range":[216,194,216,197],"value":{"type":"generic","generic":{"value":"msg"}}}]}}}}}}}}}}}}}}}}}}}},"declaration":{"range":[217,1,254,1],"value":{"name":{"range":[217,1,217,6],"value":"build"},"arguments":[{"range":[217,7,217,15],"value":{"type":"var","var":{"value":"rowCoord"}}},{"range":[217,16,217,24],"value":{"type":"var","var":{"value":"colCoord"}}},{"range":[217,25,217,33],"value":{"type":"var","var":{"value":"spacingX"}}},{"range":[217,34,217,42],"value":{"type":"var","var":{"value":"spacingY"}}},{"range":[217,43,217,53],"value":{"type":"var","var":{"value":"positioned"}}}],"expression":{"range":[218,5,254,1],"value":{"type":"let","let":{"declarations":[{"range":[219,9,230,5],"value":{"type":"function","function":{"documentation":null,"signature":null,"declaration":{"range":[219,9,229,36],"value":{"name":{"range":[219,9,219,19],"value":"attributes"},"arguments":[],"expression":{"range":[220,13,229,36],"value":{"type":"application","application":[{"range":[220,13,220,32],"value":{"type":"functionOrValue","functionOrValue":{"moduleName":["Internal"],"name":"StyleClass"}}},{"range":[220,33,220,50],"value":{"type":"functionOrValue","functionOrValue":{"moduleName":["Flag"],"name":"gridPosition"}}},{"range":[221,17,227,18],"value":{"type":"parenthesized","parenthesized":{"range":[221,18,226,22],"value":{"type":"application","application":[{"range":[221,18,221,39],"value":{"type":"functionOrValue","functionOrValue":{"moduleName":["Internal"],"name":"GridPosition"}}},{"range":[222,21,226,22],"value":{"type":"record","record":[{"range":[222,23,222,37],"value":{"field":{"range":[222,23,222,26],"value":"row"},"expression":{"range":[222,29,222,37],"value":{"type":"functionOrValue","functionOrValue":{"moduleName":[],"name":"rowCoord"}}}}},{"range":[223,23,224,21],"value":{"field":{"range":[223,23,223,26],"value":"col"},"expression":{"range":[223,29,223,37],"value":{"type":"functionOrValue","functionOrValue":{"moduleName":[],"name":"colCoord"}}}}},{"range":[224,23,225,21],"value":{"field":{"range":[224,23,224,28],"value":"width"},"expression":{"range":[224,41,224,47],"value":{"type":"recordAccess","recordAccess":{"expression":{"range":[224,31,224,41],"value":{"type":"functionOrValue","functionOrValue":{"moduleName":[],"name":"positioned"}}},"name":{"range":[224,42,224,47],"value":"width"}}}}}},{"range":[225,23,226,21],"value":{"field":{"range":[225,23,225,29],"value":"height"},"expression":{"range":[225,42,225,49],"value":{"type":"recordAccess","recordAccess":{"expression":{"range":[225,32,225,42],"value":{"type":"functionOrValue","functionOrValue":{"moduleName":[],"name":"positioned"}}},"name":{"range":[225,43,225,49],"value":"height"}}}}}}]}}]}}}},{"range":[228,17,228,19],"value":{"type":"operator","operator":"::"}},{"range":[228,20,228,39],"value":{"type":"functionOrValue","functionOrValue":{"moduleName":["Internal"],"name":"StyleClass"}}},{"range":[228,40,228,52],"value":{"type":"functionOrValue","functionOrValue":{"moduleName":["Flag"],"name":"spacing"}}},{"range":[228,53,228,94],"value":{"type":"parenthesized","parenthesized":{"range":[228,54,228,93],"value":{"type":"application","application":[{"range":[228,54,228,75],"value":{"type":"functionOrValue","functionOrValue":{"moduleName":["Internal"],"name":"SpacingStyle"}}},{"range":[228,76,228,84],"value":{"type":"functionOrValue","functionOrValue":{"moduleName":[],"name":"spacingX"}}},{"range":[228,85,228,93],"value":{"type":"functionOrValue","functionOrValue":{"moduleName":[],"name":"spacingY"}}}]}}}},{"range":[229,17,229,19],"value":{"type":"operator","operator":"::"}},{"range":[229,30,229,36],"value":{"type":"recordAccess","recordAccess":{"expression":{"range":[229,20,229,30],"value":{"type":"functionOrValue","functionOrValue":{"moduleName":[],"name":"positioned"}}},"name":{"range":[229,31,229,36],"value":"attrs"}}}}]}}}}}}}],"expression":{"range":[231,5,251,52],"value":{"type":"case","case":{"cases":[{"pattern":{"range":[232,9,232,20],"value":{"type":"named","named":{"qualified":{"moduleName":[],"name":"GridElement"},"patterns":[]}}},"expression":{"range":[233,13,237,55],"value":{"type":"application","application":[{"range":[233,13,233,29],"value":{"type":"functionOrValue","functionOrValue":{"moduleName":["Internal"],"name":"element"}}},{"range":[233,30,233,51],"value":{"type":"functionOrValue","functionOrValue":{"moduleName":["Internal"],"name":"noStyleSheet"}}},{"range":[234,17,234,30],"value":{"type":"functionOrValue","functionOrValue":{"moduleName":["Internal"],"name":"asEl"}}},{"range":[235,17,235,24],"value":{"type":"functionOrValue","functionOrValue":{"moduleName":[],"name":"Nothing"}}},{"range":[236,17,236,27],"value":{"type":"functionOrValue","functionOrValue":{"moduleName":[],"name":"attributes"}}},{"range":[237,17,237,55],"value":{"type":"parenthesized","parenthesized":{"range":[237,18,237,54],"value":{"type":"application","application":[{"range":[237,18,237,34],"value":{"type":"functionOrValue","functionOrValue":{"moduleName":["Internal"],"name":"Unkeyed"}}},{"range":[237,35,237,37],"value":{"type":"operator","operator":"<|"}},{"range":[237,48,237,54],"value":{"type":"recordAccess","recordAccess":{"expression":{"range":[237,38,237,48],"value":{"type":"functionOrValue","functionOrValue":{"moduleName":[],"name":"positioned"}}},"name":{"range":[237,49,237,54],"value":"child"}}}}]}}}}]}}},{"pattern":{"range":[239,9,239,12],"value":{"type":"named","named":{"qualified":{"moduleName":[],"name":"Row"},"patterns":[]}}},"expression":{"range":[240,13,244,52],"value":{"type":"application","application":[{"range":[240,13,240,29],"value":{"type":"functionOrValue","functionOrValue":{"moduleName":["Internal"],"name":"element"}}},{"range":[240,30,240,51],"value":{"type":"functionOrValue","functionOrValue":{"moduleName":["Internal"],"name":"noStyleSheet"}}},{"range":[241,17,241,31],"value":{"type":"functionOrValue","functionOrValue":{"moduleName":["Internal"],"name":"asRow"}}},{"range":[242,17,242,24],"value":{"type":"functionOrValue","functionOrValue":{"moduleName":[],"name":"Nothing"}}},{"range":[243,17,243,27],"value":{"type":"functionOrValue","functionOrValue":{"moduleName":[],"name":"attributes"}}},{"range":[244,17,244,52],"value":{"type":"parenthesized","parenthesized":{"range":[244,18,244,51],"value":{"type":"application","application":[{"range":[244,18,244,34],"value":{"type":"functionOrValue","functionOrValue":{"moduleName":["Internal"],"name":"Unkeyed"}}},{"range":[244,45,244,51],"value":{"type":"recordAccess","recordAccess":{"expression":{"range":[244,35,244,45],"value":{"type":"functionOrValue","functionOrValue":{"moduleName":[],"name":"positioned"}}},"name":{"range":[244,46,244,51],"value":"child"}}}}]}}}}]}}},{"pattern":{"range":[246,9,246,15],"value":{"type":"named","named":{"qualified":{"moduleName":[],"name":"Column"},"patterns":[]}}},"expression":{"range":[247,13,251,52],"value":{"type":"application","application":[{"range":[247,13,247,29],"value":{"type":"functionOrValue","functionOrValue":{"moduleName":["Internal"],"name":"element"}}},{"range":[247,30,247,51],"value":{"type":"functionOrValue","functionOrValue":{"moduleName":["Internal"],"name":"noStyleSheet"}}},{"range":[248,17,248,34],"value":{"type":"functionOrValue","functionOrValue":{"moduleName":["Internal"],"name":"asColumn"}}},{"range":[249,17,249,24],"value":{"type":"functionOrValue","functionOrValue":{"moduleName":[],"name":"Nothing"}}},{"range":[250,17,250,27],"value":{"type":"functionOrValue","functionOrValue":{"moduleName":[],"name":"attributes"}}},{"range":[251,17,251,52],"value":{"type":"parenthesized","parenthesized":{"range":[251,18,251,51],"value":{"type":"application","application":[{"range":[251,18,251,34],"value":{"type":"functionOrValue","functionOrValue":{"moduleName":["Internal"],"name":"Unkeyed"}}},{"range":[251,45,251,51],"value":{"type":"recordAccess","recordAccess":{"expression":{"range":[251,35,251,45],"value":{"type":"functionOrValue","functionOrValue":{"moduleName":[],"name":"positioned"}}},"name":{"range":[251,46,251,51],"value":"child"}}}}]}}}}]}}}],"expression":{"range":[231,20,231,27],"value":{"type":"recordAccess","recordAccess":{"expression":{"range":[231,10,231,20],"value":{"type":"functionOrValue","functionOrValue":{"moduleName":[],"name":"positioned"}}},"name":{"range":[231,21,231,27],"value":"layout"}}}}}}}}}}}}}}},{"range":[254,1,272,1],"value":{"type":"function","function":{"documentation":null,"signature":{"range":[254,1,254,72],"value":{"name":{"range":[254,1,254,9],"value":"getWidth"},"typeAnnotation":{"range":[254,12,254,72],"value":{"type":"function","function":{"left":{"range":[254,12,254,47],"value":{"type":"typed","typed":{"moduleNameAndName":{"range":[254,12,254,16],"value":{"moduleName":[],"name":"List"}},"args":[{"range":[254,17,254,47],"value":{"type":"typed","typed":{"moduleNameAndName":{"range":[254,18,254,36],"value":{"moduleName":["Internal"],"name":"Attribute"}},"args":[{"range":[254,37,254,42],"value":{"type":"generic","generic":{"value":"align"}}},{"range":[254,43,254,46],"value":{"type":"generic","generic":{"value":"msg"}}}]}}}]}}},"right":{"range":[254,51,254,72],"value":{"type":"typed","typed":{"moduleNameAndName":{"range":[254,51,254,56],"value":{"moduleName":[],"name":"Maybe"}},"args":[{"range":[254,57,254,72],"value":{"type":"typed","typed":{"moduleNameAndName":{"range":[254,57,254,72],"value":{"moduleName":["Internal"],"name":"Length"}},"args":[]}}}]}}}}}}}},"declaration":{"range":[255,1,272,1],"value":{"name":{"range":[255,1,255,9],"value":"getWidth"},"arguments":[{"range":[255,10,255,15],"value":{"type":"var","var":{"value":"attrs"}}}],"expression":{"range":[256,5,272,1],"value":{"type":"let","let":{"declarations":[{"range":[257,9,269,5],"value":{"type":"function","function":{"documentation":null,"signature":null,"declaration":{"range":[257,9,268,36],"value":{"name":{"range":[257,9,257,20],"value":"widthPlease"},"arguments":[{"range":[257,21,257,25],"value":{"type":"var","var":{"value":"attr"}}},{"range":[257,26,257,31],"value":{"type":"var","var":{"value":"found"}}}],"expression":{"range":[258,13,268,36],"value":{"type":"case","case":{"cases":[{"pattern":{"range":[259,17,259,23],"value":{"type":"named","named":{"qualified":{"moduleName":[],"name":"Just"},"patterns":[{"range":[259,22,259,23],"value":{"type":"var","var":{"value":"x"}}}]}}},"expression":{"range":[260,21,260,27],"value":{"type":"application","application":[{"range":[260,21,260,25],"value":{"type":"functionOrValue","functionOrValue":{"moduleName":[],"name":"Just"}}},{"range":[260,26,260,27],"value":{"type":"functionOrValue","functionOrValue":{"moduleName":[],"name":"x"}}}]}}},{"pattern":{"range":[262,17,262,24],"value":{"type":"named","named":{"qualified":{"moduleName":[],"name":"Nothing"},"patterns":[]}}},"expression":{"range":[263,21,268,36],"value":{"type":"case","case":{"cases":[{"pattern":{"range":[264,25,264,41],"value":{"type":"named","named":{"qualified":{"moduleName":["Internal"],"name":"Width"},"patterns":[{"range":[264,40,264,41],"value":{"type":"var","var":{"value":"w"}}}]}}},"expression":{"range":[265,29,265,35],"value":{"type":"application","application":[{"range":[265,29,265,33],"value":{"type":"functionOrValue","functionOrValue":{"moduleName":[],"name":"Just"}}},{"range":[265,34,265,35],"value":{"type":"functionOrValue","functionOrValue":{"moduleName":[],"name":"w"}}}]}}},{"pattern":{"range":[267,25,267,26],"value":{"type":"all","all":{}}},"expression":{"range":[268,29,268,36],"value":{"type":"functionOrValue","functionOrValue":{"moduleName":[],"name":"Nothing"}}}}],"expression":{"range":[263,26,263,30],"value":{"type":"functionOrValue","functionOrValue":{"moduleName":[],"name":"attr"}}}}}}}],"expression":{"range":[258,18,258,23],"value":{"type":"functionOrValue","functionOrValue":{"moduleName":[],"name":"found"}}}}}}}}}}}],"expression":{"range":[270,5,270,41],"value":{"type":"application","application":[{"range":[270,5,270,15],"value":{"type":"functionOrValue","functionOrValue":{"moduleName":["List"],"name":"foldr"}}},{"range":[270,16,270,27],"value":{"type":"functionOrValue","functionOrValue":{"moduleName":[],"name":"widthPlease"}}},{"range":[270,28,270,35],"value":{"type":"functionOrValue","functionOrValue":{"moduleName":[],"name":"Nothing"}}},{"range":[270,36,270,41],"value":{"type":"functionOrValue","functionOrValue":{"moduleName":[],"name":"attrs"}}}]}}}}}}}}}}],"comments":[{"range":[33,5,33,40],"value":"-- , primaryWidth : Internal.Length"},{"range":[3,1,7,3],"value":"{-| Relative positioning within a grid.\n\nA relatively positioned grid, means a 3x3 grid with the primary element in the center.\n\n-}"}]}