{"moduleDefinition":{"range":[1,1,10,6],"value":{"type":"normal","normal":{"moduleName":{"range":[1,8,1,20],"value":["Element","Font"]},"exposingList":{"range":[1,21,10,6],"value":{"type":"explicit","explicit":[{"range":[2,7,2,12],"value":{"type":"function","function":{"name":"color"}}},{"range":[2,14,2,18],"value":{"type":"function","function":{"name":"size"}}},{"range":[3,7,3,13],"value":{"type":"function","function":{"name":"family"}}},{"range":[3,15,3,19],"value":{"type":"typeOrAlias","typeOrAlias":{"name":"Font"}}},{"range":[3,21,3,29],"value":{"type":"function","function":{"name":"typeface"}}},{"range":[3,31,3,36],"value":{"type":"function","function":{"name":"serif"}}},{"range":[3,38,3,47],"value":{"type":"function","function":{"name":"sansSerif"}}},{"range":[3,49,3,58],"value":{"type":"function","function":{"name":"monospace"}}},{"range":[4,7,4,15],"value":{"type":"function","function":{"name":"external"}}},{"range":[5,7,5,16],"value":{"type":"function","function":{"name":"alignLeft"}}},{"range":[5,18,5,28],"value":{"type":"function","function":{"name":"alignRight"}}},{"range":[5,30,5,36],"value":{"type":"function","function":{"name":"center"}}},{"range":[5,38,5,45],"value":{"type":"function","function":{"name":"justify"}}},{"range":[5,47,5,60],"value":{"type":"function","function":{"name":"letterSpacing"}}},{"range":[5,62,5,73],"value":{"type":"function","function":{"name":"wordSpacing"}}},{"range":[6,7,6,16],"value":{"type":"function","function":{"name":"underline"}}},{"range":[6,18,6,24],"value":{"type":"function","function":{"name":"strike"}}},{"range":[6,26,6,32],"value":{"type":"function","function":{"name":"italic"}}},{"range":[6,34,6,46],"value":{"type":"function","function":{"name":"unitalicized"}}},{"range":[7,7,7,12],"value":{"type":"function","function":{"name":"heavy"}}},{"range":[7,14,7,23],"value":{"type":"function","function":{"name":"extraBold"}}},{"range":[7,25,7,29],"value":{"type":"function","function":{"name":"bold"}}},{"range":[7,31,7,39],"value":{"type":"function","function":{"name":"semiBold"}}},{"range":[7,41,7,47],"value":{"type":"function","function":{"name":"medium"}}},{"range":[7,49,7,56],"value":{"type":"function","function":{"name":"regular"}}},{"range":[7,58,7,63],"value":{"type":"function","function":{"name":"light"}}},{"range":[7,65,7,75],"value":{"type":"function","function":{"name":"extraLight"}}},{"range":[7,77,7,85],"value":{"type":"function","function":{"name":"hairline"}}},{"range":[8,7,8,14],"value":{"type":"typeOrAlias","typeOrAlias":{"name":"Variant"}}},{"range":[8,16,8,23],"value":{"type":"function","function":{"name":"variant"}}},{"range":[8,25,8,36],"value":{"type":"function","function":{"name":"variantList"}}},{"range":[8,38,8,47],"value":{"type":"function","function":{"name":"smallCaps"}}},{"range":[8,49,8,60],"value":{"type":"function","function":{"name":"slashedZero"}}},{"range":[8,62,8,71],"value":{"type":"function","function":{"name":"ligatures"}}},{"range":[8,73,8,80],"value":{"type":"function","function":{"name":"ordinal"}}},{"range":[8,82,8,96],"value":{"type":"function","function":{"name":"tabularNumbers"}}},{"range":[8,98,8,114],"value":{"type":"function","function":{"name":"stackedFractions"}}},{"range":[8,116,8,133],"value":{"type":"function","function":{"name":"diagonalFractions"}}},{"range":[8,135,8,140],"value":{"type":"function","function":{"name":"swash"}}},{"range":[8,142,8,149],"value":{"type":"function","function":{"name":"feature"}}},{"range":[8,151,8,158],"value":{"type":"function","function":{"name":"indexed"}}},{"range":[9,7,9,11],"value":{"type":"function","function":{"name":"glow"}}},{"range":[9,13,9,19],"value":{"type":"function","function":{"name":"shadow"}}}]}}}}},"imports":[{"range":[68,1,68,49],"value":{"moduleName":{"range":[68,8,68,15],"value":["Element"]},"moduleAlias":null,"exposingList":{"range":[68,16,68,49],"value":{"type":"explicit","explicit":[{"range":[68,26,68,30],"value":{"type":"typeOrAlias","typeOrAlias":{"name":"Attr"}}},{"range":[68,32,68,41],"value":{"type":"typeOrAlias","typeOrAlias":{"name":"Attribute"}}},{"range":[68,43,68,48],"value":{"type":"typeOrAlias","typeOrAlias":{"name":"Color"}}}]}}}},{"range":[69,1,69,29],"value":{"moduleName":{"range":[69,8,69,21],"value":["Internal","Flag"]},"moduleAlias":{"range":[69,25,69,29],"value":["Flag"]},"exposingList":null}},{"range":[70,1,70,34],"value":{"moduleName":{"range":[70,8,70,22],"value":["Internal","Model"]},"moduleAlias":{"range":[70,26,70,34],"value":["Internal"]},"exposingList":null}},{"range":[71,1,71,41],"value":{"moduleName":{"range":[71,8,71,22],"value":["Internal","Style"]},"moduleAlias":null,"exposingList":{"range":[71,23,71,41],"value":{"type":"explicit","explicit":[{"range":[71,33,71,40],"value":{"type":"function","function":{"name":"classes"}}}]}}}}],"declarations":[{"range":[75,1,76,18],"value":{"type":"typeAlias","typeAlias":{"documentation":null,"name":{"range":[75,12,75,16],"value":"Font"},"generics":[],"typeAnnotation":{"range":[76,5,76,18],"value":{"type":"typed","typed":{"moduleNameAndName":{"range":[76,5,76,18],"value":{"moduleName":["Internal"],"name":"Font"}},"args":[]}}}}}},{"range":[80,1,88,10],"value":{"type":"function","function":{"documentation":null,"signature":{"range":[80,1,80,37],"value":{"name":{"range":[80,1,80,6],"value":"color"},"typeAnnotation":{"range":[80,9,80,37],"value":{"type":"function","function":{"left":{"range":[80,9,80,14],"value":{"type":"typed","typed":{"moduleNameAndName":{"range":[80,9,80,14],"value":{"moduleName":[],"name":"Color"}},"args":[]}}},"right":{"range":[80,18,80,37],"value":{"type":"typed","typed":{"moduleNameAndName":{"range":[80,18,80,22],"value":{"moduleName":[],"name":"Attr"}},"args":[{"range":[80,23,80,33],"value":{"type":"generic","generic":{"value":"decorative"}}},{"range":[80,34,80,37],"value":{"type":"generic","generic":{"value":"msg"}}}]}}}}}}}},"declaration":{"range":[81,1,88,10],"value":{"name":{"range":[81,1,81,6],"value":"color"},"arguments":[{"range":[81,7,81,16],"value":{"type":"var","var":{"value":"fontColor"}}}],"expression":{"range":[82,5,88,10],"value":{"type":"application","application":[{"range":[82,5,82,24],"value":{"type":"functionOrValue","functionOrValue":{"moduleName":["Internal"],"name":"StyleClass"}}},{"range":[83,9,83,23],"value":{"type":"functionOrValue","functionOrValue":{"moduleName":["Flag"],"name":"fontColor"}}},{"range":[84,9,88,10],"value":{"type":"parenthesized","parenthesized":{"range":[84,10,87,22],"value":{"type":"application","application":[{"range":[84,10,84,26],"value":{"type":"functionOrValue","functionOrValue":{"moduleName":["Internal"],"name":"Colored"}}},{"range":[85,13,85,59],"value":{"type":"parenthesized","parenthesized":{"range":[85,14,85,58],"value":{"type":"application","application":[{"range":[85,14,85,19],"value":{"type":"literal","literal":"fc-"}},{"range":[85,20,85,22],"value":{"type":"operator","operator":"++"}},{"range":[85,23,85,48],"value":{"type":"functionOrValue","functionOrValue":{"moduleName":["Internal"],"name":"formatColorClass"}}},{"range":[85,49,85,58],"value":{"type":"functionOrValue","functionOrValue":{"moduleName":[],"name":"fontColor"}}}]}}}},{"range":[86,13,86,20],"value":{"type":"literal","literal":"color"}},{"range":[87,13,87,22],"value":{"type":"functionOrValue","functionOrValue":{"moduleName":[],"name":"fontColor"}}}]}}}}]}}}}}}},{"range":[106,1,113,10],"value":{"type":"function","function":{"documentation":null,"signature":{"range":[106,1,106,36],"value":{"name":{"range":[106,1,106,7],"value":"family"},"typeAnnotation":{"range":[106,10,106,36],"value":{"type":"function","function":{"left":{"range":[106,10,106,19],"value":{"type":"typed","typed":{"moduleNameAndName":{"range":[106,10,106,14],"value":{"moduleName":[],"name":"List"}},"args":[{"range":[106,15,106,19],"value":{"type":"typed","typed":{"moduleNameAndName":{"range":[106,15,106,19],"value":{"moduleName":[],"name":"Font"}},"args":[]}}}]}}},"right":{"range":[106,23,106,36],"value":{"type":"typed","typed":{"moduleNameAndName":{"range":[106,23,106,32],"value":{"moduleName":[],"name":"Attribute"}},"args":[{"range":[106,33,106,36],"value":{"type":"generic","generic":{"value":"msg"}}}]}}}}}}}},"declaration":{"range":[107,1,113,10],"value":{"name":{"range":[107,1,107,7],"value":"family"},"arguments":[{"range":[107,8,107,16],"value":{"type":"var","var":{"value":"families"}}}],"expression":{"range":[108,5,113,10],"value":{"type":"application","application":[{"range":[108,5,108,24],"value":{"type":"functionOrValue","functionOrValue":{"moduleName":["Internal"],"name":"StyleClass"}}},{"range":[109,9,109,24],"value":{"type":"functionOrValue","functionOrValue":{"moduleName":["Flag"],"name":"fontFamily"}}},{"range":[110,9,113,10],"value":{"type":"parenthesized","parenthesized":{"range":[110,10,112,21],"value":{"type":"application","application":[{"range":[110,10,110,29],"value":{"type":"functionOrValue","functionOrValue":{"moduleName":["Internal"],"name":"FontFamily"}}},{"range":[111,13,111,69],"value":{"type":"parenthesized","parenthesized":{"range":[111,14,111,68],"value":{"type":"application","application":[{"range":[111,14,111,24],"value":{"type":"functionOrValue","functionOrValue":{"moduleName":["List"],"name":"foldl"}}},{"range":[111,25,111,53],"value":{"type":"functionOrValue","functionOrValue":{"moduleName":["Internal"],"name":"renderFontClassName"}}},{"range":[111,54,111,59],"value":{"type":"literal","literal":"ff-"}},{"range":[111,60,111,68],"value":{"type":"functionOrValue","functionOrValue":{"moduleName":[],"name":"families"}}}]}}}},{"range":[112,13,112,21],"value":{"type":"functionOrValue","functionOrValue":{"moduleName":[],"name":"families"}}}]}}}}]}}}}}}},{"range":[117,1,119,19],"value":{"type":"function","function":{"documentation":null,"signature":{"range":[117,1,117,13],"value":{"name":{"range":[117,1,117,6],"value":"serif"},"typeAnnotation":{"range":[117,9,117,13],"value":{"type":"typed","typed":{"moduleNameAndName":{"range":[117,9,117,13],"value":{"moduleName":[],"name":"Font"}},"args":[]}}}}},"declaration":{"range":[118,1,119,19],"value":{"name":{"range":[118,1,118,6],"value":"serif"},"arguments":[],"expression":{"range":[119,5,119,19],"value":{"type":"functionOrValue","functionOrValue":{"moduleName":["Internal"],"name":"Serif"}}}}}}}},{"range":[123,1,125,23],"value":{"type":"function","function":{"documentation":null,"signature":{"range":[123,1,123,17],"value":{"name":{"range":[123,1,123,10],"value":"sansSerif"},"typeAnnotation":{"range":[123,13,123,17],"value":{"type":"typed","typed":{"moduleNameAndName":{"range":[123,13,123,17],"value":{"moduleName":[],"name":"Font"}},"args":[]}}}}},"declaration":{"range":[124,1,125,23],"value":{"name":{"range":[124,1,124,10],"value":"sansSerif"},"arguments":[],"expression":{"range":[125,5,125,23],"value":{"type":"functionOrValue","functionOrValue":{"moduleName":["Internal"],"name":"SansSerif"}}}}}}}},{"range":[129,1,131,23],"value":{"type":"function","function":{"documentation":null,"signature":{"range":[129,1,129,17],"value":{"name":{"range":[129,1,129,10],"value":"monospace"},"typeAnnotation":{"range":[129,13,129,17],"value":{"type":"typed","typed":{"moduleNameAndName":{"range":[129,13,129,17],"value":{"moduleName":[],"name":"Font"}},"args":[]}}}}},"declaration":{"range":[130,1,131,23],"value":{"name":{"range":[130,1,130,10],"value":"monospace"},"arguments":[],"expression":{"range":[131,5,131,23],"value":{"type":"functionOrValue","functionOrValue":{"moduleName":["Internal"],"name":"Monospace"}}}}}}}},{"range":[135,1,137,22],"value":{"type":"function","function":{"documentation":null,"signature":{"range":[135,1,135,26],"value":{"name":{"range":[135,1,135,9],"value":"typeface"},"typeAnnotation":{"range":[135,12,135,26],"value":{"type":"function","function":{"left":{"range":[135,12,135,18],"value":{"type":"typed","typed":{"moduleNameAndName":{"range":[135,12,135,18],"value":{"moduleName":[],"name":"String"}},"args":[]}}},"right":{"range":[135,22,135,26],"value":{"type":"typed","typed":{"moduleNameAndName":{"range":[135,22,135,26],"value":{"moduleName":[],"name":"Font"}},"args":[]}}}}}}}},"declaration":{"range":[136,1,137,22],"value":{"name":{"range":[136,1,136,9],"value":"typeface"},"arguments":[],"expression":{"range":[137,5,137,22],"value":{"type":"functionOrValue","functionOrValue":{"moduleName":["Internal"],"name":"Typeface"}}}}}}}},{"range":[141,1,146,6],"value":{"type":"typeAlias","typeAlias":{"documentation":null,"name":{"range":[141,12,141,22],"value":"Adjustment"},"generics":[],"typeAnnotation":{"range":[142,5,146,6],"value":{"type":"record","record":{"value":[{"range":[142,7,142,22],"value":{"name":{"range":[142,7,142,14],"value":"capital"},"typeAnnotation":{"range":[142,17,142,22],"value":{"type":"typed","typed":{"moduleNameAndName":{"range":[142,17,142,22],"value":{"moduleName":[],"name":"Float"}},"args":[]}}}}},{"range":[143,5,144,5],"value":{"name":{"range":[143,7,143,16],"value":"lowercase"},"typeAnnotation":{"range":[143,19,143,24],"value":{"type":"typed","typed":{"moduleNameAndName":{"range":[143,19,143,24],"value":{"moduleName":[],"name":"Float"}},"args":[]}}}}},{"range":[144,5,145,5],"value":{"name":{"range":[144,7,144,15],"value":"baseline"},"typeAnnotation":{"range":[144,18,144,23],"value":{"type":"typed","typed":{"moduleNameAndName":{"range":[144,18,144,23],"value":{"moduleName":[],"name":"Float"}},"args":[]}}}}},{"range":[145,5,146,5],"value":{"name":{"range":[145,7,145,16],"value":"descender"},"typeAnnotation":{"range":[145,19,145,24],"value":{"type":"typed","typed":{"moduleNameAndName":{"range":[145,19,145,24],"value":{"moduleName":[],"name":"Float"}},"args":[]}}}}}]}}}}}},{"range":[150,1,157,22],"value":{"type":"function","function":{"documentation":null,"signature":{"range":[150,1,155,12],"value":{"name":{"range":[150,1,150,5],"value":"with"},"typeAnnotation":{"range":[151,5,155,12],"value":{"type":"function","function":{"left":{"range":[151,5,154,6],"value":{"type":"record","record":{"value":[{"range":[151,7,151,20],"value":{"name":{"range":[151,7,151,11],"value":"name"},"typeAnnotation":{"range":[151,14,151,20],"value":{"type":"typed","typed":{"moduleNameAndName":{"range":[151,14,151,20],"value":{"moduleName":[],"name":"String"}},"args":[]}}}}},{"range":[152,5,153,5],"value":{"name":{"range":[152,7,152,17],"value":"adjustment"},"typeAnnotation":{"range":[152,20,152,36],"value":{"type":"typed","typed":{"moduleNameAndName":{"range":[152,20,152,25],"value":{"moduleName":[],"name":"Maybe"}},"args":[{"range":[152,26,152,36],"value":{"type":"typed","typed":{"moduleNameAndName":{"range":[152,26,152,36],"value":{"moduleName":[],"name":"Adjustment"}},"args":[]}}}]}}}}},{"range":[153,5,154,5],"value":{"name":{"range":[153,7,153,15],"value":"variants"},"typeAnnotation":{"range":[153,18,153,30],"value":{"type":"typed","typed":{"moduleNameAndName":{"range":[153,18,153,22],"value":{"moduleName":[],"name":"List"}},"args":[{"range":[153,23,153,30],"value":{"type":"typed","typed":{"moduleNameAndName":{"range":[153,23,153,30],"value":{"moduleName":[],"name":"Variant"}},"args":[]}}}]}}}}}]}}},"right":{"range":[155,8,155,12],"value":{"type":"typed","typed":{"moduleNameAndName":{"range":[155,8,155,12],"value":{"moduleName":[],"name":"Font"}},"args":[]}}}}}}}},"declaration":{"range":[156,1,157,22],"value":{"name":{"range":[156,1,156,5],"value":"with"},"arguments":[],"expression":{"range":[157,5,157,22],"value":{"type":"functionOrValue","functionOrValue":{"moduleName":["Internal"],"name":"FontWith"}}}}}}}},{"range":[161,1,163,45],"value":{"type":"function","function":{"documentation":null,"signature":{"range":[161,1,161,30],"value":{"name":{"range":[161,1,161,14],"value":"sizeByCapital"},"typeAnnotation":{"range":[161,17,161,30],"value":{"type":"typed","typed":{"moduleNameAndName":{"range":[161,17,161,26],"value":{"moduleName":[],"name":"Attribute"}},"args":[{"range":[161,27,161,30],"value":{"type":"generic","generic":{"value":"msg"}}}]}}}}},"declaration":{"range":[162,1,163,45],"value":{"name":{"range":[162,1,162,14],"value":"sizeByCapital"},"arguments":[],"expression":{"range":[163,5,163,45],"value":{"type":"application","application":[{"range":[163,5,163,23],"value":{"type":"functionOrValue","functionOrValue":{"moduleName":["Internal"],"name":"htmlClass"}}},{"range":[163,31,163,45],"value":{"type":"recordAccess","recordAccess":{"expression":{"range":[163,24,163,31],"value":{"type":"functionOrValue","functionOrValue":{"moduleName":[],"name":"classes"}}},"name":{"range":[163,32,163,45],"value":"sizeByCapital"}}}}]}}}}}}},{"range":[167,1,169,40],"value":{"type":"function","function":{"documentation":null,"signature":{"range":[167,1,167,21],"value":{"name":{"range":[167,1,167,5],"value":"full"},"typeAnnotation":{"range":[167,8,167,21],"value":{"type":"typed","typed":{"moduleNameAndName":{"range":[167,8,167,17],"value":{"moduleName":[],"name":"Attribute"}},"args":[{"range":[167,18,167,21],"value":{"type":"generic","generic":{"value":"msg"}}}]}}}}},"declaration":{"range":[168,1,169,40],"value":{"name":{"range":[168,1,168,5],"value":"full"},"arguments":[],"expression":{"range":[169,5,169,40],"value":{"type":"application","application":[{"range":[169,5,169,23],"value":{"type":"functionOrValue","functionOrValue":{"moduleName":["Internal"],"name":"htmlClass"}}},{"range":[169,31,169,40],"value":{"type":"recordAccess","recordAccess":{"expression":{"range":[169,24,169,31],"value":{"type":"functionOrValue","functionOrValue":{"moduleName":[],"name":"classes"}}},"name":{"range":[169,32,169,40],"value":"fullSize"}}}}]}}}}}}},{"range":[196,1,198,33],"value":{"type":"function","function":{"documentation":null,"signature":{"range":[196,1,196,51],"value":{"name":{"range":[196,1,196,9],"value":"external"},"typeAnnotation":{"range":[196,12,196,51],"value":{"type":"function","function":{"left":{"range":[196,12,196,43],"value":{"type":"record","record":{"value":[{"range":[196,14,196,26],"value":{"name":{"range":[196,14,196,17],"value":"url"},"typeAnnotation":{"range":[196,20,196,26],"value":{"type":"typed","typed":{"moduleNameAndName":{"range":[196,20,196,26],"value":{"moduleName":[],"name":"String"}},"args":[]}}}}},{"range":[196,26,196,42],"value":{"name":{"range":[196,28,196,32],"value":"name"},"typeAnnotation":{"range":[196,35,196,41],"value":{"type":"typed","typed":{"moduleNameAndName":{"range":[196,35,196,41],"value":{"moduleName":[],"name":"String"}},"args":[]}}}}}]}}},"right":{"range":[196,47,196,51],"value":{"type":"typed","typed":{"moduleNameAndName":{"range":[196,47,196,51],"value":{"moduleName":[],"name":"Font"}},"args":[]}}}}}}}},"declaration":{"range":[197,1,198,33],"value":{"name":{"range":[197,1,197,9],"value":"external"},"arguments":[{"range":[197,10,197,23],"value":{"type":"record","record":{"value":[{"range":[197,12,197,15],"value":"url"},{"range":[197,17,197,21],"value":"name"}]}}}],"expression":{"range":[198,5,198,33],"value":{"type":"application","application":[{"range":[198,5,198,24],"value":{"type":"functionOrValue","functionOrValue":{"moduleName":["Internal"],"name":"ImportFont"}}},{"range":[198,25,198,29],"value":{"type":"functionOrValue","functionOrValue":{"moduleName":[],"name":"name"}}},{"range":[198,30,198,33],"value":{"type":"functionOrValue","functionOrValue":{"moduleName":[],"name":"url"}}}]}}}}}}},{"range":[203,1,205,60],"value":{"type":"function","function":{"documentation":null,"signature":{"range":[203,1,203,34],"value":{"name":{"range":[203,1,203,5],"value":"size"},"typeAnnotation":{"range":[203,8,203,34],"value":{"type":"function","function":{"left":{"range":[203,8,203,11],"value":{"type":"typed","typed":{"moduleNameAndName":{"range":[203,8,203,11],"value":{"moduleName":[],"name":"Int"}},"args":[]}}},"right":{"range":[203,15,203,34],"value":{"type":"typed","typed":{"moduleNameAndName":{"range":[203,15,203,19],"value":{"moduleName":[],"name":"Attr"}},"args":[{"range":[203,20,203,30],"value":{"type":"generic","generic":{"value":"decorative"}}},{"range":[203,31,203,34],"value":{"type":"generic","generic":{"value":"msg"}}}]}}}}}}}},"declaration":{"range":[204,1,205,60],"value":{"name":{"range":[204,1,204,5],"value":"size"},"arguments":[{"range":[204,6,204,7],"value":{"type":"var","var":{"value":"i"}}}],"expression":{"range":[205,5,205,60],"value":{"type":"application","application":[{"range":[205,5,205,24],"value":{"type":"functionOrValue","functionOrValue":{"moduleName":["Internal"],"name":"StyleClass"}}},{"range":[205,25,205,38],"value":{"type":"functionOrValue","functionOrValue":{"moduleName":["Flag"],"name":"fontSize"}}},{"range":[205,39,205,60],"value":{"type":"parenthesized","parenthesized":{"range":[205,40,205,59],"value":{"type":"application","application":[{"range":[205,40,205,57],"value":{"type":"functionOrValue","functionOrValue":{"moduleName":["Internal"],"name":"FontSize"}}},{"range":[205,58,205,59],"value":{"type":"functionOrValue","functionOrValue":{"moduleName":[],"name":"i"}}}]}}}}]}}}}}}},{"range":[210,1,216,46],"value":{"type":"function","function":{"documentation":null,"signature":{"range":[210,1,210,39],"value":{"name":{"range":[210,1,210,14],"value":"letterSpacing"},"typeAnnotation":{"range":[210,17,210,39],"value":{"type":"function","function":{"left":{"range":[210,17,210,22],"value":{"type":"typed","typed":{"moduleNameAndName":{"range":[210,17,210,22],"value":{"moduleName":[],"name":"Float"}},"args":[]}}},"right":{"range":[210,26,210,39],"value":{"type":"typed","typed":{"moduleNameAndName":{"range":[210,26,210,35],"value":{"moduleName":[],"name":"Attribute"}},"args":[{"range":[210,36,210,39],"value":{"type":"generic","generic":{"value":"msg"}}}]}}}}}}}},"declaration":{"range":[211,1,216,46],"value":{"name":{"range":[211,1,211,14],"value":"letterSpacing"},"arguments":[{"range":[211,15,211,21],"value":{"type":"var","var":{"value":"offset"}}}],"expression":{"range":[212,5,216,46],"value":{"type":"application","application":[{"range":[212,5,212,24],"value":{"type":"functionOrValue","functionOrValue":{"moduleName":["Internal"],"name":"StyleClass"}}},{"range":[212,25,212,43],"value":{"type":"functionOrValue","functionOrValue":{"moduleName":["Flag"],"name":"letterSpacing"}}},{"range":[212,44,212,46],"value":{"type":"operator","operator":"<|"}},{"range":[213,9,213,24],"value":{"type":"functionOrValue","functionOrValue":{"moduleName":["Internal"],"name":"Single"}}},{"range":[214,13,214,50],"value":{"type":"parenthesized","parenthesized":{"range":[214,14,214,49],"value":{"type":"application","application":[{"range":[214,14,214,19],"value":{"type":"literal","literal":"ls-"}},{"range":[214,20,214,22],"value":{"type":"operator","operator":"++"}},{"range":[214,23,214,42],"value":{"type":"functionOrValue","functionOrValue":{"moduleName":["Internal"],"name":"floatClass"}}},{"range":[214,43,214,49],"value":{"type":"functionOrValue","functionOrValue":{"moduleName":[],"name":"offset"}}}]}}}},{"range":[215,13,215,29],"value":{"type":"literal","literal":"letter-spacing"}},{"range":[216,13,216,46],"value":{"type":"parenthesized","parenthesized":{"range":[216,14,216,45],"value":{"type":"application","application":[{"range":[216,14,216,30],"value":{"type":"functionOrValue","functionOrValue":{"moduleName":["String"],"name":"fromFloat"}}},{"range":[216,31,216,37],"value":{"type":"functionOrValue","functionOrValue":{"moduleName":[],"name":"offset"}}},{"range":[216,38,216,40],"value":{"type":"operator","operator":"++"}},{"range":[216,41,216,45],"value":{"type":"literal","literal":"px"}}]}}}}]}}}}}}},{"range":[221,1,224,111],"value":{"type":"function","function":{"documentation":null,"signature":{"range":[221,1,221,37],"value":{"name":{"range":[221,1,221,12],"value":"wordSpacing"},"typeAnnotation":{"range":[221,15,221,37],"value":{"type":"function","function":{"left":{"range":[221,15,221,20],"value":{"type":"typed","typed":{"moduleNameAndName":{"range":[221,15,221,20],"value":{"moduleName":[],"name":"Float"}},"args":[]}}},"right":{"range":[221,24,221,37],"value":{"type":"typed","typed":{"moduleNameAndName":{"range":[221,24,221,33],"value":{"moduleName":[],"name":"Attribute"}},"args":[{"range":[221,34,221,37],"value":{"type":"generic","generic":{"value":"msg"}}}]}}}}}}}},"declaration":{"range":[222,1,224,111],"value":{"name":{"range":[222,1,222,12],"value":"wordSpacing"},"arguments":[{"range":[222,13,222,19],"value":{"type":"var","var":{"value":"offset"}}}],"expression":{"range":[223,5,224,111],"value":{"type":"application","application":[{"range":[223,5,223,24],"value":{"type":"functionOrValue","functionOrValue":{"moduleName":["Internal"],"name":"StyleClass"}}},{"range":[223,25,223,41],"value":{"type":"functionOrValue","functionOrValue":{"moduleName":["Flag"],"name":"wordSpacing"}}},{"range":[223,42,223,44],"value":{"type":"operator","operator":"<|"}},{"range":[224,9,224,24],"value":{"type":"functionOrValue","functionOrValue":{"moduleName":["Internal"],"name":"Single"}}},{"range":[224,25,224,62],"value":{"type":"parenthesized","parenthesized":{"range":[224,26,224,61],"value":{"type":"application","application":[{"range":[224,26,224,31],"value":{"type":"literal","literal":"ws-"}},{"range":[224,32,224,34],"value":{"type":"operator","operator":"++"}},{"range":[224,35,224,54],"value":{"type":"functionOrValue","functionOrValue":{"moduleName":["Internal"],"name":"floatClass"}}},{"range":[224,55,224,61],"value":{"type":"functionOrValue","functionOrValue":{"moduleName":[],"name":"offset"}}}]}}}},{"range":[224,63,224,77],"value":{"type":"literal","literal":"word-spacing"}},{"range":[224,78,224,111],"value":{"type":"parenthesized","parenthesized":{"range":[224,79,224,110],"value":{"type":"application","application":[{"range":[224,79,224,95],"value":{"type":"functionOrValue","functionOrValue":{"moduleName":["String"],"name":"fromFloat"}}},{"range":[224,96,224,102],"value":{"type":"functionOrValue","functionOrValue":{"moduleName":[],"name":"offset"}}},{"range":[224,103,224,105],"value":{"type":"operator","operator":"++"}},{"range":[224,106,224,110],"value":{"type":"literal","literal":"px"}}]}}}}]}}}}}}},{"range":[229,1,231,55],"value":{"type":"function","function":{"documentation":null,"signature":{"range":[229,1,229,26],"value":{"name":{"range":[229,1,229,10],"value":"alignLeft"},"typeAnnotation":{"range":[229,13,229,26],"value":{"type":"typed","typed":{"moduleNameAndName":{"range":[229,13,229,22],"value":{"moduleName":[],"name":"Attribute"}},"args":[{"range":[229,23,229,26],"value":{"type":"generic","generic":{"value":"msg"}}}]}}}}},"declaration":{"range":[230,1,231,55],"value":{"name":{"range":[230,1,230,10],"value":"alignLeft"},"arguments":[],"expression":{"range":[231,5,231,55],"value":{"type":"application","application":[{"range":[231,5,231,19],"value":{"type":"functionOrValue","functionOrValue":{"moduleName":["Internal"],"name":"Class"}}},{"range":[231,20,231,38],"value":{"type":"functionOrValue","functionOrValue":{"moduleName":["Flag"],"name":"fontAlignment"}}},{"range":[231,46,231,55],"value":{"type":"recordAccess","recordAccess":{"expression":{"range":[231,39,231,46],"value":{"type":"functionOrValue","functionOrValue":{"moduleName":[],"name":"classes"}}},"name":{"range":[231,47,231,55],"value":"textLeft"}}}}]}}}}}}},{"range":[236,1,238,56],"value":{"type":"function","function":{"documentation":null,"signature":{"range":[236,1,236,27],"value":{"name":{"range":[236,1,236,11],"value":"alignRight"},"typeAnnotation":{"range":[236,14,236,27],"value":{"type":"typed","typed":{"moduleNameAndName":{"range":[236,14,236,23],"value":{"moduleName":[],"name":"Attribute"}},"args":[{"range":[236,24,236,27],"value":{"type":"generic","generic":{"value":"msg"}}}]}}}}},"declaration":{"range":[237,1,238,56],"value":{"name":{"range":[237,1,237,11],"value":"alignRight"},"arguments":[],"expression":{"range":[238,5,238,56],"value":{"type":"application","application":[{"range":[238,5,238,19],"value":{"type":"functionOrValue","functionOrValue":{"moduleName":["Internal"],"name":"Class"}}},{"range":[238,20,238,38],"value":{"type":"functionOrValue","functionOrValue":{"moduleName":["Flag"],"name":"fontAlignment"}}},{"range":[238,46,238,56],"value":{"type":"recordAccess","recordAccess":{"expression":{"range":[238,39,238,46],"value":{"type":"functionOrValue","functionOrValue":{"moduleName":[],"name":"classes"}}},"name":{"range":[238,47,238,56],"value":"textRight"}}}}]}}}}}}},{"range":[243,1,245,57],"value":{"type":"function","function":{"documentation":null,"signature":{"range":[243,1,243,23],"value":{"name":{"range":[243,1,243,7],"value":"center"},"typeAnnotation":{"range":[243,10,243,23],"value":{"type":"typed","typed":{"moduleNameAndName":{"range":[243,10,243,19],"value":{"moduleName":[],"name":"Attribute"}},"args":[{"range":[243,20,243,23],"value":{"type":"generic","generic":{"value":"msg"}}}]}}}}},"declaration":{"range":[244,1,245,57],"value":{"name":{"range":[244,1,244,7],"value":"center"},"arguments":[],"expression":{"range":[245,5,245,57],"value":{"type":"application","application":[{"range":[245,5,245,19],"value":{"type":"functionOrValue","functionOrValue":{"moduleName":["Internal"],"name":"Class"}}},{"range":[245,20,245,38],"value":{"type":"functionOrValue","functionOrValue":{"moduleName":["Flag"],"name":"fontAlignment"}}},{"range":[245,46,245,57],"value":{"type":"recordAccess","recordAccess":{"expression":{"range":[245,39,245,46],"value":{"type":"functionOrValue","functionOrValue":{"moduleName":[],"name":"classes"}}},"name":{"range":[245,47,245,57],"value":"textCenter"}}}}]}}}}}}},{"range":[249,1,251,58],"value":{"type":"function","function":{"documentation":null,"signature":{"range":[249,1,249,24],"value":{"name":{"range":[249,1,249,8],"value":"justify"},"typeAnnotation":{"range":[249,11,249,24],"value":{"type":"typed","typed":{"moduleNameAndName":{"range":[249,11,249,20],"value":{"moduleName":[],"name":"Attribute"}},"args":[{"range":[249,21,249,24],"value":{"type":"generic","generic":{"value":"msg"}}}]}}}}},"declaration":{"range":[250,1,251,58],"value":{"name":{"range":[250,1,250,8],"value":"justify"},"arguments":[],"expression":{"range":[251,5,251,58],"value":{"type":"application","application":[{"range":[251,5,251,19],"value":{"type":"functionOrValue","functionOrValue":{"moduleName":["Internal"],"name":"Class"}}},{"range":[251,20,251,38],"value":{"type":"functionOrValue","functionOrValue":{"moduleName":["Flag"],"name":"fontAlignment"}}},{"range":[251,46,251,58],"value":{"type":"recordAccess","recordAccess":{"expression":{"range":[251,39,251,46],"value":{"type":"functionOrValue","functionOrValue":{"moduleName":[],"name":"classes"}}},"name":{"range":[251,47,251,58],"value":"textJustify"}}}}]}}}}}}},{"range":[262,1,264,41],"value":{"type":"function","function":{"documentation":null,"signature":{"range":[262,1,262,26],"value":{"name":{"range":[262,1,262,10],"value":"underline"},"typeAnnotation":{"range":[262,13,262,26],"value":{"type":"typed","typed":{"moduleNameAndName":{"range":[262,13,262,22],"value":{"moduleName":[],"name":"Attribute"}},"args":[{"range":[262,23,262,26],"value":{"type":"generic","generic":{"value":"msg"}}}]}}}}},"declaration":{"range":[263,1,264,41],"value":{"name":{"range":[263,1,263,10],"value":"underline"},"arguments":[],"expression":{"range":[264,5,264,41],"value":{"type":"application","application":[{"range":[264,5,264,23],"value":{"type":"functionOrValue","functionOrValue":{"moduleName":["Internal"],"name":"htmlClass"}}},{"range":[264,31,264,41],"value":{"type":"recordAccess","recordAccess":{"expression":{"range":[264,24,264,31],"value":{"type":"functionOrValue","functionOrValue":{"moduleName":[],"name":"classes"}}},"name":{"range":[264,32,264,41],"value":"underline"}}}}]}}}}}}},{"range":[268,1,270,38],"value":{"type":"function","function":{"documentation":null,"signature":{"range":[268,1,268,23],"value":{"name":{"range":[268,1,268,7],"value":"strike"},"typeAnnotation":{"range":[268,10,268,23],"value":{"type":"typed","typed":{"moduleNameAndName":{"range":[268,10,268,19],"value":{"moduleName":[],"name":"Attribute"}},"args":[{"range":[268,20,268,23],"value":{"type":"generic","generic":{"value":"msg"}}}]}}}}},"declaration":{"range":[269,1,270,38],"value":{"name":{"range":[269,1,269,7],"value":"strike"},"arguments":[],"expression":{"range":[270,5,270,38],"value":{"type":"application","application":[{"range":[270,5,270,23],"value":{"type":"functionOrValue","functionOrValue":{"moduleName":["Internal"],"name":"htmlClass"}}},{"range":[270,31,270,38],"value":{"type":"recordAccess","recordAccess":{"expression":{"range":[270,24,270,31],"value":{"type":"functionOrValue","functionOrValue":{"moduleName":[],"name":"classes"}}},"name":{"range":[270,32,270,38],"value":"strike"}}}}]}}}}}}},{"range":[274,1,276,38],"value":{"type":"function","function":{"documentation":null,"signature":{"range":[274,1,274,23],"value":{"name":{"range":[274,1,274,7],"value":"italic"},"typeAnnotation":{"range":[274,10,274,23],"value":{"type":"typed","typed":{"moduleNameAndName":{"range":[274,10,274,19],"value":{"moduleName":[],"name":"Attribute"}},"args":[{"range":[274,20,274,23],"value":{"type":"generic","generic":{"value":"msg"}}}]}}}}},"declaration":{"range":[275,1,276,38],"value":{"name":{"range":[275,1,275,7],"value":"italic"},"arguments":[],"expression":{"range":[276,5,276,38],"value":{"type":"application","application":[{"range":[276,5,276,23],"value":{"type":"functionOrValue","functionOrValue":{"moduleName":["Internal"],"name":"htmlClass"}}},{"range":[276,31,276,38],"value":{"type":"recordAccess","recordAccess":{"expression":{"range":[276,24,276,31],"value":{"type":"functionOrValue","functionOrValue":{"moduleName":[],"name":"classes"}}},"name":{"range":[276,32,276,38],"value":"italic"}}}}]}}}}}}},{"range":[280,1,282,48],"value":{"type":"function","function":{"documentation":null,"signature":{"range":[280,1,280,21],"value":{"name":{"range":[280,1,280,5],"value":"bold"},"typeAnnotation":{"range":[280,8,280,21],"value":{"type":"typed","typed":{"moduleNameAndName":{"range":[280,8,280,17],"value":{"moduleName":[],"name":"Attribute"}},"args":[{"range":[280,18,280,21],"value":{"type":"generic","generic":{"value":"msg"}}}]}}}}},"declaration":{"range":[281,1,282,48],"value":{"name":{"range":[281,1,281,5],"value":"bold"},"arguments":[],"expression":{"range":[282,5,282,48],"value":{"type":"application","application":[{"range":[282,5,282,19],"value":{"type":"functionOrValue","functionOrValue":{"moduleName":["Internal"],"name":"Class"}}},{"range":[282,20,282,35],"value":{"type":"functionOrValue","functionOrValue":{"moduleName":["Flag"],"name":"fontWeight"}}},{"range":[282,43,282,48],"value":{"type":"recordAccess","recordAccess":{"expression":{"range":[282,36,282,43],"value":{"type":"functionOrValue","functionOrValue":{"moduleName":[],"name":"classes"}}},"name":{"range":[282,44,282,48],"value":"bold"}}}}]}}}}}}},{"range":[286,1,288,53],"value":{"type":"function","function":{"documentation":null,"signature":{"range":[286,1,286,22],"value":{"name":{"range":[286,1,286,6],"value":"light"},"typeAnnotation":{"range":[286,9,286,22],"value":{"type":"typed","typed":{"moduleNameAndName":{"range":[286,9,286,18],"value":{"moduleName":[],"name":"Attribute"}},"args":[{"range":[286,19,286,22],"value":{"type":"generic","generic":{"value":"msg"}}}]}}}}},"declaration":{"range":[287,1,288,53],"value":{"name":{"range":[287,1,287,6],"value":"light"},"arguments":[],"expression":{"range":[288,5,288,53],"value":{"type":"application","application":[{"range":[288,5,288,19],"value":{"type":"functionOrValue","functionOrValue":{"moduleName":["Internal"],"name":"Class"}}},{"range":[288,20,288,35],"value":{"type":"functionOrValue","functionOrValue":{"moduleName":["Flag"],"name":"fontWeight"}}},{"range":[288,43,288,53],"value":{"type":"recordAccess","recordAccess":{"expression":{"range":[288,36,288,43],"value":{"type":"functionOrValue","functionOrValue":{"moduleName":[],"name":"classes"}}},"name":{"range":[288,44,288,53],"value":"textLight"}}}}]}}}}}}},{"range":[292,1,294,52],"value":{"type":"function","function":{"documentation":null,"signature":{"range":[292,1,292,25],"value":{"name":{"range":[292,1,292,9],"value":"hairline"},"typeAnnotation":{"range":[292,12,292,25],"value":{"type":"typed","typed":{"moduleNameAndName":{"range":[292,12,292,21],"value":{"moduleName":[],"name":"Attribute"}},"args":[{"range":[292,22,292,25],"value":{"type":"generic","generic":{"value":"msg"}}}]}}}}},"declaration":{"range":[293,1,294,52],"value":{"name":{"range":[293,1,293,9],"value":"hairline"},"arguments":[],"expression":{"range":[294,5,294,52],"value":{"type":"application","application":[{"range":[294,5,294,19],"value":{"type":"functionOrValue","functionOrValue":{"moduleName":["Internal"],"name":"Class"}}},{"range":[294,20,294,35],"value":{"type":"functionOrValue","functionOrValue":{"moduleName":["Flag"],"name":"fontWeight"}}},{"range":[294,43,294,52],"value":{"type":"recordAccess","recordAccess":{"expression":{"range":[294,36,294,43],"value":{"type":"functionOrValue","functionOrValue":{"moduleName":[],"name":"classes"}}},"name":{"range":[294,44,294,52],"value":"textThin"}}}}]}}}}}}},{"range":[298,1,300,58],"value":{"type":"function","function":{"documentation":null,"signature":{"range":[298,1,298,27],"value":{"name":{"range":[298,1,298,11],"value":"extraLight"},"typeAnnotation":{"range":[298,14,298,27],"value":{"type":"typed","typed":{"moduleNameAndName":{"range":[298,14,298,23],"value":{"moduleName":[],"name":"Attribute"}},"args":[{"range":[298,24,298,27],"value":{"type":"generic","generic":{"value":"msg"}}}]}}}}},"declaration":{"range":[299,1,300,58],"value":{"name":{"range":[299,1,299,11],"value":"extraLight"},"arguments":[],"expression":{"range":[300,5,300,58],"value":{"type":"application","application":[{"range":[300,5,300,19],"value":{"type":"functionOrValue","functionOrValue":{"moduleName":["Internal"],"name":"Class"}}},{"range":[300,20,300,35],"value":{"type":"functionOrValue","functionOrValue":{"moduleName":["Flag"],"name":"fontWeight"}}},{"range":[300,43,300,58],"value":{"type":"recordAccess","recordAccess":{"expression":{"range":[300,36,300,43],"value":{"type":"functionOrValue","functionOrValue":{"moduleName":[],"name":"classes"}}},"name":{"range":[300,44,300,58],"value":"textExtraLight"}}}}]}}}}}}},{"range":[304,1,306,60],"value":{"type":"function","function":{"documentation":null,"signature":{"range":[304,1,304,24],"value":{"name":{"range":[304,1,304,8],"value":"regular"},"typeAnnotation":{"range":[304,11,304,24],"value":{"type":"typed","typed":{"moduleNameAndName":{"range":[304,11,304,20],"value":{"moduleName":[],"name":"Attribute"}},"args":[{"range":[304,21,304,24],"value":{"type":"generic","generic":{"value":"msg"}}}]}}}}},"declaration":{"range":[305,1,306,60],"value":{"name":{"range":[305,1,305,8],"value":"regular"},"arguments":[],"expression":{"range":[306,5,306,60],"value":{"type":"application","application":[{"range":[306,5,306,19],"value":{"type":"functionOrValue","functionOrValue":{"moduleName":["Internal"],"name":"Class"}}},{"range":[306,20,306,35],"value":{"type":"functionOrValue","functionOrValue":{"moduleName":["Flag"],"name":"fontWeight"}}},{"range":[306,43,306,60],"value":{"type":"recordAccess","recordAccess":{"expression":{"range":[306,36,306,43],"value":{"type":"functionOrValue","functionOrValue":{"moduleName":[],"name":"classes"}}},"name":{"range":[306,44,306,60],"value":"textNormalWeight"}}}}]}}}}}}},{"range":[310,1,312,56],"value":{"type":"function","function":{"documentation":null,"signature":{"range":[310,1,310,25],"value":{"name":{"range":[310,1,310,9],"value":"semiBold"},"typeAnnotation":{"range":[310,12,310,25],"value":{"type":"typed","typed":{"moduleNameAndName":{"range":[310,12,310,21],"value":{"moduleName":[],"name":"Attribute"}},"args":[{"range":[310,22,310,25],"value":{"type":"generic","generic":{"value":"msg"}}}]}}}}},"declaration":{"range":[311,1,312,56],"value":{"name":{"range":[311,1,311,9],"value":"semiBold"},"arguments":[],"expression":{"range":[312,5,312,56],"value":{"type":"application","application":[{"range":[312,5,312,19],"value":{"type":"functionOrValue","functionOrValue":{"moduleName":["Internal"],"name":"Class"}}},{"range":[312,20,312,35],"value":{"type":"functionOrValue","functionOrValue":{"moduleName":["Flag"],"name":"fontWeight"}}},{"range":[312,43,312,56],"value":{"type":"recordAccess","recordAccess":{"expression":{"range":[312,36,312,43],"value":{"type":"functionOrValue","functionOrValue":{"moduleName":[],"name":"classes"}}},"name":{"range":[312,44,312,56],"value":"textSemiBold"}}}}]}}}}}}},{"range":[316,1,318,54],"value":{"type":"function","function":{"documentation":null,"signature":{"range":[316,1,316,23],"value":{"name":{"range":[316,1,316,7],"value":"medium"},"typeAnnotation":{"range":[316,10,316,23],"value":{"type":"typed","typed":{"moduleNameAndName":{"range":[316,10,316,19],"value":{"moduleName":[],"name":"Attribute"}},"args":[{"range":[316,20,316,23],"value":{"type":"generic","generic":{"value":"msg"}}}]}}}}},"declaration":{"range":[317,1,318,54],"value":{"name":{"range":[317,1,317,7],"value":"medium"},"arguments":[],"expression":{"range":[318,5,318,54],"value":{"type":"application","application":[{"range":[318,5,318,19],"value":{"type":"functionOrValue","functionOrValue":{"moduleName":["Internal"],"name":"Class"}}},{"range":[318,20,318,35],"value":{"type":"functionOrValue","functionOrValue":{"moduleName":["Flag"],"name":"fontWeight"}}},{"range":[318,43,318,54],"value":{"type":"recordAccess","recordAccess":{"expression":{"range":[318,36,318,43],"value":{"type":"functionOrValue","functionOrValue":{"moduleName":[],"name":"classes"}}},"name":{"range":[318,44,318,54],"value":"textMedium"}}}}]}}}}}}},{"range":[322,1,324,57],"value":{"type":"function","function":{"documentation":null,"signature":{"range":[322,1,322,26],"value":{"name":{"range":[322,1,322,10],"value":"extraBold"},"typeAnnotation":{"range":[322,13,322,26],"value":{"type":"typed","typed":{"moduleNameAndName":{"range":[322,13,322,22],"value":{"moduleName":[],"name":"Attribute"}},"args":[{"range":[322,23,322,26],"value":{"type":"generic","generic":{"value":"msg"}}}]}}}}},"declaration":{"range":[323,1,324,57],"value":{"name":{"range":[323,1,323,10],"value":"extraBold"},"arguments":[],"expression":{"range":[324,5,324,57],"value":{"type":"application","application":[{"range":[324,5,324,19],"value":{"type":"functionOrValue","functionOrValue":{"moduleName":["Internal"],"name":"Class"}}},{"range":[324,20,324,35],"value":{"type":"functionOrValue","functionOrValue":{"moduleName":["Flag"],"name":"fontWeight"}}},{"range":[324,43,324,57],"value":{"type":"recordAccess","recordAccess":{"expression":{"range":[324,36,324,43],"value":{"type":"functionOrValue","functionOrValue":{"moduleName":[],"name":"classes"}}},"name":{"range":[324,44,324,57],"value":"textExtraBold"}}}}]}}}}}}},{"range":[328,1,330,53],"value":{"type":"function","function":{"documentation":null,"signature":{"range":[328,1,328,22],"value":{"name":{"range":[328,1,328,6],"value":"heavy"},"typeAnnotation":{"range":[328,9,328,22],"value":{"type":"typed","typed":{"moduleNameAndName":{"range":[328,9,328,18],"value":{"moduleName":[],"name":"Attribute"}},"args":[{"range":[328,19,328,22],"value":{"type":"generic","generic":{"value":"msg"}}}]}}}}},"declaration":{"range":[329,1,330,53],"value":{"name":{"range":[329,1,329,6],"value":"heavy"},"arguments":[],"expression":{"range":[330,5,330,53],"value":{"type":"application","application":[{"range":[330,5,330,19],"value":{"type":"functionOrValue","functionOrValue":{"moduleName":["Internal"],"name":"Class"}}},{"range":[330,20,330,35],"value":{"type":"functionOrValue","functionOrValue":{"moduleName":["Flag"],"name":"fontWeight"}}},{"range":[330,43,330,53],"value":{"type":"recordAccess","recordAccess":{"expression":{"range":[330,36,330,43],"value":{"type":"functionOrValue","functionOrValue":{"moduleName":[],"name":"classes"}}},"name":{"range":[330,44,330,53],"value":"textHeavy"}}}}]}}}}}}},{"range":[335,1,337,48],"value":{"type":"function","function":{"documentation":null,"signature":{"range":[335,1,335,29],"value":{"name":{"range":[335,1,335,13],"value":"unitalicized"},"typeAnnotation":{"range":[335,16,335,29],"value":{"type":"typed","typed":{"moduleNameAndName":{"range":[335,16,335,25],"value":{"moduleName":[],"name":"Attribute"}},"args":[{"range":[335,26,335,29],"value":{"type":"generic","generic":{"value":"msg"}}}]}}}}},"declaration":{"range":[336,1,337,48],"value":{"name":{"range":[336,1,336,13],"value":"unitalicized"},"arguments":[],"expression":{"range":[337,5,337,48],"value":{"type":"application","application":[{"range":[337,5,337,23],"value":{"type":"functionOrValue","functionOrValue":{"moduleName":["Internal"],"name":"htmlClass"}}},{"range":[337,31,337,48],"value":{"type":"recordAccess","recordAccess":{"expression":{"range":[337,24,337,31],"value":{"type":"functionOrValue","functionOrValue":{"moduleName":[],"name":"classes"}}},"name":{"range":[337,32,337,48],"value":"textUnitalicized"}}}}]}}}}}}},{"range":[341,1,349,105],"value":{"type":"function","function":{"documentation":null,"signature":{"range":[341,1,346,27],"value":{"name":{"range":[341,1,341,7],"value":"shadow"},"typeAnnotation":{"range":[342,5,346,27],"value":{"type":"function","function":{"left":{"range":[342,5,345,6],"value":{"type":"record","record":{"value":[{"range":[342,7,342,32],"value":{"name":{"range":[342,7,342,13],"value":"offset"},"typeAnnotation":{"range":[342,16,342,32],"value":{"type":"tupled","tupled":{"values":[{"range":[342,18,342,23],"value":{"type":"typed","typed":{"moduleNameAndName":{"range":[342,18,342,23],"value":{"moduleName":[],"name":"Float"}},"args":[]}}},{"range":[342,25,342,30],"value":{"type":"typed","typed":{"moduleNameAndName":{"range":[342,25,342,30],"value":{"moduleName":[],"name":"Float"}},"args":[]}}}]}}}}},{"range":[343,5,344,5],"value":{"name":{"range":[343,7,343,11],"value":"blur"},"typeAnnotation":{"range":[343,14,343,19],"value":{"type":"typed","typed":{"moduleNameAndName":{"range":[343,14,343,19],"value":{"moduleName":[],"name":"Float"}},"args":[]}}}}},{"range":[344,5,345,5],"value":{"name":{"range":[344,7,344,12],"value":"color"},"typeAnnotation":{"range":[344,15,344,20],"value":{"type":"typed","typed":{"moduleNameAndName":{"range":[344,15,344,20],"value":{"moduleName":[],"name":"Color"}},"args":[]}}}}}]}}},"right":{"range":[346,8,346,27],"value":{"type":"typed","typed":{"moduleNameAndName":{"range":[346,8,346,12],"value":{"moduleName":[],"name":"Attr"}},"args":[{"range":[346,13,346,23],"value":{"type":"generic","generic":{"value":"decorative"}}},{"range":[346,24,346,27],"value":{"type":"generic","generic":{"value":"msg"}}}]}}}}}}}},"declaration":{"range":[347,1,349,105],"value":{"name":{"range":[347,1,347,7],"value":"shadow"},"arguments":[{"range":[347,8,347,13],"value":{"type":"var","var":{"value":"shade"}}}],"expression":{"range":[348,5,349,105],"value":{"type":"application","application":[{"range":[348,5,348,24],"value":{"type":"functionOrValue","functionOrValue":{"moduleName":["Internal"],"name":"StyleClass"}}},{"range":[348,25,348,40],"value":{"type":"functionOrValue","functionOrValue":{"moduleName":["Flag"],"name":"txtShadows"}}},{"range":[348,41,348,43],"value":{"type":"operator","operator":"<|"}},{"range":[349,9,349,24],"value":{"type":"functionOrValue","functionOrValue":{"moduleName":["Internal"],"name":"Single"}}},{"range":[349,25,349,57],"value":{"type":"parenthesized","parenthesized":{"range":[349,26,349,56],"value":{"type":"application","application":[{"range":[349,26,349,50],"value":{"type":"functionOrValue","functionOrValue":{"moduleName":["Internal"],"name":"textShadowClass"}}},{"range":[349,51,349,56],"value":{"type":"functionOrValue","functionOrValue":{"moduleName":[],"name":"shade"}}}]}}}},{"range":[349,58,349,71],"value":{"type":"literal","literal":"text-shadow"}},{"range":[349,72,349,105],"value":{"type":"parenthesized","parenthesized":{"range":[349,73,349,104],"value":{"type":"application","application":[{"range":[349,73,349,98],"value":{"type":"functionOrValue","functionOrValue":{"moduleName":["Internal"],"name":"formatTextShadow"}}},{"range":[349,99,349,104],"value":{"type":"functionOrValue","functionOrValue":{"moduleName":[],"name":"shade"}}}]}}}}]}}}}}}},{"range":[354,1,372,1],"value":{"type":"function","function":{"documentation":null,"signature":{"range":[354,1,354,45],"value":{"name":{"range":[354,1,354,5],"value":"glow"},"typeAnnotation":{"range":[354,8,354,45],"value":{"type":"function","function":{"left":{"range":[354,8,354,13],"value":{"type":"typed","typed":{"moduleNameAndName":{"range":[354,8,354,13],"value":{"moduleName":[],"name":"Color"}},"args":[]}}},"right":{"range":[354,17,354,45],"value":{"type":"function","function":{"left":{"range":[354,17,354,22],"value":{"type":"typed","typed":{"moduleNameAndName":{"range":[354,17,354,22],"value":{"moduleName":[],"name":"Float"}},"args":[]}}},"right":{"range":[354,26,354,45],"value":{"type":"typed","typed":{"moduleNameAndName":{"range":[354,26,354,30],"value":{"moduleName":[],"name":"Attr"}},"args":[{"range":[354,31,354,41],"value":{"type":"generic","generic":{"value":"decorative"}}},{"range":[354,42,354,45],"value":{"type":"generic","generic":{"value":"msg"}}}]}}}}}}}}}}},"declaration":{"range":[355,1,372,1],"value":{"name":{"range":[355,1,355,5],"value":"glow"},"arguments":[{"range":[355,6,355,9],"value":{"type":"var","var":{"value":"clr"}}},{"range":[355,10,355,11],"value":{"type":"var","var":{"value":"i"}}}],"expression":{"range":[356,5,372,1],"value":{"type":"let","let":{"declarations":[{"range":[357,9,362,5],"value":{"type":"function","function":{"documentation":null,"signature":null,"declaration":{"range":[357,9,361,14],"value":{"name":{"range":[357,9,357,14],"value":"shade"},"arguments":[],"expression":{"range":[358,13,361,14],"value":{"type":"record","record":[{"range":[358,15,358,32],"value":{"field":{"range":[358,15,358,21],"value":"offset"},"expression":{"range":[358,24,358,32],"value":{"type":"tupled","tupled":[{"range":[358,26,358,27],"value":{"type":"integer","integer":0}},{"range":[358,29,358,30],"value":{"type":"integer","integer":0}}]}}}},{"range":[359,15,360,13],"value":{"field":{"range":[359,15,359,19],"value":"blur"},"expression":{"range":[359,22,359,27],"value":{"type":"application","application":[{"range":[359,22,359,23],"value":{"type":"functionOrValue","functionOrValue":{"moduleName":[],"name":"i"}}},{"range":[359,24,359,25],"value":{"type":"operator","operator":"*"}},{"range":[359,26,359,27],"value":{"type":"integer","integer":2}}]}}}},{"range":[360,15,361,13],"value":{"field":{"range":[360,15,360,20],"value":"color"},"expression":{"range":[360,23,360,26],"value":{"type":"functionOrValue","functionOrValue":{"moduleName":[],"name":"clr"}}}}}]}}}}}}}],"expression":{"range":[363,5,364,105],"value":{"type":"application","application":[{"range":[363,5,363,24],"value":{"type":"functionOrValue","functionOrValue":{"moduleName":["Internal"],"name":"StyleClass"}}},{"range":[363,25,363,40],"value":{"type":"functionOrValue","functionOrValue":{"moduleName":["Flag"],"name":"txtShadows"}}},{"range":[363,41,363,43],"value":{"type":"operator","operator":"<|"}},{"range":[364,9,364,24],"value":{"type":"functionOrValue","functionOrValue":{"moduleName":["Internal"],"name":"Single"}}},{"range":[364,25,364,57],"value":{"type":"parenthesized","parenthesized":{"range":[364,26,364,56],"value":{"type":"application","application":[{"range":[364,26,364,50],"value":{"type":"functionOrValue","functionOrValue":{"moduleName":["Internal"],"name":"textShadowClass"}}},{"range":[364,51,364,56],"value":{"type":"functionOrValue","functionOrValue":{"moduleName":[],"name":"shade"}}}]}}}},{"range":[364,58,364,71],"value":{"type":"literal","literal":"text-shadow"}},{"range":[364,72,364,105],"value":{"type":"parenthesized","parenthesized":{"range":[364,73,364,104],"value":{"type":"application","application":[{"range":[364,73,364,98],"value":{"type":"functionOrValue","functionOrValue":{"moduleName":["Internal"],"name":"formatTextShadow"}}},{"range":[364,99,364,104],"value":{"type":"functionOrValue","functionOrValue":{"moduleName":[],"name":"shade"}}}]}}}}]}}}}}}}}}},{"range":[372,1,373,21],"value":{"type":"typeAlias","typeAlias":{"documentation":null,"name":{"range":[372,12,372,19],"value":"Variant"},"generics":[],"typeAnnotation":{"range":[373,5,373,21],"value":{"type":"typed","typed":{"moduleNameAndName":{"range":[373,5,373,21],"value":{"moduleName":["Internal"],"name":"Variant"}},"args":[]}}}}}},{"range":[386,1,399,68],"value":{"type":"function","function":{"documentation":null,"signature":{"range":[386,1,386,35],"value":{"name":{"range":[386,1,386,8],"value":"variant"},"typeAnnotation":{"range":[386,11,386,35],"value":{"type":"function","function":{"left":{"range":[386,11,386,18],"value":{"type":"typed","typed":{"moduleNameAndName":{"range":[386,11,386,18],"value":{"moduleName":[],"name":"Variant"}},"args":[]}}},"right":{"range":[386,22,386,35],"value":{"type":"typed","typed":{"moduleNameAndName":{"range":[386,22,386,31],"value":{"moduleName":[],"name":"Attribute"}},"args":[{"range":[386,32,386,35],"value":{"type":"generic","generic":{"value":"msg"}}}]}}}}}}}},"declaration":{"range":[387,1,399,68],"value":{"name":{"range":[387,1,387,8],"value":"variant"},"arguments":[{"range":[387,9,387,12],"value":{"type":"var","var":{"value":"var"}}}],"expression":{"range":[388,5,399,68],"value":{"type":"case","case":{"cases":[{"pattern":{"range":[389,9,389,36],"value":{"type":"named","named":{"qualified":{"moduleName":["Internal"],"name":"VariantActive"},"patterns":[{"range":[389,32,389,36],"value":{"type":"var","var":{"value":"name"}}}]}}},"expression":{"range":[390,13,390,59],"value":{"type":"application","application":[{"range":[390,13,390,27],"value":{"type":"functionOrValue","functionOrValue":{"moduleName":["Internal"],"name":"Class"}}},{"range":[390,28,390,44],"value":{"type":"functionOrValue","functionOrValue":{"moduleName":["Flag"],"name":"fontVariant"}}},{"range":[390,45,390,59],"value":{"type":"parenthesized","parenthesized":{"range":[390,46,390,58],"value":{"type":"application","application":[{"range":[390,46,390,50],"value":{"type":"literal","literal":"v-"}},{"range":[390,51,390,53],"value":{"type":"operator","operator":"++"}},{"range":[390,54,390,58],"value":{"type":"functionOrValue","functionOrValue":{"moduleName":[],"name":"name"}}}]}}}}]}}},{"pattern":{"range":[392,9,392,33],"value":{"type":"named","named":{"qualified":{"moduleName":["Internal"],"name":"VariantOff"},"patterns":[{"range":[392,29,392,33],"value":{"type":"var","var":{"value":"name"}}}]}}},"expression":{"range":[393,13,393,69],"value":{"type":"application","application":[{"range":[393,13,393,27],"value":{"type":"functionOrValue","functionOrValue":{"moduleName":["Internal"],"name":"Class"}}},{"range":[393,28,393,44],"value":{"type":"functionOrValue","functionOrValue":{"moduleName":["Flag"],"name":"fontVariant"}}},{"range":[393,45,393,69],"value":{"type":"parenthesized","parenthesized":{"range":[393,46,393,68],"value":{"type":"application","application":[{"range":[393,46,393,50],"value":{"type":"literal","literal":"v-"}},{"range":[393,51,393,53],"value":{"type":"operator","operator":"++"}},{"range":[393,54,393,58],"value":{"type":"functionOrValue","functionOrValue":{"moduleName":[],"name":"name"}}},{"range":[393,59,393,61],"value":{"type":"operator","operator":"++"}},{"range":[393,62,393,68],"value":{"type":"literal","literal":"-off"}}]}}}}]}}},{"pattern":{"range":[395,9,395,43],"value":{"type":"named","named":{"qualified":{"moduleName":["Internal"],"name":"VariantIndexed"},"patterns":[{"range":[395,33,395,37],"value":{"type":"var","var":{"value":"name"}}},{"range":[395,38,395,43],"value":{"type":"var","var":{"value":"index"}}}]}}},"expression":{"range":[396,13,399,68],"value":{"type":"application","application":[{"range":[396,13,396,32],"value":{"type":"functionOrValue","functionOrValue":{"moduleName":["Internal"],"name":"StyleClass"}}},{"range":[396,33,396,49],"value":{"type":"functionOrValue","functionOrValue":{"moduleName":["Flag"],"name":"fontVariant"}}},{"range":[396,50,396,52],"value":{"type":"operator","operator":"<|"}},{"range":[397,17,397,32],"value":{"type":"functionOrValue","functionOrValue":{"moduleName":["Internal"],"name":"Single"}}},{"range":[397,33,397,78],"value":{"type":"parenthesized","parenthesized":{"range":[397,34,397,77],"value":{"type":"application","application":[{"range":[397,34,397,38],"value":{"type":"literal","literal":"v-"}},{"range":[397,39,397,41],"value":{"type":"operator","operator":"++"}},{"range":[397,42,397,46],"value":{"type":"functionOrValue","functionOrValue":{"moduleName":[],"name":"name"}}},{"range":[397,47,397,49],"value":{"type":"operator","operator":"++"}},{"range":[397,50,397,53],"value":{"type":"literal","literal":"-"}},{"range":[397,54,397,56],"value":{"type":"operator","operator":"++"}},{"range":[397,57,397,71],"value":{"type":"functionOrValue","functionOrValue":{"moduleName":["String"],"name":"fromInt"}}},{"range":[397,72,397,77],"value":{"type":"functionOrValue","functionOrValue":{"moduleName":[],"name":"index"}}}]}}}},{"range":[398,21,398,44],"value":{"type":"literal","literal":"font-feature-settings"}},{"range":[399,21,399,68],"value":{"type":"parenthesized","parenthesized":{"range":[399,22,399,67],"value":{"type":"application","application":[{"range":[399,22,399,26],"value":{"type":"literal","literal":"\""}},{"range":[399,27,399,29],"value":{"type":"operator","operator":"++"}},{"range":[399,30,399,34],"value":{"type":"functionOrValue","functionOrValue":{"moduleName":[],"name":"name"}}},{"range":[399,35,399,37],"value":{"type":"operator","operator":"++"}},{"range":[399,38,399,43],"value":{"type":"literal","literal":"\" "}},{"range":[399,44,399,46],"value":{"type":"operator","operator":"++"}},{"range":[399,47,399,61],"value":{"type":"functionOrValue","functionOrValue":{"moduleName":["String"],"name":"fromInt"}}},{"range":[399,62,399,67],"value":{"type":"functionOrValue","functionOrValue":{"moduleName":[],"name":"index"}}}]}}}}]}}}],"expression":{"range":[388,10,388,13],"value":{"type":"functionOrValue","functionOrValue":{"moduleName":[],"name":"var"}}}}}}}}}}},{"range":[402,1,408,18],"value":{"type":"function","function":{"documentation":null,"signature":null,"declaration":{"range":[402,1,408,18],"value":{"name":{"range":[402,1,402,12],"value":"isSmallCaps"},"arguments":[{"range":[402,13,402,14],"value":{"type":"var","var":{"value":"x"}}}],"expression":{"range":[403,5,408,18],"value":{"type":"case","case":{"cases":[{"pattern":{"range":[404,9,404,36],"value":{"type":"named","named":{"qualified":{"moduleName":["Internal"],"name":"VariantActive"},"patterns":[{"range":[404,32,404,36],"value":{"type":"var","var":{"value":"feat"}}}]}}},"expression":{"range":[405,13,405,27],"value":{"type":"application","application":[{"range":[405,13,405,17],"value":{"type":"functionOrValue","functionOrValue":{"moduleName":[],"name":"feat"}}},{"range":[405,18,405,20],"value":{"type":"operator","operator":"=="}},{"range":[405,21,405,27],"value":{"type":"literal","literal":"smcp"}}]}}},{"pattern":{"range":[407,9,407,10],"value":{"type":"all","all":{}}},"expression":{"range":[408,13,408,18],"value":{"type":"functionOrValue","functionOrValue":{"moduleName":[],"name":"False"}}}}],"expression":{"range":[403,10,403,11],"value":{"type":"functionOrValue","functionOrValue":{"moduleName":[],"name":"x"}}}}}}}}}}},{"range":[412,1,452,1],"value":{"type":"function","function":{"documentation":null,"signature":{"range":[412,1,412,44],"value":{"name":{"range":[412,1,412,12],"value":"variantList"},"typeAnnotation":{"range":[412,15,412,44],"value":{"type":"function","function":{"left":{"range":[412,15,412,27],"value":{"type":"typed","typed":{"moduleNameAndName":{"range":[412,15,412,19],"value":{"moduleName":[],"name":"List"}},"args":[{"range":[412,20,412,27],"value":{"type":"typed","typed":{"moduleNameAndName":{"range":[412,20,412,27],"value":{"moduleName":[],"name":"Variant"}},"args":[]}}}]}}},"right":{"range":[412,31,412,44],"value":{"type":"typed","typed":{"moduleNameAndName":{"range":[412,31,412,40],"value":{"moduleName":[],"name":"Attribute"}},"args":[{"range":[412,41,412,44],"value":{"type":"generic","generic":{"value":"msg"}}}]}}}}}}}},"declaration":{"range":[413,1,452,1],"value":{"name":{"range":[413,1,413,12],"value":"variantList"},"arguments":[{"range":[413,13,413,17],"value":{"type":"var","var":{"value":"vars"}}}],"expression":{"range":[414,5,452,1],"value":{"type":"let","let":{"declarations":[{"range":[415,9,419,9],"value":{"type":"function","function":{"documentation":null,"signature":null,"declaration":{"range":[415,9,417,51],"value":{"name":{"range":[415,9,415,17],"value":"features"},"arguments":[],"expression":{"range":[416,13,417,51],"value":{"type":"application","application":[{"range":[416,13,416,17],"value":{"type":"functionOrValue","functionOrValue":{"moduleName":[],"name":"vars"}}},{"range":[417,17,417,19],"value":{"type":"operator","operator":"|>"}},{"range":[417,20,417,28],"value":{"type":"functionOrValue","functionOrValue":{"moduleName":["List"],"name":"map"}}},{"range":[417,29,417,51],"value":{"type":"functionOrValue","functionOrValue":{"moduleName":["Internal"],"name":"renderVariant"}}}]}}}}}}},{"range":[419,9,422,9],"value":{"type":"function","function":{"documentation":null,"signature":null,"declaration":{"range":[419,9,420,38],"value":{"name":{"range":[419,9,419,21],"value":"hasSmallCaps"},"arguments":[],"expression":{"range":[420,13,420,38],"value":{"type":"application","application":[{"range":[420,13,420,21],"value":{"type":"functionOrValue","functionOrValue":{"moduleName":["List"],"name":"any"}}},{"range":[420,22,420,33],"value":{"type":"functionOrValue","functionOrValue":{"moduleName":[],"name":"isSmallCaps"}}},{"range":[420,34,420,38],"value":{"type":"functionOrValue","functionOrValue":{"moduleName":[],"name":"vars"}}}]}}}}}}},{"range":[422,9,434,9],"value":{"type":"function","function":{"documentation":null,"signature":null,"declaration":{"range":[422,9,434,9],"value":{"name":{"range":[422,9,422,13],"value":"name"},"arguments":[],"expression":{"range":[423,13,434,9],"value":{"type":"ifBlock","ifBlock":{"clause":{"range":[423,16,423,28],"value":{"type":"functionOrValue","functionOrValue":{"moduleName":[],"name":"hasSmallCaps"}}},"then":{"range":[424,17,427,42],"value":{"type":"application","application":[{"range":[424,17,424,21],"value":{"type":"functionOrValue","functionOrValue":{"moduleName":[],"name":"vars"}}},{"range":[425,21,425,23],"value":{"type":"operator","operator":"|>"}},{"range":[425,24,425,32],"value":{"type":"functionOrValue","functionOrValue":{"moduleName":["List"],"name":"map"}}},{"range":[425,33,425,53],"value":{"type":"functionOrValue","functionOrValue":{"moduleName":["Internal"],"name":"variantName"}}},{"range":[426,21,426,23],"value":{"type":"operator","operator":"|>"}},{"range":[426,24,426,35],"value":{"type":"functionOrValue","functionOrValue":{"moduleName":["String"],"name":"join"}}},{"range":[426,36,426,39],"value":{"type":"literal","literal":"-"}},{"range":[427,21,427,23],"value":{"type":"operator","operator":"|>"}},{"range":[427,24,427,42],"value":{"type":"parenthesized","parenthesized":{"range":[427,25,427,41],"value":{"type":"lambda","lambda":{"patterns":[{"range":[427,26,427,27],"value":{"type":"var","var":{"value":"x"}}}],"expression":{"range":[427,31,427,41],"value":{"type":"application","application":[{"range":[427,31,427,32],"value":{"type":"functionOrValue","functionOrValue":{"moduleName":[],"name":"x"}}},{"range":[427,33,427,35],"value":{"type":"operator","operator":"++"}},{"range":[427,36,427,41],"value":{"type":"literal","literal":"-sc"}}]}}}}}}}]}},"else":{"range":[430,17,432,39],"value":{"type":"application","application":[{"range":[430,17,430,21],"value":{"type":"functionOrValue","functionOrValue":{"moduleName":[],"name":"vars"}}},{"range":[431,21,431,23],"value":{"type":"operator","operator":"|>"}},{"range":[431,24,431,32],"value":{"type":"functionOrValue","functionOrValue":{"moduleName":["List"],"name":"map"}}},{"range":[431,33,431,53],"value":{"type":"functionOrValue","functionOrValue":{"moduleName":["Internal"],"name":"variantName"}}},{"range":[432,21,432,23],"value":{"type":"operator","operator":"|>"}},{"range":[432,24,432,35],"value":{"type":"functionOrValue","functionOrValue":{"moduleName":["String"],"name":"join"}}},{"range":[432,36,432,39],"value":{"type":"literal","literal":"-"}}]}}}}}}}}}},{"range":[434,9,436,5],"value":{"type":"function","function":{"documentation":null,"signature":null,"declaration":{"range":[434,9,435,38],"value":{"name":{"range":[434,9,434,22],"value":"featureString"},"arguments":[],"expression":{"range":[435,13,435,38],"value":{"type":"application","application":[{"range":[435,13,435,24],"value":{"type":"functionOrValue","functionOrValue":{"moduleName":["String"],"name":"join"}}},{"range":[435,25,435,29],"value":{"type":"literal","literal":", "}},{"range":[435,30,435,38],"value":{"type":"functionOrValue","functionOrValue":{"moduleName":[],"name":"features"}}}]}}}}}}}],"expression":{"range":[437,5,447,14],"value":{"type":"application","application":[{"range":[437,5,437,24],"value":{"type":"functionOrValue","functionOrValue":{"moduleName":["Internal"],"name":"StyleClass"}}},{"range":[437,25,437,41],"value":{"type":"functionOrValue","functionOrValue":{"moduleName":["Flag"],"name":"fontVariant"}}},{"range":[437,42,437,44],"value":{"type":"operator","operator":"<|"}},{"range":[438,9,438,23],"value":{"type":"functionOrValue","functionOrValue":{"moduleName":["Internal"],"name":"Style"}}},{"range":[438,24,438,38],"value":{"type":"parenthesized","parenthesized":{"range":[438,25,438,37],"value":{"type":"application","application":[{"range":[438,25,438,29],"value":{"type":"literal","literal":"v-"}},{"range":[438,30,438,32],"value":{"type":"operator","operator":"++"}},{"range":[438,33,438,37],"value":{"type":"functionOrValue","functionOrValue":{"moduleName":[],"name":"name"}}}]}}}},{"range":[439,13,447,14],"value":{"type":"list","list":[{"range":[439,15,439,70],"value":{"type":"application","application":[{"range":[439,15,439,32],"value":{"type":"functionOrValue","functionOrValue":{"moduleName":["Internal"],"name":"Property"}}},{"range":[439,33,439,56],"value":{"type":"literal","literal":"font-feature-settings"}},{"range":[439,57,439,70],"value":{"type":"functionOrValue","functionOrValue":{"moduleName":[],"name":"featureString"}}}]}},{"range":[440,15,446,18],"value":{"type":"application","application":[{"range":[440,15,440,32],"value":{"type":"functionOrValue","functionOrValue":{"moduleName":["Internal"],"name":"Property"}}},{"range":[440,33,440,47],"value":{"type":"literal","literal":"font-variant"}},{"range":[441,17,446,18],"value":{"type":"parenthesized","parenthesized":{"range":[441,18,446,17],"value":{"type":"ifBlock","ifBlock":{"clause":{"range":[441,21,441,33],"value":{"type":"functionOrValue","functionOrValue":{"moduleName":[],"name":"hasSmallCaps"}}},"then":{"range":[442,21,442,33],"value":{"type":"literal","literal":"small-caps"}},"else":{"range":[445,21,445,29],"value":{"type":"literal","literal":"normal"}}}}}}}]}}]}}]}}}}}}}}}},{"range":[452,1,454,34],"value":{"type":"function","function":{"documentation":null,"signature":{"range":[452,1,452,20],"value":{"name":{"range":[452,1,452,10],"value":"smallCaps"},"typeAnnotation":{"range":[452,13,452,20],"value":{"type":"typed","typed":{"moduleNameAndName":{"range":[452,13,452,20],"value":{"moduleName":[],"name":"Variant"}},"args":[]}}}}},"declaration":{"range":[453,1,454,34],"value":{"name":{"range":[453,1,453,10],"value":"smallCaps"},"arguments":[],"expression":{"range":[454,5,454,34],"value":{"type":"application","application":[{"range":[454,5,454,27],"value":{"type":"functionOrValue","functionOrValue":{"moduleName":["Internal"],"name":"VariantActive"}}},{"range":[454,28,454,34],"value":{"type":"literal","literal":"smcp"}}]}}}}}}},{"range":[459,1,461,34],"value":{"type":"function","function":{"documentation":null,"signature":{"range":[459,1,459,22],"value":{"name":{"range":[459,1,459,12],"value":"slashedZero"},"typeAnnotation":{"range":[459,15,459,22],"value":{"type":"typed","typed":{"moduleNameAndName":{"range":[459,15,459,22],"value":{"moduleName":[],"name":"Variant"}},"args":[]}}}}},"declaration":{"range":[460,1,461,34],"value":{"name":{"range":[460,1,460,12],"value":"slashedZero"},"arguments":[],"expression":{"range":[461,5,461,34],"value":{"type":"application","application":[{"range":[461,5,461,27],"value":{"type":"functionOrValue","functionOrValue":{"moduleName":["Internal"],"name":"VariantActive"}}},{"range":[461,28,461,34],"value":{"type":"literal","literal":"zero"}}]}}}}}}},{"range":[465,1,467,34],"value":{"type":"function","function":{"documentation":null,"signature":{"range":[465,1,465,20],"value":{"name":{"range":[465,1,465,10],"value":"ligatures"},"typeAnnotation":{"range":[465,13,465,20],"value":{"type":"typed","typed":{"moduleNameAndName":{"range":[465,13,465,20],"value":{"moduleName":[],"name":"Variant"}},"args":[]}}}}},"declaration":{"range":[466,1,467,34],"value":{"name":{"range":[466,1,466,10],"value":"ligatures"},"arguments":[],"expression":{"range":[467,5,467,34],"value":{"type":"application","application":[{"range":[467,5,467,27],"value":{"type":"functionOrValue","functionOrValue":{"moduleName":["Internal"],"name":"VariantActive"}}},{"range":[467,28,467,34],"value":{"type":"literal","literal":"liga"}}]}}}}}}},{"range":[472,1,474,34],"value":{"type":"function","function":{"documentation":null,"signature":{"range":[472,1,472,18],"value":{"name":{"range":[472,1,472,8],"value":"ordinal"},"typeAnnotation":{"range":[472,11,472,18],"value":{"type":"typed","typed":{"moduleNameAndName":{"range":[472,11,472,18],"value":{"moduleName":[],"name":"Variant"}},"args":[]}}}}},"declaration":{"range":[473,1,474,34],"value":{"name":{"range":[473,1,473,8],"value":"ordinal"},"arguments":[],"expression":{"range":[474,5,474,34],"value":{"type":"application","application":[{"range":[474,5,474,27],"value":{"type":"functionOrValue","functionOrValue":{"moduleName":["Internal"],"name":"VariantActive"}}},{"range":[474,28,474,34],"value":{"type":"literal","literal":"ordn"}}]}}}}}}},{"range":[479,1,481,34],"value":{"type":"function","function":{"documentation":null,"signature":{"range":[479,1,479,25],"value":{"name":{"range":[479,1,479,15],"value":"tabularNumbers"},"typeAnnotation":{"range":[479,18,479,25],"value":{"type":"typed","typed":{"moduleNameAndName":{"range":[479,18,479,25],"value":{"moduleName":[],"name":"Variant"}},"args":[]}}}}},"declaration":{"range":[480,1,481,34],"value":{"name":{"range":[480,1,480,15],"value":"tabularNumbers"},"arguments":[],"expression":{"range":[481,5,481,34],"value":{"type":"application","application":[{"range":[481,5,481,27],"value":{"type":"functionOrValue","functionOrValue":{"moduleName":["Internal"],"name":"VariantActive"}}},{"range":[481,28,481,34],"value":{"type":"literal","literal":"tnum"}}]}}}}}}},{"range":[486,1,488,34],"value":{"type":"function","function":{"documentation":null,"signature":{"range":[486,1,486,27],"value":{"name":{"range":[486,1,486,17],"value":"stackedFractions"},"typeAnnotation":{"range":[486,20,486,27],"value":{"type":"typed","typed":{"moduleNameAndName":{"range":[486,20,486,27],"value":{"moduleName":[],"name":"Variant"}},"args":[]}}}}},"declaration":{"range":[487,1,488,34],"value":{"name":{"range":[487,1,487,17],"value":"stackedFractions"},"arguments":[],"expression":{"range":[488,5,488,34],"value":{"type":"application","application":[{"range":[488,5,488,27],"value":{"type":"functionOrValue","functionOrValue":{"moduleName":["Internal"],"name":"VariantActive"}}},{"range":[488,28,488,34],"value":{"type":"literal","literal":"afrc"}}]}}}}}}},{"range":[493,1,495,34],"value":{"type":"function","function":{"documentation":null,"signature":{"range":[493,1,493,28],"value":{"name":{"range":[493,1,493,18],"value":"diagonalFractions"},"typeAnnotation":{"range":[493,21,493,28],"value":{"type":"typed","typed":{"moduleNameAndName":{"range":[493,21,493,28],"value":{"moduleName":[],"name":"Variant"}},"args":[]}}}}},"declaration":{"range":[494,1,495,34],"value":{"name":{"range":[494,1,494,18],"value":"diagonalFractions"},"arguments":[],"expression":{"range":[495,5,495,34],"value":{"type":"application","application":[{"range":[495,5,495,27],"value":{"type":"functionOrValue","functionOrValue":{"moduleName":["Internal"],"name":"VariantActive"}}},{"range":[495,28,495,34],"value":{"type":"literal","literal":"frac"}}]}}}}}}},{"range":[499,1,501,35],"value":{"type":"function","function":{"documentation":null,"signature":{"range":[499,1,499,23],"value":{"name":{"range":[499,1,499,6],"value":"swash"},"typeAnnotation":{"range":[499,9,499,23],"value":{"type":"function","function":{"left":{"range":[499,9,499,12],"value":{"type":"typed","typed":{"moduleNameAndName":{"range":[499,9,499,12],"value":{"moduleName":[],"name":"Int"}},"args":[]}}},"right":{"range":[499,16,499,23],"value":{"type":"typed","typed":{"moduleNameAndName":{"range":[499,16,499,23],"value":{"moduleName":[],"name":"Variant"}},"args":[]}}}}}}}},"declaration":{"range":[500,1,501,35],"value":{"name":{"range":[500,1,500,6],"value":"swash"},"arguments":[],"expression":{"range":[501,5,501,35],"value":{"type":"application","application":[{"range":[501,5,501,28],"value":{"type":"functionOrValue","functionOrValue":{"moduleName":["Internal"],"name":"VariantIndexed"}}},{"range":[501,29,501,35],"value":{"type":"literal","literal":"swsh"}}]}}}}}}},{"range":[509,1,523,1],"value":{"type":"function","function":{"documentation":null,"signature":{"range":[509,1,509,36],"value":{"name":{"range":[509,1,509,8],"value":"feature"},"typeAnnotation":{"range":[509,11,509,36],"value":{"type":"function","function":{"left":{"range":[509,11,509,17],"value":{"type":"typed","typed":{"moduleNameAndName":{"range":[509,11,509,17],"value":{"moduleName":[],"name":"String"}},"args":[]}}},"right":{"range":[509,21,509,36],"value":{"type":"function","function":{"left":{"range":[509,21,509,25],"value":{"type":"typed","typed":{"moduleNameAndName":{"range":[509,21,509,25],"value":{"moduleName":[],"name":"Bool"}},"args":[]}}},"right":{"range":[509,29,509,36],"value":{"type":"typed","typed":{"moduleNameAndName":{"range":[509,29,509,36],"value":{"moduleName":[],"name":"Variant"}},"args":[]}}}}}}}}}}},"declaration":{"range":[510,1,523,1],"value":{"name":{"range":[510,1,510,8],"value":"feature"},"arguments":[{"range":[510,9,510,13],"value":{"type":"var","var":{"value":"name"}}},{"range":[510,14,510,16],"value":{"type":"var","var":{"value":"on"}}}],"expression":{"range":[511,5,523,1],"value":{"type":"ifBlock","ifBlock":{"clause":{"range":[511,8,511,10],"value":{"type":"functionOrValue","functionOrValue":{"moduleName":[],"name":"on"}}},"then":{"range":[512,9,512,39],"value":{"type":"application","application":[{"range":[512,9,512,32],"value":{"type":"functionOrValue","functionOrValue":{"moduleName":["Internal"],"name":"VariantIndexed"}}},{"range":[512,33,512,37],"value":{"type":"functionOrValue","functionOrValue":{"moduleName":[],"name":"name"}}},{"range":[512,38,512,39],"value":{"type":"integer","integer":1}}]}},"else":{"range":[515,9,515,39],"value":{"type":"application","application":[{"range":[515,9,515,32],"value":{"type":"functionOrValue","functionOrValue":{"moduleName":["Internal"],"name":"VariantIndexed"}}},{"range":[515,33,515,37],"value":{"type":"functionOrValue","functionOrValue":{"moduleName":[],"name":"name"}}},{"range":[515,38,515,39],"value":{"type":"integer","integer":0}}]}}}}}}}}}},{"range":[523,1,525,36],"value":{"type":"function","function":{"documentation":null,"signature":{"range":[523,1,523,35],"value":{"name":{"range":[523,1,523,8],"value":"indexed"},"typeAnnotation":{"range":[523,11,523,35],"value":{"type":"function","function":{"left":{"range":[523,11,523,17],"value":{"type":"typed","typed":{"moduleNameAndName":{"range":[523,11,523,17],"value":{"moduleName":[],"name":"String"}},"args":[]}}},"right":{"range":[523,21,523,35],"value":{"type":"function","function":{"left":{"range":[523,21,523,24],"value":{"type":"typed","typed":{"moduleNameAndName":{"range":[523,21,523,24],"value":{"moduleName":[],"name":"Int"}},"args":[]}}},"right":{"range":[523,28,523,35],"value":{"type":"typed","typed":{"moduleNameAndName":{"range":[523,28,523,35],"value":{"moduleName":[],"name":"Variant"}},"args":[]}}}}}}}}}}},"declaration":{"range":[524,1,525,36],"value":{"name":{"range":[524,1,524,8],"value":"indexed"},"arguments":[{"range":[524,9,524,13],"value":{"type":"var","var":{"value":"name"}}},{"range":[524,14,524,16],"value":{"type":"var","var":{"value":"on"}}}],"expression":{"range":[525,5,525,36],"value":{"type":"application","application":[{"range":[525,5,525,28],"value":{"type":"functionOrValue","functionOrValue":{"moduleName":["Internal"],"name":"VariantIndexed"}}},{"range":[525,29,525,33],"value":{"type":"functionOrValue","functionOrValue":{"moduleName":[],"name":"name"}}},{"range":[525,34,525,36],"value":{"type":"functionOrValue","functionOrValue":{"moduleName":[],"name":"on"}}}]}}}}}}}],"comments":[{"range":[518,1,522,3],"value":"{-| A font variant might have multiple versions within the font.\n\nIn these cases we need to specify the index of the version we want.\n\n-}"},{"range":[504,1,508,3],"value":"{-| Set a feature by name and whether it should be on or off.\n\nFeature names are four-letter names as defined in the [OpenType specification](https://docs.microsoft.com/en-us/typography/opentype/spec/featurelist).\n\n-}"},{"range":[498,1,498,7],"value":"{-| -}"},{"range":[491,1,492,3],"value":"{-| Render fractions\n-}"},{"range":[484,1,485,3],"value":"{-| Render fractions with the numerator stacked on top of the denominator.\n-}"},{"range":[477,1,478,3],"value":"{-| Number figures will each take up the same space, allowing them to be easily aligned, such as in tables.\n-}"},{"range":[470,1,471,3],"value":"{-| Oridinal markers like `1st` and `2nd` will receive special glyphs.\n-}"},{"range":[464,1,464,7],"value":"{-| -}"},{"range":[457,1,458,3],"value":"{-| Add a slash when rendering `0`\n-}"},{"range":[450,1,451,3],"value":"{-| [Small caps](https://en.wikipedia.org/wiki/Small_caps) are rendered using uppercase glyphs, but at the size of lowercase glyphs.\n-}"},{"range":[411,1,411,7],"value":"{-| -}"},{"range":[376,1,385,3],"value":"{-| You can use this to set a single variant on an element itself such as:\n\n    el\n        [ Font.variant Font.smallcaps\n        ]\n        (text \"rendered with smallcaps\")\n\n**Note** These will **not** stack. If you want multiple variants, you should use `Font.variantList`.\n\n-}"},{"range":[371,1,371,7],"value":"{-| -}"},{"range":[368,1,368,15],"value":"{- Variants -}"},{"range":[352,1,353,3],"value":"{-| A glow is just a simplified shadow.\n-}"},{"range":[340,1,340,7],"value":"{-| -}"},{"range":[333,1,334,3],"value":"{-| This will reset bold and italic.\n-}"},{"range":[327,1,327,7],"value":"{-| -}"},{"range":[321,1,321,7],"value":"{-| -}"},{"range":[315,1,315,7],"value":"{-| -}"},{"range":[309,1,309,7],"value":"{-| -}"},{"range":[303,1,303,7],"value":"{-| -}"},{"range":[297,1,297,7],"value":"{-| -}"},{"range":[291,1,291,7],"value":"{-| -}"},{"range":[285,1,285,7],"value":"{-| -}"},{"range":[279,1,279,7],"value":"{-| -}"},{"range":[273,1,273,7],"value":"{-| -}"},{"range":[267,1,267,7],"value":"{-| -}"},{"range":[261,1,261,7],"value":"{-| -}"},{"range":[258,1,258,44],"value":"--     Internal.class classesTextJustifyAll"},{"range":[257,1,257,16],"value":"-- justifyAll ="},{"range":[256,1,256,30],"value":"-- justifyAll : Attribute msg"},{"range":[255,1,255,10],"value":"-- {-| -}"},{"range":[248,1,248,7],"value":"{-| -}"},{"range":[241,1,242,3],"value":"{-| Center align the font.\n-}"},{"range":[234,1,235,3],"value":"{-| Align the font to the right.\n-}"},{"range":[227,1,228,3],"value":"{-| Align the font to the left.\n-}"},{"range":[219,1,220,3],"value":"{-| In `px`.\n-}"},{"range":[208,1,209,3],"value":"{-| In `px`.\n-}"},{"range":[201,1,202,3],"value":"{-| Font sizes are always given as `px`.\n-}"},{"range":[172,1,195,3],"value":"{-| **Note** it's likely that `Font.external` will cause a flash on your page on loading.\n\nTo bypass this, import your fonts using a separate stylesheet and just use `Font.typeface`.\n\nIt's likely that `Font.external` will be removed or redesigned in the future to avoid the flashing.\n\n`Font.external` can be used to import font files. Let's say you found a neat font on <http://fonts.google.com>:\n\n    import Element\n    import Element.Font as Font\n\n    view =\n        Element.el\n            [ Font.family\n                [ Font.external\n                    { name = \"Roboto\"\n                    , url = \"https://fonts.googleapis.com/css?family=Roboto\"\n                    }\n                , Font.sansSerif\n                ]\n            ]\n            (Element.text \"Woohoo, I'm stylish text\")\n\n-}"},{"range":[166,1,166,7],"value":"{-| -}"},{"range":[160,1,160,7],"value":"{-| -}"},{"range":[149,1,149,7],"value":"{-| -}"},{"range":[140,1,140,7],"value":"{-| -}"},{"range":[134,1,134,7],"value":"{-| -}"},{"range":[128,1,128,7],"value":"{-| -}"},{"range":[122,1,122,7],"value":"{-| -}"},{"range":[116,1,116,7],"value":"{-| -}"},{"range":[91,1,105,3],"value":"{-|\n\n    import Element\n    import Element.Font as Font\n\n    myElement =\n        Element.el\n            [ Font.family\n                [ Font.typeface \"Helvetica\"\n                , Font.sansSerif\n                ]\n            ]\n            (text \"\")\n\n-}"},{"range":[79,1,79,7],"value":"{-| -}"},{"range":[74,1,74,7],"value":"{-| -}"},{"range":[12,1,66,3],"value":"{-|\n\n    import Element\n    import Element.Font as Font\n\n    view =\n        Element.el\n            [ Font.color (Element.rgb 0 0 1)\n            , Font.size 18\n            , Font.family\n                [ Font.typeface \"Open Sans\"\n                , Font.sansSerif\n                ]\n            ]\n            (Element.text \"Woohoo, I'm stylish text\")\n\n**Note:** `Font.color`, `Font.size`, and `Font.family` are inherited, meaning you can set them at the top of your view and all subsequent nodes will have that value.\n\n**Other Note:** If you're looking for something like `line-height`, it's handled by `Element.spacing` on a `paragraph`.\n\n@docs color, size\n\n\n## Typefaces\n\n@docs family, Font, typeface, serif, sansSerif, monospace\n\n@docs external\n\n\n## Alignment and Spacing\n\n@docs alignLeft, alignRight, center, justify, letterSpacing, wordSpacing\n\n\n## Font Styles\n\n@docs underline, strike, italic, unitalicized\n\n\n## Font Weight\n\n@docs heavy, extraBold, bold, semiBold, medium, regular, light, extraLight, hairline\n\n\n## Variants\n\n@docs Variant, variant, variantList, smallCaps, slashedZero, ligatures, ordinal, tabularNumbers, stackedFractions, diagonalFractions, swash, feature, indexed\n\n\n## Shadows\n\n@docs glow, shadow\n\n-}"}]}