{"moduleDefinition":{"range":[1,1,4,6],"value":{"type":"normal","normal":{"moduleName":{"range":[1,8,1,26],"value":["Element","Background"]},"exposingList":{"range":[1,27,4,6],"value":{"type":"explicit","explicit":[{"range":[2,7,2,12],"value":{"type":"function","function":{"name":"color"}}},{"range":[2,14,2,22],"value":{"type":"function","function":{"name":"gradient"}}},{"range":[3,7,3,12],"value":{"type":"function","function":{"name":"image"}}},{"range":[3,14,3,23],"value":{"type":"function","function":{"name":"uncropped"}}},{"range":[3,25,3,30],"value":{"type":"function","function":{"name":"tiled"}}},{"range":[3,32,3,38],"value":{"type":"function","function":{"name":"tiledX"}}},{"range":[3,40,3,46],"value":{"type":"function","function":{"name":"tiledY"}}}]}}}}},"imports":[{"range":[19,1,19,49],"value":{"moduleName":{"range":[19,8,19,15],"value":["Element"]},"moduleAlias":null,"exposingList":{"range":[19,16,19,49],"value":{"type":"explicit","explicit":[{"range":[19,26,19,30],"value":{"type":"typeOrAlias","typeOrAlias":{"name":"Attr"}}},{"range":[19,32,19,41],"value":{"type":"typeOrAlias","typeOrAlias":{"name":"Attribute"}}},{"range":[19,43,19,48],"value":{"type":"typeOrAlias","typeOrAlias":{"name":"Color"}}}]}}}},{"range":[20,1,20,29],"value":{"moduleName":{"range":[20,8,20,21],"value":["Internal","Flag"]},"moduleAlias":{"range":[20,25,20,29],"value":["Flag"]},"exposingList":null}},{"range":[21,1,21,34],"value":{"moduleName":{"range":[21,8,21,22],"value":["Internal","Model"]},"moduleAlias":{"range":[21,26,21,34],"value":["Internal"]},"exposingList":null}},{"range":[22,1,22,18],"value":{"moduleName":{"range":[22,8,22,18],"value":["VirtualDom"]},"moduleAlias":null,"exposingList":null}}],"declarations":[{"range":[26,1,28,120],"value":{"type":"function","function":{"documentation":null,"signature":{"range":[26,1,26,37],"value":{"name":{"range":[26,1,26,6],"value":"color"},"typeAnnotation":{"range":[26,9,26,37],"value":{"type":"function","function":{"left":{"range":[26,9,26,14],"value":{"type":"typed","typed":{"moduleNameAndName":{"range":[26,9,26,14],"value":{"moduleName":[],"name":"Color"}},"args":[]}}},"right":{"range":[26,18,26,37],"value":{"type":"typed","typed":{"moduleNameAndName":{"range":[26,18,26,22],"value":{"moduleName":[],"name":"Attr"}},"args":[{"range":[26,23,26,33],"value":{"type":"generic","generic":{"value":"decorative"}}},{"range":[26,34,26,37],"value":{"type":"generic","generic":{"value":"msg"}}}]}}}}}}}},"declaration":{"range":[27,1,28,120],"value":{"name":{"range":[27,1,27,6],"value":"color"},"arguments":[{"range":[27,7,27,10],"value":{"type":"var","var":{"value":"clr"}}}],"expression":{"range":[28,5,28,120],"value":{"type":"application","application":[{"range":[28,5,28,24],"value":{"type":"functionOrValue","functionOrValue":{"moduleName":["Internal"],"name":"StyleClass"}}},{"range":[28,25,28,37],"value":{"type":"functionOrValue","functionOrValue":{"moduleName":["Flag"],"name":"bgColor"}}},{"range":[28,38,28,120],"value":{"type":"parenthesized","parenthesized":{"range":[28,39,28,119],"value":{"type":"application","application":[{"range":[28,39,28,55],"value":{"type":"functionOrValue","functionOrValue":{"moduleName":["Internal"],"name":"Colored"}}},{"range":[28,56,28,96],"value":{"type":"parenthesized","parenthesized":{"range":[28,57,28,95],"value":{"type":"application","application":[{"range":[28,57,28,62],"value":{"type":"literal","literal":"bg-"}},{"range":[28,63,28,65],"value":{"type":"operator","operator":"++"}},{"range":[28,66,28,91],"value":{"type":"functionOrValue","functionOrValue":{"moduleName":["Internal"],"name":"formatColorClass"}}},{"range":[28,92,28,95],"value":{"type":"functionOrValue","functionOrValue":{"moduleName":[],"name":"clr"}}}]}}}},{"range":[28,97,28,115],"value":{"type":"literal","literal":"background-color"}},{"range":[28,116,28,119],"value":{"type":"functionOrValue","functionOrValue":{"moduleName":[],"name":"clr"}}}]}}}}]}}}}}}},{"range":[33,1,35,102],"value":{"type":"function","function":{"documentation":null,"signature":{"range":[33,1,33,32],"value":{"name":{"range":[33,1,33,6],"value":"image"},"typeAnnotation":{"range":[33,9,33,32],"value":{"type":"function","function":{"left":{"range":[33,9,33,15],"value":{"type":"typed","typed":{"moduleNameAndName":{"range":[33,9,33,15],"value":{"moduleName":[],"name":"String"}},"args":[]}}},"right":{"range":[33,19,33,32],"value":{"type":"typed","typed":{"moduleNameAndName":{"range":[33,19,33,28],"value":{"moduleName":[],"name":"Attribute"}},"args":[{"range":[33,29,33,32],"value":{"type":"generic","generic":{"value":"msg"}}}]}}}}}}}},"declaration":{"range":[34,1,35,102],"value":{"name":{"range":[34,1,34,6],"value":"image"},"arguments":[{"range":[34,7,34,10],"value":{"type":"var","var":{"value":"src"}}}],"expression":{"range":[35,5,35,102],"value":{"type":"application","application":[{"range":[35,5,35,18],"value":{"type":"functionOrValue","functionOrValue":{"moduleName":["Internal"],"name":"Attr"}}},{"range":[35,19,35,102],"value":{"type":"parenthesized","parenthesized":{"range":[35,20,35,101],"value":{"type":"application","application":[{"range":[35,20,35,36],"value":{"type":"functionOrValue","functionOrValue":{"moduleName":["VirtualDom"],"name":"style"}}},{"range":[35,37,35,49],"value":{"type":"literal","literal":"background"}},{"range":[35,50,35,101],"value":{"type":"parenthesized","parenthesized":{"range":[35,51,35,100],"value":{"type":"application","application":[{"range":[35,51,35,59],"value":{"type":"literal","literal":"url(\""}},{"range":[35,60,35,62],"value":{"type":"operator","operator":"++"}},{"range":[35,63,35,66],"value":{"type":"functionOrValue","functionOrValue":{"moduleName":[],"name":"src"}}},{"range":[35,67,35,69],"value":{"type":"operator","operator":"++"}},{"range":[35,70,35,100],"value":{"type":"literal","literal":"\") center / cover no-repeat"}}]}}}}]}}}}]}}}}}}},{"range":[40,1,42,104],"value":{"type":"function","function":{"documentation":null,"signature":{"range":[40,1,40,36],"value":{"name":{"range":[40,1,40,10],"value":"uncropped"},"typeAnnotation":{"range":[40,13,40,36],"value":{"type":"function","function":{"left":{"range":[40,13,40,19],"value":{"type":"typed","typed":{"moduleNameAndName":{"range":[40,13,40,19],"value":{"moduleName":[],"name":"String"}},"args":[]}}},"right":{"range":[40,23,40,36],"value":{"type":"typed","typed":{"moduleNameAndName":{"range":[40,23,40,32],"value":{"moduleName":[],"name":"Attribute"}},"args":[{"range":[40,33,40,36],"value":{"type":"generic","generic":{"value":"msg"}}}]}}}}}}}},"declaration":{"range":[41,1,42,104],"value":{"name":{"range":[41,1,41,10],"value":"uncropped"},"arguments":[{"range":[41,11,41,14],"value":{"type":"var","var":{"value":"src"}}}],"expression":{"range":[42,5,42,104],"value":{"type":"application","application":[{"range":[42,5,42,18],"value":{"type":"functionOrValue","functionOrValue":{"moduleName":["Internal"],"name":"Attr"}}},{"range":[42,19,42,104],"value":{"type":"parenthesized","parenthesized":{"range":[42,20,42,103],"value":{"type":"application","application":[{"range":[42,20,42,36],"value":{"type":"functionOrValue","functionOrValue":{"moduleName":["VirtualDom"],"name":"style"}}},{"range":[42,37,42,49],"value":{"type":"literal","literal":"background"}},{"range":[42,50,42,103],"value":{"type":"parenthesized","parenthesized":{"range":[42,51,42,102],"value":{"type":"application","application":[{"range":[42,51,42,59],"value":{"type":"literal","literal":"url(\""}},{"range":[42,60,42,62],"value":{"type":"operator","operator":"++"}},{"range":[42,63,42,66],"value":{"type":"functionOrValue","functionOrValue":{"moduleName":[],"name":"src"}}},{"range":[42,67,42,69],"value":{"type":"operator","operator":"++"}},{"range":[42,70,42,102],"value":{"type":"literal","literal":"\") center / contain no-repeat"}}]}}}}]}}}}]}}}}}}},{"range":[47,1,49,84],"value":{"type":"function","function":{"documentation":null,"signature":{"range":[47,1,47,32],"value":{"name":{"range":[47,1,47,6],"value":"tiled"},"typeAnnotation":{"range":[47,9,47,32],"value":{"type":"function","function":{"left":{"range":[47,9,47,15],"value":{"type":"typed","typed":{"moduleNameAndName":{"range":[47,9,47,15],"value":{"moduleName":[],"name":"String"}},"args":[]}}},"right":{"range":[47,19,47,32],"value":{"type":"typed","typed":{"moduleNameAndName":{"range":[47,19,47,28],"value":{"moduleName":[],"name":"Attribute"}},"args":[{"range":[47,29,47,32],"value":{"type":"generic","generic":{"value":"msg"}}}]}}}}}}}},"declaration":{"range":[48,1,49,84],"value":{"name":{"range":[48,1,48,6],"value":"tiled"},"arguments":[{"range":[48,7,48,10],"value":{"type":"var","var":{"value":"src"}}}],"expression":{"range":[49,5,49,84],"value":{"type":"application","application":[{"range":[49,5,49,18],"value":{"type":"functionOrValue","functionOrValue":{"moduleName":["Internal"],"name":"Attr"}}},{"range":[49,19,49,84],"value":{"type":"parenthesized","parenthesized":{"range":[49,20,49,83],"value":{"type":"application","application":[{"range":[49,20,49,36],"value":{"type":"functionOrValue","functionOrValue":{"moduleName":["VirtualDom"],"name":"style"}}},{"range":[49,37,49,49],"value":{"type":"literal","literal":"background"}},{"range":[49,50,49,83],"value":{"type":"parenthesized","parenthesized":{"range":[49,51,49,82],"value":{"type":"application","application":[{"range":[49,51,49,59],"value":{"type":"literal","literal":"url(\""}},{"range":[49,60,49,62],"value":{"type":"operator","operator":"++"}},{"range":[49,63,49,66],"value":{"type":"functionOrValue","functionOrValue":{"moduleName":[],"name":"src"}}},{"range":[49,67,49,69],"value":{"type":"operator","operator":"++"}},{"range":[49,70,49,82],"value":{"type":"literal","literal":"\") repeat"}}]}}}}]}}}}]}}}}}}},{"range":[54,1,56,86],"value":{"type":"function","function":{"documentation":null,"signature":{"range":[54,1,54,33],"value":{"name":{"range":[54,1,54,7],"value":"tiledX"},"typeAnnotation":{"range":[54,10,54,33],"value":{"type":"function","function":{"left":{"range":[54,10,54,16],"value":{"type":"typed","typed":{"moduleNameAndName":{"range":[54,10,54,16],"value":{"moduleName":[],"name":"String"}},"args":[]}}},"right":{"range":[54,20,54,33],"value":{"type":"typed","typed":{"moduleNameAndName":{"range":[54,20,54,29],"value":{"moduleName":[],"name":"Attribute"}},"args":[{"range":[54,30,54,33],"value":{"type":"generic","generic":{"value":"msg"}}}]}}}}}}}},"declaration":{"range":[55,1,56,86],"value":{"name":{"range":[55,1,55,7],"value":"tiledX"},"arguments":[{"range":[55,8,55,11],"value":{"type":"var","var":{"value":"src"}}}],"expression":{"range":[56,5,56,86],"value":{"type":"application","application":[{"range":[56,5,56,18],"value":{"type":"functionOrValue","functionOrValue":{"moduleName":["Internal"],"name":"Attr"}}},{"range":[56,19,56,86],"value":{"type":"parenthesized","parenthesized":{"range":[56,20,56,85],"value":{"type":"application","application":[{"range":[56,20,56,36],"value":{"type":"functionOrValue","functionOrValue":{"moduleName":["VirtualDom"],"name":"style"}}},{"range":[56,37,56,49],"value":{"type":"literal","literal":"background"}},{"range":[56,50,56,85],"value":{"type":"parenthesized","parenthesized":{"range":[56,51,56,84],"value":{"type":"application","application":[{"range":[56,51,56,59],"value":{"type":"literal","literal":"url(\""}},{"range":[56,60,56,62],"value":{"type":"operator","operator":"++"}},{"range":[56,63,56,66],"value":{"type":"functionOrValue","functionOrValue":{"moduleName":[],"name":"src"}}},{"range":[56,67,56,69],"value":{"type":"operator","operator":"++"}},{"range":[56,70,56,84],"value":{"type":"literal","literal":"\") repeat-x"}}]}}}}]}}}}]}}}}}}},{"range":[61,1,63,86],"value":{"type":"function","function":{"documentation":null,"signature":{"range":[61,1,61,33],"value":{"name":{"range":[61,1,61,7],"value":"tiledY"},"typeAnnotation":{"range":[61,10,61,33],"value":{"type":"function","function":{"left":{"range":[61,10,61,16],"value":{"type":"typed","typed":{"moduleNameAndName":{"range":[61,10,61,16],"value":{"moduleName":[],"name":"String"}},"args":[]}}},"right":{"range":[61,20,61,33],"value":{"type":"typed","typed":{"moduleNameAndName":{"range":[61,20,61,29],"value":{"moduleName":[],"name":"Attribute"}},"args":[{"range":[61,30,61,33],"value":{"type":"generic","generic":{"value":"msg"}}}]}}}}}}}},"declaration":{"range":[62,1,63,86],"value":{"name":{"range":[62,1,62,7],"value":"tiledY"},"arguments":[{"range":[62,8,62,11],"value":{"type":"var","var":{"value":"src"}}}],"expression":{"range":[63,5,63,86],"value":{"type":"application","application":[{"range":[63,5,63,18],"value":{"type":"functionOrValue","functionOrValue":{"moduleName":["Internal"],"name":"Attr"}}},{"range":[63,19,63,86],"value":{"type":"parenthesized","parenthesized":{"range":[63,20,63,85],"value":{"type":"application","application":[{"range":[63,20,63,36],"value":{"type":"functionOrValue","functionOrValue":{"moduleName":["VirtualDom"],"name":"style"}}},{"range":[63,37,63,49],"value":{"type":"literal","literal":"background"}},{"range":[63,50,63,85],"value":{"type":"parenthesized","parenthesized":{"range":[63,51,63,84],"value":{"type":"application","application":[{"range":[63,51,63,59],"value":{"type":"literal","literal":"url(\""}},{"range":[63,60,63,62],"value":{"type":"operator","operator":"++"}},{"range":[63,63,63,66],"value":{"type":"functionOrValue","functionOrValue":{"moduleName":[],"name":"src"}}},{"range":[63,67,63,69],"value":{"type":"operator","operator":"++"}},{"range":[63,70,63,84],"value":{"type":"literal","literal":"\") repeat-y"}}]}}}}]}}}}]}}}}}}},{"range":[66,1,75,20],"value":{"type":"typedecl","typedecl":{"documentation":null,"name":{"range":[66,6,66,15],"value":"Direction"},"generics":[],"constructors":[{"range":[67,7,67,11],"value":{"name":{"range":[67,7,67,11],"value":"ToUp"},"arguments":[]}},{"range":[68,7,68,13],"value":{"name":{"range":[68,7,68,13],"value":"ToDown"},"arguments":[]}},{"range":[69,7,69,14],"value":{"name":{"range":[69,7,69,14],"value":"ToRight"},"arguments":[]}},{"range":[70,7,70,17],"value":{"name":{"range":[70,7,70,17],"value":"ToTopRight"},"arguments":[]}},{"range":[71,7,71,20],"value":{"name":{"range":[71,7,71,20],"value":"ToBottomRight"},"arguments":[]}},{"range":[72,7,72,13],"value":{"name":{"range":[72,7,72,13],"value":"ToLeft"},"arguments":[]}},{"range":[73,7,73,16],"value":{"name":{"range":[73,7,73,16],"value":"ToTopLeft"},"arguments":[]}},{"range":[74,7,74,19],"value":{"name":{"range":[74,7,74,19],"value":"ToBottomLeft"},"arguments":[]}},{"range":[75,7,75,20],"value":{"name":{"range":[75,7,75,14],"value":"ToAngle"},"arguments":[{"range":[75,15,75,20],"value":{"type":"typed","typed":{"moduleNameAndName":{"range":[75,15,75,20],"value":{"moduleName":[],"name":"Float"}},"args":[]}}}]}}]}}},{"range":[78,1,81,23],"value":{"type":"typedecl","typedecl":{"documentation":null,"name":{"range":[78,6,78,10],"value":"Step"},"generics":[],"constructors":[{"range":[79,7,79,22],"value":{"name":{"range":[79,7,79,16],"value":"ColorStep"},"arguments":[{"range":[79,17,79,22],"value":{"type":"typed","typed":{"moduleNameAndName":{"range":[79,17,79,22],"value":{"moduleName":[],"name":"Color"}},"args":[]}}}]}},{"range":[80,7,80,30],"value":{"name":{"range":[80,7,80,18],"value":"PercentStep"},"arguments":[{"range":[80,19,80,24],"value":{"type":"typed","typed":{"moduleNameAndName":{"range":[80,19,80,24],"value":{"moduleName":[],"name":"Float"}},"args":[]}}},{"range":[80,25,80,30],"value":{"type":"typed","typed":{"moduleNameAndName":{"range":[80,25,80,30],"value":{"moduleName":[],"name":"Color"}},"args":[]}}}]}},{"range":[81,7,81,23],"value":{"name":{"range":[81,7,81,13],"value":"PxStep"},"arguments":[{"range":[81,14,81,17],"value":{"type":"typed","typed":{"moduleNameAndName":{"range":[81,14,81,17],"value":{"moduleName":[],"name":"Int"}},"args":[]}}},{"range":[81,18,81,23],"value":{"type":"typed","typed":{"moduleNameAndName":{"range":[81,18,81,23],"value":{"moduleName":[],"name":"Color"}},"args":[]}}}]}}]}}},{"range":[85,1,87,14],"value":{"type":"function","function":{"documentation":null,"signature":{"range":[85,1,85,21],"value":{"name":{"range":[85,1,85,5],"value":"step"},"typeAnnotation":{"range":[85,8,85,21],"value":{"type":"function","function":{"left":{"range":[85,8,85,13],"value":{"type":"typed","typed":{"moduleNameAndName":{"range":[85,8,85,13],"value":{"moduleName":[],"name":"Color"}},"args":[]}}},"right":{"range":[85,17,85,21],"value":{"type":"typed","typed":{"moduleNameAndName":{"range":[85,17,85,21],"value":{"moduleName":[],"name":"Step"}},"args":[]}}}}}}}},"declaration":{"range":[86,1,87,14],"value":{"name":{"range":[86,1,86,5],"value":"step"},"arguments":[],"expression":{"range":[87,5,87,14],"value":{"type":"functionOrValue","functionOrValue":{"moduleName":[],"name":"ColorStep"}}}}}}}},{"range":[91,1,93,16],"value":{"type":"function","function":{"documentation":null,"signature":{"range":[91,1,91,33],"value":{"name":{"range":[91,1,91,8],"value":"percent"},"typeAnnotation":{"range":[91,11,91,33],"value":{"type":"function","function":{"left":{"range":[91,11,91,16],"value":{"type":"typed","typed":{"moduleNameAndName":{"range":[91,11,91,16],"value":{"moduleName":[],"name":"Float"}},"args":[]}}},"right":{"range":[91,20,91,33],"value":{"type":"function","function":{"left":{"range":[91,20,91,25],"value":{"type":"typed","typed":{"moduleNameAndName":{"range":[91,20,91,25],"value":{"moduleName":[],"name":"Color"}},"args":[]}}},"right":{"range":[91,29,91,33],"value":{"type":"typed","typed":{"moduleNameAndName":{"range":[91,29,91,33],"value":{"moduleName":[],"name":"Step"}},"args":[]}}}}}}}}}}},"declaration":{"range":[92,1,93,16],"value":{"name":{"range":[92,1,92,8],"value":"percent"},"arguments":[],"expression":{"range":[93,5,93,16],"value":{"type":"functionOrValue","functionOrValue":{"moduleName":[],"name":"PercentStep"}}}}}}}},{"range":[97,1,99,11],"value":{"type":"function","function":{"documentation":null,"signature":{"range":[97,1,97,26],"value":{"name":{"range":[97,1,97,3],"value":"px"},"typeAnnotation":{"range":[97,6,97,26],"value":{"type":"function","function":{"left":{"range":[97,6,97,9],"value":{"type":"typed","typed":{"moduleNameAndName":{"range":[97,6,97,9],"value":{"moduleName":[],"name":"Int"}},"args":[]}}},"right":{"range":[97,13,97,26],"value":{"type":"function","function":{"left":{"range":[97,13,97,18],"value":{"type":"typed","typed":{"moduleNameAndName":{"range":[97,13,97,18],"value":{"moduleName":[],"name":"Color"}},"args":[]}}},"right":{"range":[97,22,97,26],"value":{"type":"typed","typed":{"moduleNameAndName":{"range":[97,22,97,26],"value":{"moduleName":[],"name":"Step"}},"args":[]}}}}}}}}}}},"declaration":{"range":[98,1,99,11],"value":{"name":{"range":[98,1,98,3],"value":"px"},"arguments":[],"expression":{"range":[99,5,99,11],"value":{"type":"functionOrValue","functionOrValue":{"moduleName":[],"name":"PxStep"}}}}}}}},{"range":[109,1,127,146],"value":{"type":"function","function":{"documentation":null,"signature":{"range":[109,1,113,27],"value":{"name":{"range":[109,1,109,9],"value":"gradient"},"typeAnnotation":{"range":[110,5,113,27],"value":{"type":"function","function":{"left":{"range":[110,5,112,6],"value":{"type":"record","record":{"value":[{"range":[110,7,110,20],"value":{"name":{"range":[110,7,110,12],"value":"angle"},"typeAnnotation":{"range":[110,15,110,20],"value":{"type":"typed","typed":{"moduleNameAndName":{"range":[110,15,110,20],"value":{"moduleName":[],"name":"Float"}},"args":[]}}}}},{"range":[111,5,112,5],"value":{"name":{"range":[111,7,111,12],"value":"steps"},"typeAnnotation":{"range":[111,15,111,25],"value":{"type":"typed","typed":{"moduleNameAndName":{"range":[111,15,111,19],"value":{"moduleName":[],"name":"List"}},"args":[{"range":[111,20,111,25],"value":{"type":"typed","typed":{"moduleNameAndName":{"range":[111,20,111,25],"value":{"moduleName":[],"name":"Color"}},"args":[]}}}]}}}}}]}}},"right":{"range":[113,8,113,27],"value":{"type":"typed","typed":{"moduleNameAndName":{"range":[113,8,113,12],"value":{"moduleName":[],"name":"Attr"}},"args":[{"range":[113,13,113,23],"value":{"type":"generic","generic":{"value":"decorative"}}},{"range":[113,24,113,27],"value":{"type":"generic","generic":{"value":"msg"}}}]}}}}}}}},"declaration":{"range":[114,1,127,146],"value":{"name":{"range":[114,1,114,9],"value":"gradient"},"arguments":[{"range":[114,10,114,26],"value":{"type":"record","record":{"value":[{"range":[114,12,114,17],"value":"angle"},{"range":[114,19,114,24],"value":"steps"}]}}}],"expression":{"range":[115,5,127,146],"value":{"type":"case","case":{"cases":[{"pattern":{"range":[116,9,116,11],"value":{"type":"list","list":{"value":[]}}},"expression":{"range":[117,13,117,33],"value":{"type":"functionOrValue","functionOrValue":{"moduleName":["Internal"],"name":"NoAttribute"}}}},{"pattern":{"range":[119,9,119,18],"value":{"type":"uncons","uncons":{"left":{"range":[119,9,119,12],"value":{"type":"var","var":{"value":"clr"}}},"right":{"range":[119,16,119,18],"value":{"type":"list","list":{"value":[]}}}}}},"expression":{"range":[120,13,121,99],"value":{"type":"application","application":[{"range":[120,13,120,32],"value":{"type":"functionOrValue","functionOrValue":{"moduleName":["Internal"],"name":"StyleClass"}}},{"range":[120,33,120,45],"value":{"type":"functionOrValue","functionOrValue":{"moduleName":["Flag"],"name":"bgColor"}}},{"range":[121,17,121,99],"value":{"type":"parenthesized","parenthesized":{"range":[121,18,121,98],"value":{"type":"application","application":[{"range":[121,18,121,34],"value":{"type":"functionOrValue","functionOrValue":{"moduleName":["Internal"],"name":"Colored"}}},{"range":[121,35,121,75],"value":{"type":"parenthesized","parenthesized":{"range":[121,36,121,74],"value":{"type":"application","application":[{"range":[121,36,121,41],"value":{"type":"literal","literal":"bg-"}},{"range":[121,42,121,44],"value":{"type":"operator","operator":"++"}},{"range":[121,45,121,70],"value":{"type":"functionOrValue","functionOrValue":{"moduleName":["Internal"],"name":"formatColorClass"}}},{"range":[121,71,121,74],"value":{"type":"functionOrValue","functionOrValue":{"moduleName":[],"name":"clr"}}}]}}}},{"range":[121,76,121,94],"value":{"type":"literal","literal":"background-color"}},{"range":[121,95,121,98],"value":{"type":"functionOrValue","functionOrValue":{"moduleName":[],"name":"clr"}}}]}}}}]}}},{"pattern":{"range":[123,9,123,10],"value":{"type":"all","all":{}}},"expression":{"range":[124,13,127,146],"value":{"type":"application","application":[{"range":[124,13,124,32],"value":{"type":"functionOrValue","functionOrValue":{"moduleName":["Internal"],"name":"StyleClass"}}},{"range":[124,33,124,48],"value":{"type":"functionOrValue","functionOrValue":{"moduleName":["Flag"],"name":"bgGradient"}}},{"range":[124,49,124,51],"value":{"type":"operator","operator":"<|"}},{"range":[125,17,125,32],"value":{"type":"functionOrValue","functionOrValue":{"moduleName":["Internal"],"name":"Single"}}},{"range":[125,33,125,139],"value":{"type":"parenthesized","parenthesized":{"range":[125,34,125,138],"value":{"type":"application","application":[{"range":[125,34,125,44],"value":{"type":"literal","literal":"bg-grad-"}},{"range":[125,45,125,47],"value":{"type":"operator","operator":"++"}},{"range":[125,48,125,138],"value":{"type":"parenthesized","parenthesized":{"range":[125,49,125,137],"value":{"type":"application","application":[{"range":[125,49,125,60],"value":{"type":"functionOrValue","functionOrValue":{"moduleName":["String"],"name":"join"}}},{"range":[125,61,125,64],"value":{"type":"literal","literal":"-"}},{"range":[125,65,125,67],"value":{"type":"operator","operator":"<|"}},{"range":[125,68,125,87],"value":{"type":"functionOrValue","functionOrValue":{"moduleName":["Internal"],"name":"floatClass"}}},{"range":[125,88,125,93],"value":{"type":"functionOrValue","functionOrValue":{"moduleName":[],"name":"angle"}}},{"range":[125,94,125,96],"value":{"type":"operator","operator":"::"}},{"range":[125,97,125,105],"value":{"type":"functionOrValue","functionOrValue":{"moduleName":["List"],"name":"map"}}},{"range":[125,106,125,131],"value":{"type":"functionOrValue","functionOrValue":{"moduleName":["Internal"],"name":"formatColorClass"}}},{"range":[125,132,125,137],"value":{"type":"functionOrValue","functionOrValue":{"moduleName":[],"name":"steps"}}}]}}}}]}}}},{"range":[126,21,126,39],"value":{"type":"literal","literal":"background-image"}},{"range":[127,21,127,146],"value":{"type":"parenthesized","parenthesized":{"range":[127,22,127,145],"value":{"type":"application","application":[{"range":[127,22,127,40],"value":{"type":"literal","literal":"linear-gradient("}},{"range":[127,41,127,43],"value":{"type":"operator","operator":"++"}},{"range":[127,44,127,138],"value":{"type":"parenthesized","parenthesized":{"range":[127,45,127,137],"value":{"type":"application","application":[{"range":[127,45,127,56],"value":{"type":"functionOrValue","functionOrValue":{"moduleName":["String"],"name":"join"}}},{"range":[127,57,127,61],"value":{"type":"literal","literal":", "}},{"range":[127,62,127,64],"value":{"type":"operator","operator":"<|"}},{"range":[127,65,127,98],"value":{"type":"parenthesized","parenthesized":{"range":[127,66,127,97],"value":{"type":"application","application":[{"range":[127,66,127,82],"value":{"type":"functionOrValue","functionOrValue":{"moduleName":["String"],"name":"fromFloat"}}},{"range":[127,83,127,88],"value":{"type":"functionOrValue","functionOrValue":{"moduleName":[],"name":"angle"}}},{"range":[127,89,127,91],"value":{"type":"operator","operator":"++"}},{"range":[127,92,127,97],"value":{"type":"literal","literal":"rad"}}]}}}},{"range":[127,99,127,101],"value":{"type":"operator","operator":"::"}},{"range":[127,102,127,110],"value":{"type":"functionOrValue","functionOrValue":{"moduleName":["List"],"name":"map"}}},{"range":[127,111,127,131],"value":{"type":"functionOrValue","functionOrValue":{"moduleName":["Internal"],"name":"formatColor"}}},{"range":[127,132,127,137],"value":{"type":"functionOrValue","functionOrValue":{"moduleName":[],"name":"steps"}}}]}}}},{"range":[127,139,127,141],"value":{"type":"operator","operator":"++"}},{"range":[127,142,127,145],"value":{"type":"literal","literal":")"}}]}}}}]}}}],"expression":{"range":[115,10,115,15],"value":{"type":"functionOrValue","functionOrValue":{"moduleName":[],"name":"steps"}}}}}}}}}}}],"comments":[{"range":[226,1,226,41],"value":"--             floatClass angle ++ \"rad\""},{"range":[225,1,225,28],"value":"--         ToAngle angle ->"},{"range":[224,1,224,32],"value":"--             \"to-bottom-left\""},{"range":[223,1,223,27],"value":"--         ToBottomLeft ->"},{"range":[222,1,222,29],"value":"--             \"to-top-left\""},{"range":[221,1,221,24],"value":"--         ToTopLeft ->"},{"range":[220,1,220,25],"value":"--             \"to-left\""},{"range":[219,1,219,21],"value":"--         ToLeft ->"},{"range":[218,1,218,33],"value":"--             \"to-bottom-right\""},{"range":[217,1,217,28],"value":"--         ToBottomRight ->"},{"range":[216,1,216,30],"value":"--             \"to-top-right\""},{"range":[215,1,215,25],"value":"--         ToTopRight ->"},{"range":[214,1,214,26],"value":"--             \"to-right\""},{"range":[213,1,213,22],"value":"--         ToRight ->"},{"range":[212,1,212,27],"value":"--             \"to-bottom\""},{"range":[211,1,211,21],"value":"--         ToDown ->"},{"range":[210,1,210,24],"value":"--             \"to-top\""},{"range":[209,1,209,19],"value":"--         ToUp ->"},{"range":[208,1,208,19],"value":"--     case dir of"},{"range":[207,1,207,30],"value":"-- renderDirectionClass dir ="},{"range":[206,1,206,46],"value":"-- renderDirectionClass : Direction -> String"},{"range":[205,1,205,39],"value":"--             toString angle ++ \"rad\""},{"range":[204,1,204,28],"value":"--         ToAngle angle ->"},{"range":[203,1,203,32],"value":"--             \"to bottom left\""},{"range":[202,1,202,27],"value":"--         ToBottomLeft ->"},{"range":[201,1,201,29],"value":"--             \"to top left\""},{"range":[200,1,200,24],"value":"--         ToTopLeft ->"},{"range":[199,1,199,25],"value":"--             \"to left\""},{"range":[198,1,198,21],"value":"--         ToLeft ->"},{"range":[197,1,197,33],"value":"--             \"to bottom right\""},{"range":[196,1,196,28],"value":"--         ToBottomRight ->"},{"range":[195,1,195,30],"value":"--             \"to top right\""},{"range":[194,1,194,25],"value":"--         ToTopRight ->"},{"range":[193,1,193,26],"value":"--             \"to right\""},{"range":[192,1,192,22],"value":"--         ToRight ->"},{"range":[191,1,191,27],"value":"--             \"to bottom\""},{"range":[190,1,190,21],"value":"--         ToDown ->"},{"range":[189,1,189,24],"value":"--             \"to top\""},{"range":[188,1,188,19],"value":"--         ToUp ->"},{"range":[187,1,187,19],"value":"--     case dir of"},{"range":[186,1,186,25],"value":"-- renderDirection dir ="},{"range":[185,1,185,41],"value":"-- renderDirection : Direction -> String"},{"range":[184,1,184,19],"value":"--     ToAngle rad"},{"range":[183,1,183,15],"value":"-- angle rad ="},{"range":[182,1,182,30],"value":"-- angle : Float -> Direction"},{"range":[181,1,181,20],"value":"--     ToBottomLeft"},{"range":[180,1,180,18],"value":"-- toBottomLeft ="},{"range":[179,1,179,28],"value":"-- toBottomLeft : Direction"},{"range":[178,1,178,17],"value":"--     ToTopLeft"},{"range":[177,1,177,15],"value":"-- toTopLeft ="},{"range":[176,1,176,25],"value":"-- toTopLeft : Direction"},{"range":[175,1,175,14],"value":"--     ToLeft"},{"range":[174,1,174,12],"value":"-- toLeft ="},{"range":[173,1,173,22],"value":"-- toLeft : Direction"},{"range":[172,1,172,21],"value":"--     ToBottomRight"},{"range":[171,1,171,19],"value":"-- toBottomRight ="},{"range":[170,1,170,29],"value":"-- toBottomRight : Direction"},{"range":[169,1,169,18],"value":"--     ToTopRight"},{"range":[168,1,168,16],"value":"-- toTopRight ="},{"range":[167,1,167,26],"value":"-- toTopRight : Direction"},{"range":[166,1,166,15],"value":"--     ToRight"},{"range":[165,1,165,13],"value":"-- toRight ="},{"range":[164,1,164,23],"value":"-- toRight : Direction"},{"range":[163,1,163,14],"value":"--     ToDown"},{"range":[162,1,162,12],"value":"-- toDown ="},{"range":[161,1,161,22],"value":"-- toDown : Direction"},{"range":[160,1,160,12],"value":"--     ToUp"},{"range":[159,1,159,10],"value":"-- toUp ="},{"range":[158,1,158,20],"value":"-- toUp : Direction"},{"range":[157,1,157,68],"value":"--             formatColorClass color ++ \"-\" ++ toString px ++ \"px\""},{"range":[156,1,156,30],"value":"--         PxStep px color ->"},{"range":[155,1,155,74],"value":"--             formatColorClass color ++ \"-\" ++ floatClass percent ++ \"p\""},{"range":[154,1,154,40],"value":"--         PercentStep percent color ->"},{"range":[153,1,153,38],"value":"--             formatColorClass color"},{"range":[152,1,152,30],"value":"--         ColorStep color ->"},{"range":[151,1,151,20],"value":"--     case step of"},{"range":[150,1,150,26],"value":"-- renderStepClass step ="},{"range":[149,1,149,36],"value":"-- renderStepClass : Step -> String"},{"range":[148,1,148,10],"value":"-- {-| -}"},{"range":[147,1,147,63],"value":"--             formatColor color ++ \" \" ++ toString px ++ \"px\""},{"range":[146,1,146,30],"value":"--         PxStep px color ->"},{"range":[145,1,145,67],"value":"--             formatColor color ++ \" \" ++ toString percent ++ \"%\""},{"range":[144,1,144,40],"value":"--         PercentStep percent color ->"},{"range":[143,1,143,33],"value":"--             formatColor color"},{"range":[142,1,142,30],"value":"--         ColorStep color ->"},{"range":[141,1,141,20],"value":"--     case step of"},{"range":[140,1,140,21],"value":"-- renderStep step ="},{"range":[139,1,139,31],"value":"-- renderStep : Step -> String"},{"range":[138,1,138,10],"value":"-- {-| -}"},{"range":[137,1,137,123],"value":"--             (\"linear-gradient(\" ++ (String.join \", \" <| renderDirection direction :: List.map renderStep steps) ++ \")\")"},{"range":[136,1,136,28],"value":"--             \"background\""},{"range":[135,1,135,124],"value":"--         Single (\"bg-gradient-\" ++ (String.join \"-\" <| renderDirectionClass direction :: List.map renderStepClass steps))"},{"range":[134,1,134,21],"value":"--     StyleClass <|"},{"range":[133,1,133,39],"value":"-- gradientWith { direction, steps } ="},{"range":[132,1,132,80],"value":"-- gradientWith : { direction : Direction, steps : List Step } -> Attribute msg"},{"range":[131,1,131,10],"value":"-- {-| -}"},{"range":[102,1,108,3],"value":"{-| A linear gradient.\n\nFirst you need to specify what direction the gradient is going by providing an angle in radians. `0` is up and `pi` is down.\n\nThe colors will be evenly spaced.\n\n-}"},{"range":[96,1,96,7],"value":"{-| -}"},{"range":[90,1,90,7],"value":"{-| -}"},{"range":[84,1,84,7],"value":"{-| -}"},{"range":[59,1,60,3],"value":"{-| Tile an image in the y axis.\n-}"},{"range":[52,1,53,3],"value":"{-| Tile an image in the x axis.\n-}"},{"range":[45,1,46,3],"value":"{-| Tile an image in the x and y axes.\n-}"},{"range":[38,1,39,3],"value":"{-| A centered background image that keeps its natural proportions, but scales to fit the space.\n-}"},{"range":[31,1,32,3],"value":"{-| Resize the image to fit the containing element while maintaining proportions and cropping the overflow.\n-}"},{"range":[25,1,25,7],"value":"{-| -}"},{"range":[6,1,17,3],"value":"{-|\n\n@docs color, gradient\n\n\n# Images\n\n@docs image, uncropped, tiled, tiledX, tiledY\n\n**Note** if you want more control over a background image than is provided here, you should try just using a normal `Element.image` with something like `Element.behindContent`.\n\n-}"}]}