{"moduleDefinition":{"range":[1,1,1,64],"value":{"type":"normal","normal":{"moduleName":{"range":[1,8,1,20],"value":["Element","Lazy"]},"exposingList":{"range":[1,21,1,64],"value":{"type":"explicit","explicit":[{"range":[1,31,1,35],"value":{"type":"function","function":{"name":"lazy"}}},{"range":[1,37,1,42],"value":{"type":"function","function":{"name":"lazy2"}}},{"range":[1,44,1,49],"value":{"type":"function","function":{"name":"lazy3"}}},{"range":[1,51,1,56],"value":{"type":"function","function":{"name":"lazy4"}}},{"range":[1,58,1,63],"value":{"type":"function","function":{"name":"lazy5"}}}]}}}}},"imports":[{"range":[25,1,25,36],"value":{"moduleName":{"range":[25,8,25,22],"value":["Internal","Model"]},"moduleAlias":null,"exposingList":{"range":[25,23,25,36],"value":{"type":"all","all":[25,33,25,35]}}}},{"range":[26,1,26,18],"value":{"moduleName":{"range":[26,8,26,18],"value":["VirtualDom"]},"moduleAlias":null,"exposingList":null}}],"declarations":[{"range":[30,1,32,45],"value":{"type":"function","function":{"documentation":null,"signature":{"range":[30,1,30,46],"value":{"name":{"range":[30,1,30,5],"value":"lazy"},"typeAnnotation":{"range":[30,8,30,46],"value":{"type":"function","function":{"left":{"range":[30,8,30,26],"value":{"type":"function","function":{"left":{"range":[30,9,30,10],"value":{"type":"generic","generic":{"value":"a"}}},"right":{"range":[30,14,30,25],"value":{"type":"typed","typed":{"moduleNameAndName":{"range":[30,14,30,21],"value":{"moduleName":[],"name":"Element"}},"args":[{"range":[30,22,30,25],"value":{"type":"generic","generic":{"value":"msg"}}}]}}}}}},"right":{"range":[30,30,30,46],"value":{"type":"function","function":{"left":{"range":[30,30,30,31],"value":{"type":"generic","generic":{"value":"a"}}},"right":{"range":[30,35,30,46],"value":{"type":"typed","typed":{"moduleNameAndName":{"range":[30,35,30,42],"value":{"moduleName":[],"name":"Element"}},"args":[{"range":[30,43,30,46],"value":{"type":"generic","generic":{"value":"msg"}}}]}}}}}}}}}}},"declaration":{"range":[31,1,32,45],"value":{"name":{"range":[31,1,31,5],"value":"lazy"},"arguments":[{"range":[31,6,31,8],"value":{"type":"var","var":{"value":"fn"}}},{"range":[31,9,31,10],"value":{"type":"var","var":{"value":"a"}}}],"expression":{"range":[32,5,32,45],"value":{"type":"application","application":[{"range":[32,5,32,13],"value":{"type":"functionOrValue","functionOrValue":{"moduleName":[],"name":"Unstyled"}}},{"range":[32,14,32,16],"value":{"type":"operator","operator":"<|"}},{"range":[32,17,32,33],"value":{"type":"functionOrValue","functionOrValue":{"moduleName":["VirtualDom"],"name":"lazy3"}}},{"range":[32,34,32,40],"value":{"type":"functionOrValue","functionOrValue":{"moduleName":[],"name":"apply1"}}},{"range":[32,41,32,43],"value":{"type":"functionOrValue","functionOrValue":{"moduleName":[],"name":"fn"}}},{"range":[32,44,32,45],"value":{"type":"functionOrValue","functionOrValue":{"moduleName":[],"name":"a"}}}]}}}}}}},{"range":[36,1,38,47],"value":{"type":"function","function":{"documentation":null,"signature":{"range":[36,1,36,57],"value":{"name":{"range":[36,1,36,6],"value":"lazy2"},"typeAnnotation":{"range":[36,9,36,57],"value":{"type":"function","function":{"left":{"range":[36,9,36,32],"value":{"type":"function","function":{"left":{"range":[36,10,36,11],"value":{"type":"generic","generic":{"value":"a"}}},"right":{"range":[36,15,36,31],"value":{"type":"function","function":{"left":{"range":[36,15,36,16],"value":{"type":"generic","generic":{"value":"b"}}},"right":{"range":[36,20,36,31],"value":{"type":"typed","typed":{"moduleNameAndName":{"range":[36,20,36,27],"value":{"moduleName":[],"name":"Element"}},"args":[{"range":[36,28,36,31],"value":{"type":"generic","generic":{"value":"msg"}}}]}}}}}}}}},"right":{"range":[36,36,36,57],"value":{"type":"function","function":{"left":{"range":[36,36,36,37],"value":{"type":"generic","generic":{"value":"a"}}},"right":{"range":[36,41,36,57],"value":{"type":"function","function":{"left":{"range":[36,41,36,42],"value":{"type":"generic","generic":{"value":"b"}}},"right":{"range":[36,46,36,57],"value":{"type":"typed","typed":{"moduleNameAndName":{"range":[36,46,36,53],"value":{"moduleName":[],"name":"Element"}},"args":[{"range":[36,54,36,57],"value":{"type":"generic","generic":{"value":"msg"}}}]}}}}}}}}}}}}}},"declaration":{"range":[37,1,38,47],"value":{"name":{"range":[37,1,37,6],"value":"lazy2"},"arguments":[{"range":[37,7,37,9],"value":{"type":"var","var":{"value":"fn"}}},{"range":[37,10,37,11],"value":{"type":"var","var":{"value":"a"}}},{"range":[37,12,37,13],"value":{"type":"var","var":{"value":"b"}}}],"expression":{"range":[38,5,38,47],"value":{"type":"application","application":[{"range":[38,5,38,13],"value":{"type":"functionOrValue","functionOrValue":{"moduleName":[],"name":"Unstyled"}}},{"range":[38,14,38,16],"value":{"type":"operator","operator":"<|"}},{"range":[38,17,38,33],"value":{"type":"functionOrValue","functionOrValue":{"moduleName":["VirtualDom"],"name":"lazy4"}}},{"range":[38,34,38,40],"value":{"type":"functionOrValue","functionOrValue":{"moduleName":[],"name":"apply2"}}},{"range":[38,41,38,43],"value":{"type":"functionOrValue","functionOrValue":{"moduleName":[],"name":"fn"}}},{"range":[38,44,38,45],"value":{"type":"functionOrValue","functionOrValue":{"moduleName":[],"name":"a"}}},{"range":[38,46,38,47],"value":{"type":"functionOrValue","functionOrValue":{"moduleName":[],"name":"b"}}}]}}}}}}},{"range":[42,1,44,49],"value":{"type":"function","function":{"documentation":null,"signature":{"range":[42,1,42,67],"value":{"name":{"range":[42,1,42,6],"value":"lazy3"},"typeAnnotation":{"range":[42,9,42,67],"value":{"type":"function","function":{"left":{"range":[42,9,42,37],"value":{"type":"function","function":{"left":{"range":[42,10,42,11],"value":{"type":"generic","generic":{"value":"a"}}},"right":{"range":[42,15,42,36],"value":{"type":"function","function":{"left":{"range":[42,15,42,16],"value":{"type":"generic","generic":{"value":"b"}}},"right":{"range":[42,20,42,36],"value":{"type":"function","function":{"left":{"range":[42,20,42,21],"value":{"type":"generic","generic":{"value":"c"}}},"right":{"range":[42,25,42,36],"value":{"type":"typed","typed":{"moduleNameAndName":{"range":[42,25,42,32],"value":{"moduleName":[],"name":"Element"}},"args":[{"range":[42,33,42,36],"value":{"type":"generic","generic":{"value":"msg"}}}]}}}}}}}}}}}},"right":{"range":[42,41,42,67],"value":{"type":"function","function":{"left":{"range":[42,41,42,42],"value":{"type":"generic","generic":{"value":"a"}}},"right":{"range":[42,46,42,67],"value":{"type":"function","function":{"left":{"range":[42,46,42,47],"value":{"type":"generic","generic":{"value":"b"}}},"right":{"range":[42,51,42,67],"value":{"type":"function","function":{"left":{"range":[42,51,42,52],"value":{"type":"generic","generic":{"value":"c"}}},"right":{"range":[42,56,42,67],"value":{"type":"typed","typed":{"moduleNameAndName":{"range":[42,56,42,63],"value":{"moduleName":[],"name":"Element"}},"args":[{"range":[42,64,42,67],"value":{"type":"generic","generic":{"value":"msg"}}}]}}}}}}}}}}}}}}}}},"declaration":{"range":[43,1,44,49],"value":{"name":{"range":[43,1,43,6],"value":"lazy3"},"arguments":[{"range":[43,7,43,9],"value":{"type":"var","var":{"value":"fn"}}},{"range":[43,10,43,11],"value":{"type":"var","var":{"value":"a"}}},{"range":[43,12,43,13],"value":{"type":"var","var":{"value":"b"}}},{"range":[43,14,43,15],"value":{"type":"var","var":{"value":"c"}}}],"expression":{"range":[44,5,44,49],"value":{"type":"application","application":[{"range":[44,5,44,13],"value":{"type":"functionOrValue","functionOrValue":{"moduleName":[],"name":"Unstyled"}}},{"range":[44,14,44,16],"value":{"type":"operator","operator":"<|"}},{"range":[44,17,44,33],"value":{"type":"functionOrValue","functionOrValue":{"moduleName":["VirtualDom"],"name":"lazy5"}}},{"range":[44,34,44,40],"value":{"type":"functionOrValue","functionOrValue":{"moduleName":[],"name":"apply3"}}},{"range":[44,41,44,43],"value":{"type":"functionOrValue","functionOrValue":{"moduleName":[],"name":"fn"}}},{"range":[44,44,44,45],"value":{"type":"functionOrValue","functionOrValue":{"moduleName":[],"name":"a"}}},{"range":[44,46,44,47],"value":{"type":"functionOrValue","functionOrValue":{"moduleName":[],"name":"b"}}},{"range":[44,48,44,49],"value":{"type":"functionOrValue","functionOrValue":{"moduleName":[],"name":"c"}}}]}}}}}}},{"range":[48,1,50,51],"value":{"type":"function","function":{"documentation":null,"signature":{"range":[48,1,48,77],"value":{"name":{"range":[48,1,48,6],"value":"lazy4"},"typeAnnotation":{"range":[48,9,48,77],"value":{"type":"function","function":{"left":{"range":[48,9,48,42],"value":{"type":"function","function":{"left":{"range":[48,10,48,11],"value":{"type":"generic","generic":{"value":"a"}}},"right":{"range":[48,15,48,41],"value":{"type":"function","function":{"left":{"range":[48,15,48,16],"value":{"type":"generic","generic":{"value":"b"}}},"right":{"range":[48,20,48,41],"value":{"type":"function","function":{"left":{"range":[48,20,48,21],"value":{"type":"generic","generic":{"value":"c"}}},"right":{"range":[48,25,48,41],"value":{"type":"function","function":{"left":{"range":[48,25,48,26],"value":{"type":"generic","generic":{"value":"d"}}},"right":{"range":[48,30,48,41],"value":{"type":"typed","typed":{"moduleNameAndName":{"range":[48,30,48,37],"value":{"moduleName":[],"name":"Element"}},"args":[{"range":[48,38,48,41],"value":{"type":"generic","generic":{"value":"msg"}}}]}}}}}}}}}}}}}}},"right":{"range":[48,46,48,77],"value":{"type":"function","function":{"left":{"range":[48,46,48,47],"value":{"type":"generic","generic":{"value":"a"}}},"right":{"range":[48,51,48,77],"value":{"type":"function","function":{"left":{"range":[48,51,48,52],"value":{"type":"generic","generic":{"value":"b"}}},"right":{"range":[48,56,48,77],"value":{"type":"function","function":{"left":{"range":[48,56,48,57],"value":{"type":"generic","generic":{"value":"c"}}},"right":{"range":[48,61,48,77],"value":{"type":"function","function":{"left":{"range":[48,61,48,62],"value":{"type":"generic","generic":{"value":"d"}}},"right":{"range":[48,66,48,77],"value":{"type":"typed","typed":{"moduleNameAndName":{"range":[48,66,48,73],"value":{"moduleName":[],"name":"Element"}},"args":[{"range":[48,74,48,77],"value":{"type":"generic","generic":{"value":"msg"}}}]}}}}}}}}}}}}}}}}}}}},"declaration":{"range":[49,1,50,51],"value":{"name":{"range":[49,1,49,6],"value":"lazy4"},"arguments":[{"range":[49,7,49,9],"value":{"type":"var","var":{"value":"fn"}}},{"range":[49,10,49,11],"value":{"type":"var","var":{"value":"a"}}},{"range":[49,12,49,13],"value":{"type":"var","var":{"value":"b"}}},{"range":[49,14,49,15],"value":{"type":"var","var":{"value":"c"}}},{"range":[49,16,49,17],"value":{"type":"var","var":{"value":"d"}}}],"expression":{"range":[50,5,50,51],"value":{"type":"application","application":[{"range":[50,5,50,13],"value":{"type":"functionOrValue","functionOrValue":{"moduleName":[],"name":"Unstyled"}}},{"range":[50,14,50,16],"value":{"type":"operator","operator":"<|"}},{"range":[50,17,50,33],"value":{"type":"functionOrValue","functionOrValue":{"moduleName":["VirtualDom"],"name":"lazy6"}}},{"range":[50,34,50,40],"value":{"type":"functionOrValue","functionOrValue":{"moduleName":[],"name":"apply4"}}},{"range":[50,41,50,43],"value":{"type":"functionOrValue","functionOrValue":{"moduleName":[],"name":"fn"}}},{"range":[50,44,50,45],"value":{"type":"functionOrValue","functionOrValue":{"moduleName":[],"name":"a"}}},{"range":[50,46,50,47],"value":{"type":"functionOrValue","functionOrValue":{"moduleName":[],"name":"b"}}},{"range":[50,48,50,49],"value":{"type":"functionOrValue","functionOrValue":{"moduleName":[],"name":"c"}}},{"range":[50,50,50,51],"value":{"type":"functionOrValue","functionOrValue":{"moduleName":[],"name":"d"}}}]}}}}}}},{"range":[54,1,56,53],"value":{"type":"function","function":{"documentation":null,"signature":{"range":[54,1,54,87],"value":{"name":{"range":[54,1,54,6],"value":"lazy5"},"typeAnnotation":{"range":[54,9,54,87],"value":{"type":"function","function":{"left":{"range":[54,9,54,47],"value":{"type":"function","function":{"left":{"range":[54,10,54,11],"value":{"type":"generic","generic":{"value":"a"}}},"right":{"range":[54,15,54,46],"value":{"type":"function","function":{"left":{"range":[54,15,54,16],"value":{"type":"generic","generic":{"value":"b"}}},"right":{"range":[54,20,54,46],"value":{"type":"function","function":{"left":{"range":[54,20,54,21],"value":{"type":"generic","generic":{"value":"c"}}},"right":{"range":[54,25,54,46],"value":{"type":"function","function":{"left":{"range":[54,25,54,26],"value":{"type":"generic","generic":{"value":"d"}}},"right":{"range":[54,30,54,46],"value":{"type":"function","function":{"left":{"range":[54,30,54,31],"value":{"type":"generic","generic":{"value":"e"}}},"right":{"range":[54,35,54,46],"value":{"type":"typed","typed":{"moduleNameAndName":{"range":[54,35,54,42],"value":{"moduleName":[],"name":"Element"}},"args":[{"range":[54,43,54,46],"value":{"type":"generic","generic":{"value":"msg"}}}]}}}}}}}}}}}}}}}}}},"right":{"range":[54,51,54,87],"value":{"type":"function","function":{"left":{"range":[54,51,54,52],"value":{"type":"generic","generic":{"value":"a"}}},"right":{"range":[54,56,54,87],"value":{"type":"function","function":{"left":{"range":[54,56,54,57],"value":{"type":"generic","generic":{"value":"b"}}},"right":{"range":[54,61,54,87],"value":{"type":"function","function":{"left":{"range":[54,61,54,62],"value":{"type":"generic","generic":{"value":"c"}}},"right":{"range":[54,66,54,87],"value":{"type":"function","function":{"left":{"range":[54,66,54,67],"value":{"type":"generic","generic":{"value":"d"}}},"right":{"range":[54,71,54,87],"value":{"type":"function","function":{"left":{"range":[54,71,54,72],"value":{"type":"generic","generic":{"value":"e"}}},"right":{"range":[54,76,54,87],"value":{"type":"typed","typed":{"moduleNameAndName":{"range":[54,76,54,83],"value":{"moduleName":[],"name":"Element"}},"args":[{"range":[54,84,54,87],"value":{"type":"generic","generic":{"value":"msg"}}}]}}}}}}}}}}}}}}}}}}}}}}},"declaration":{"range":[55,1,56,53],"value":{"name":{"range":[55,1,55,6],"value":"lazy5"},"arguments":[{"range":[55,7,55,9],"value":{"type":"var","var":{"value":"fn"}}},{"range":[55,10,55,11],"value":{"type":"var","var":{"value":"a"}}},{"range":[55,12,55,13],"value":{"type":"var","var":{"value":"b"}}},{"range":[55,14,55,15],"value":{"type":"var","var":{"value":"c"}}},{"range":[55,16,55,17],"value":{"type":"var","var":{"value":"d"}}},{"range":[55,18,55,19],"value":{"type":"var","var":{"value":"e"}}}],"expression":{"range":[56,5,56,53],"value":{"type":"application","application":[{"range":[56,5,56,13],"value":{"type":"functionOrValue","functionOrValue":{"moduleName":[],"name":"Unstyled"}}},{"range":[56,14,56,16],"value":{"type":"operator","operator":"<|"}},{"range":[56,17,56,33],"value":{"type":"functionOrValue","functionOrValue":{"moduleName":["VirtualDom"],"name":"lazy7"}}},{"range":[56,34,56,40],"value":{"type":"functionOrValue","functionOrValue":{"moduleName":[],"name":"apply5"}}},{"range":[56,41,56,43],"value":{"type":"functionOrValue","functionOrValue":{"moduleName":[],"name":"fn"}}},{"range":[56,44,56,45],"value":{"type":"functionOrValue","functionOrValue":{"moduleName":[],"name":"a"}}},{"range":[56,46,56,47],"value":{"type":"functionOrValue","functionOrValue":{"moduleName":[],"name":"b"}}},{"range":[56,48,56,49],"value":{"type":"functionOrValue","functionOrValue":{"moduleName":[],"name":"c"}}},{"range":[56,50,56,51],"value":{"type":"functionOrValue","functionOrValue":{"moduleName":[],"name":"d"}}},{"range":[56,52,56,53],"value":{"type":"functionOrValue","functionOrValue":{"moduleName":[],"name":"e"}}}]}}}}}}},{"range":[59,1,60,17],"value":{"type":"function","function":{"documentation":null,"signature":null,"declaration":{"range":[59,1,60,17],"value":{"name":{"range":[59,1,59,7],"value":"apply1"},"arguments":[{"range":[59,8,59,10],"value":{"type":"var","var":{"value":"fn"}}},{"range":[59,11,59,12],"value":{"type":"var","var":{"value":"a"}}}],"expression":{"range":[60,5,60,17],"value":{"type":"application","application":[{"range":[60,5,60,10],"value":{"type":"functionOrValue","functionOrValue":{"moduleName":[],"name":"embed"}}},{"range":[60,11,60,17],"value":{"type":"parenthesized","parenthesized":{"range":[60,12,60,16],"value":{"type":"application","application":[{"range":[60,12,60,14],"value":{"type":"functionOrValue","functionOrValue":{"moduleName":[],"name":"fn"}}},{"range":[60,15,60,16],"value":{"type":"functionOrValue","functionOrValue":{"moduleName":[],"name":"a"}}}]}}}}]}}}}}}},{"range":[63,1,64,19],"value":{"type":"function","function":{"documentation":null,"signature":null,"declaration":{"range":[63,1,64,19],"value":{"name":{"range":[63,1,63,7],"value":"apply2"},"arguments":[{"range":[63,8,63,10],"value":{"type":"var","var":{"value":"fn"}}},{"range":[63,11,63,12],"value":{"type":"var","var":{"value":"a"}}},{"range":[63,13,63,14],"value":{"type":"var","var":{"value":"b"}}}],"expression":{"range":[64,5,64,19],"value":{"type":"application","application":[{"range":[64,5,64,10],"value":{"type":"functionOrValue","functionOrValue":{"moduleName":[],"name":"embed"}}},{"range":[64,11,64,19],"value":{"type":"parenthesized","parenthesized":{"range":[64,12,64,18],"value":{"type":"application","application":[{"range":[64,12,64,14],"value":{"type":"functionOrValue","functionOrValue":{"moduleName":[],"name":"fn"}}},{"range":[64,15,64,16],"value":{"type":"functionOrValue","functionOrValue":{"moduleName":[],"name":"a"}}},{"range":[64,17,64,18],"value":{"type":"functionOrValue","functionOrValue":{"moduleName":[],"name":"b"}}}]}}}}]}}}}}}},{"range":[67,1,68,21],"value":{"type":"function","function":{"documentation":null,"signature":null,"declaration":{"range":[67,1,68,21],"value":{"name":{"range":[67,1,67,7],"value":"apply3"},"arguments":[{"range":[67,8,67,10],"value":{"type":"var","var":{"value":"fn"}}},{"range":[67,11,67,12],"value":{"type":"var","var":{"value":"a"}}},{"range":[67,13,67,14],"value":{"type":"var","var":{"value":"b"}}},{"range":[67,15,67,16],"value":{"type":"var","var":{"value":"c"}}}],"expression":{"range":[68,5,68,21],"value":{"type":"application","application":[{"range":[68,5,68,10],"value":{"type":"functionOrValue","functionOrValue":{"moduleName":[],"name":"embed"}}},{"range":[68,11,68,21],"value":{"type":"parenthesized","parenthesized":{"range":[68,12,68,20],"value":{"type":"application","application":[{"range":[68,12,68,14],"value":{"type":"functionOrValue","functionOrValue":{"moduleName":[],"name":"fn"}}},{"range":[68,15,68,16],"value":{"type":"functionOrValue","functionOrValue":{"moduleName":[],"name":"a"}}},{"range":[68,17,68,18],"value":{"type":"functionOrValue","functionOrValue":{"moduleName":[],"name":"b"}}},{"range":[68,19,68,20],"value":{"type":"functionOrValue","functionOrValue":{"moduleName":[],"name":"c"}}}]}}}}]}}}}}}},{"range":[71,1,72,23],"value":{"type":"function","function":{"documentation":null,"signature":null,"declaration":{"range":[71,1,72,23],"value":{"name":{"range":[71,1,71,7],"value":"apply4"},"arguments":[{"range":[71,8,71,10],"value":{"type":"var","var":{"value":"fn"}}},{"range":[71,11,71,12],"value":{"type":"var","var":{"value":"a"}}},{"range":[71,13,71,14],"value":{"type":"var","var":{"value":"b"}}},{"range":[71,15,71,16],"value":{"type":"var","var":{"value":"c"}}},{"range":[71,17,71,18],"value":{"type":"var","var":{"value":"d"}}}],"expression":{"range":[72,5,72,23],"value":{"type":"application","application":[{"range":[72,5,72,10],"value":{"type":"functionOrValue","functionOrValue":{"moduleName":[],"name":"embed"}}},{"range":[72,11,72,23],"value":{"type":"parenthesized","parenthesized":{"range":[72,12,72,22],"value":{"type":"application","application":[{"range":[72,12,72,14],"value":{"type":"functionOrValue","functionOrValue":{"moduleName":[],"name":"fn"}}},{"range":[72,15,72,16],"value":{"type":"functionOrValue","functionOrValue":{"moduleName":[],"name":"a"}}},{"range":[72,17,72,18],"value":{"type":"functionOrValue","functionOrValue":{"moduleName":[],"name":"b"}}},{"range":[72,19,72,20],"value":{"type":"functionOrValue","functionOrValue":{"moduleName":[],"name":"c"}}},{"range":[72,21,72,22],"value":{"type":"functionOrValue","functionOrValue":{"moduleName":[],"name":"d"}}}]}}}}]}}}}}}},{"range":[75,1,76,25],"value":{"type":"function","function":{"documentation":null,"signature":null,"declaration":{"range":[75,1,76,25],"value":{"name":{"range":[75,1,75,7],"value":"apply5"},"arguments":[{"range":[75,8,75,10],"value":{"type":"var","var":{"value":"fn"}}},{"range":[75,11,75,12],"value":{"type":"var","var":{"value":"a"}}},{"range":[75,13,75,14],"value":{"type":"var","var":{"value":"b"}}},{"range":[75,15,75,16],"value":{"type":"var","var":{"value":"c"}}},{"range":[75,17,75,18],"value":{"type":"var","var":{"value":"d"}}},{"range":[75,19,75,20],"value":{"type":"var","var":{"value":"e"}}}],"expression":{"range":[76,5,76,25],"value":{"type":"application","application":[{"range":[76,5,76,10],"value":{"type":"functionOrValue","functionOrValue":{"moduleName":[],"name":"embed"}}},{"range":[76,11,76,25],"value":{"type":"parenthesized","parenthesized":{"range":[76,12,76,24],"value":{"type":"application","application":[{"range":[76,12,76,14],"value":{"type":"functionOrValue","functionOrValue":{"moduleName":[],"name":"fn"}}},{"range":[76,15,76,16],"value":{"type":"functionOrValue","functionOrValue":{"moduleName":[],"name":"a"}}},{"range":[76,17,76,18],"value":{"type":"functionOrValue","functionOrValue":{"moduleName":[],"name":"b"}}},{"range":[76,19,76,20],"value":{"type":"functionOrValue","functionOrValue":{"moduleName":[],"name":"c"}}},{"range":[76,21,76,22],"value":{"type":"functionOrValue","functionOrValue":{"moduleName":[],"name":"d"}}},{"range":[76,23,76,24],"value":{"type":"functionOrValue","functionOrValue":{"moduleName":[],"name":"e"}}}]}}}}]}}}}}}},{"range":[80,1,117,40],"value":{"type":"function","function":{"documentation":null,"signature":{"range":[80,1,80,60],"value":{"name":{"range":[80,1,80,6],"value":"embed"},"typeAnnotation":{"range":[80,9,80,60],"value":{"type":"function","function":{"left":{"range":[80,9,80,20],"value":{"type":"typed","typed":{"moduleNameAndName":{"range":[80,9,80,16],"value":{"moduleName":[],"name":"Element"}},"args":[{"range":[80,17,80,20],"value":{"type":"generic","generic":{"value":"msg"}}}]}}},"right":{"range":[80,24,80,60],"value":{"type":"function","function":{"left":{"range":[80,24,80,37],"value":{"type":"typed","typed":{"moduleNameAndName":{"range":[80,24,80,37],"value":{"moduleName":[],"name":"LayoutContext"}},"args":[]}}},"right":{"range":[80,41,80,60],"value":{"type":"typed","typed":{"moduleNameAndName":{"range":[80,41,80,56],"value":{"moduleName":["VirtualDom"],"name":"Node"}},"args":[{"range":[80,57,80,60],"value":{"type":"generic","generic":{"value":"msg"}}}]}}}}}}}}}}},"declaration":{"range":[81,1,117,40],"value":{"name":{"range":[81,1,81,6],"value":"embed"},"arguments":[{"range":[81,7,81,8],"value":{"type":"var","var":{"value":"x"}}}],"expression":{"range":[82,5,117,40],"value":{"type":"case","case":{"cases":[{"pattern":{"range":[83,9,83,22],"value":{"type":"named","named":{"qualified":{"moduleName":[],"name":"Unstyled"},"patterns":[{"range":[83,18,83,22],"value":{"type":"var","var":{"value":"html"}}}]}}},"expression":{"range":[84,13,84,17],"value":{"type":"functionOrValue","functionOrValue":{"moduleName":[],"name":"html"}}}},{"pattern":{"range":[86,9,86,22],"value":{"type":"named","named":{"qualified":{"moduleName":[],"name":"Styled"},"patterns":[{"range":[86,16,86,22],"value":{"type":"var","var":{"value":"styled"}}}]}}},"expression":{"range":[87,19,98,18],"value":{"type":"application","application":[{"range":[87,19,87,24],"value":{"type":"recordAccess","recordAccess":{"expression":{"range":[87,13,87,19],"value":{"type":"functionOrValue","functionOrValue":{"moduleName":[],"name":"styled"}}},"name":{"range":[87,20,87,24],"value":"html"}}}},{"range":[88,17,98,18],"value":{"type":"parenthesized","parenthesized":{"range":[88,18,97,34],"value":{"type":"application","application":[{"range":[88,18,88,44],"value":{"type":"functionOrValue","functionOrValue":{"moduleName":["Internal","Model"],"name":"OnlyDynamic"}}},{"range":[89,21,96,22],"value":{"type":"record","record":[{"range":[89,23,89,41],"value":{"field":{"range":[89,23,89,28],"value":"hover"},"expression":{"range":[89,31,89,41],"value":{"type":"functionOrValue","functionOrValue":{"moduleName":[],"name":"AllowHover"}}}}},{"range":[90,23,95,21],"value":{"field":{"range":[90,23,90,28],"value":"focus"},"expression":{"range":[91,25,94,26],"value":{"type":"record","record":[{"range":[91,27,91,48],"value":{"field":{"range":[91,27,91,38],"value":"borderColor"},"expression":{"range":[91,41,91,48],"value":{"type":"functionOrValue","functionOrValue":{"moduleName":[],"name":"Nothing"}}}}},{"range":[92,27,93,25],"value":{"field":{"range":[92,27,92,33],"value":"shadow"},"expression":{"range":[92,36,92,43],"value":{"type":"functionOrValue","functionOrValue":{"moduleName":[],"name":"Nothing"}}}}},{"range":[93,27,94,25],"value":{"field":{"range":[93,27,93,42],"value":"backgroundColor"},"expression":{"range":[93,45,93,52],"value":{"type":"functionOrValue","functionOrValue":{"moduleName":[],"name":"Nothing"}}}}}]}}}},{"range":[95,23,96,21],"value":{"field":{"range":[95,23,95,27],"value":"mode"},"expression":{"range":[95,30,95,36],"value":{"type":"functionOrValue","functionOrValue":{"moduleName":[],"name":"Layout"}}}}}]}},{"range":[97,27,97,34],"value":{"type":"recordAccess","recordAccess":{"expression":{"range":[97,21,97,27],"value":{"type":"functionOrValue","functionOrValue":{"moduleName":[],"name":"styled"}}},"name":{"range":[97,28,97,34],"value":"styles"}}}}]}}}}]}}},{"pattern":{"range":[113,9,113,18],"value":{"type":"named","named":{"qualified":{"moduleName":[],"name":"Text"},"patterns":[{"range":[113,14,113,18],"value":{"type":"var","var":{"value":"text"}}}]}}},"expression":{"range":[114,13,114,42],"value":{"type":"application","application":[{"range":[114,13,114,19],"value":{"type":"functionOrValue","functionOrValue":{"moduleName":[],"name":"always"}}},{"range":[114,20,114,42],"value":{"type":"parenthesized","parenthesized":{"range":[114,21,114,41],"value":{"type":"application","application":[{"range":[114,21,114,36],"value":{"type":"functionOrValue","functionOrValue":{"moduleName":["VirtualDom"],"name":"text"}}},{"range":[114,37,114,41],"value":{"type":"functionOrValue","functionOrValue":{"moduleName":[],"name":"text"}}}]}}}}]}}},{"pattern":{"range":[116,9,116,14],"value":{"type":"named","named":{"qualified":{"moduleName":[],"name":"Empty"},"patterns":[]}}},"expression":{"range":[117,13,117,40],"value":{"type":"application","application":[{"range":[117,13,117,19],"value":{"type":"functionOrValue","functionOrValue":{"moduleName":[],"name":"always"}}},{"range":[117,20,117,40],"value":{"type":"parenthesized","parenthesized":{"range":[117,21,117,39],"value":{"type":"application","application":[{"range":[117,21,117,36],"value":{"type":"functionOrValue","functionOrValue":{"moduleName":["VirtualDom"],"name":"text"}}},{"range":[117,37,117,39],"value":{"type":"literal","literal":""}}]}}}}]}}}],"expression":{"range":[82,10,82,11],"value":{"type":"functionOrValue","functionOrValue":{"moduleName":[],"name":"x"}}}}}}}}}}}],"comments":[{"range":[112,9,112,16],"value":"-- -- )"},{"range":[111,9,111,20],"value":"-- --     )"},{"range":[110,9,110,36],"value":"-- --         styled.styles"},{"range":[109,9,109,21],"value":"--         }"},{"range":[108,9,108,35],"value":"--         , mode = Layout"},{"range":[107,9,107,25],"value":"--             }"},{"range":[106,9,106,51],"value":"--             , backgroundColor = Nothing"},{"range":[105,9,105,42],"value":"--             , shadow = Nothing"},{"range":[104,9,104,47],"value":"--             { borderColor = Nothing"},{"range":[103,9,103,29],"value":"--         , focus ="},{"range":[102,9,102,40],"value":"--         { hover = AllowHover"},{"range":[101,9,101,38],"value":"-- --     (toStyleSheetString"},{"range":[100,9,100,20],"value":"-- -- (Just"},{"range":[79,1,79,7],"value":"{-| -}"},{"range":[53,1,53,7],"value":"{-| -}"},{"range":[47,1,47,7],"value":"{-| -}"},{"range":[41,1,41,7],"value":"{-| -}"},{"range":[35,1,35,7],"value":"{-| -}"},{"range":[29,1,29,7],"value":"{-| -}"},{"range":[3,1,23,3],"value":"{-| Same as `Html.lazy`. In case you're unfamiliar, here's a note from the `Html` library!\n\n---\n\nSince all Elm functions are pure we have a guarantee that the same input\nwill always result in the same output. This module gives us tools to be lazy\nabout building `Html` that utilize this fact.\n\nRather than immediately applying functions to their arguments, the `lazy`\nfunctions just bundle the function and arguments up for later. When diffing\nthe old and new virtual DOM, it checks to see if all the arguments are equal\nby reference. If so, it skips calling the function!\n\nThis is a really cheap test and often makes things a lot faster, but definitely\nbenchmark to be sure!\n\n---\n\n@docs lazy, lazy2, lazy3, lazy4, lazy5\n\n-}"}]}