{"moduleDefinition":{"range":[1,1,7,6],"value":{"type":"normal","normal":{"moduleName":{"range":[1,8,1,22],"value":["Element","Border"]},"exposingList":{"range":[1,23,7,6],"value":{"type":"explicit","explicit":[{"range":[2,7,2,12],"value":{"type":"function","function":{"name":"color"}}},{"range":[3,7,3,12],"value":{"type":"function","function":{"name":"width"}}},{"range":[3,14,3,21],"value":{"type":"function","function":{"name":"widthXY"}}},{"range":[3,23,3,32],"value":{"type":"function","function":{"name":"widthEach"}}},{"range":[4,7,4,12],"value":{"type":"function","function":{"name":"solid"}}},{"range":[4,14,4,20],"value":{"type":"function","function":{"name":"dashed"}}},{"range":[4,22,4,28],"value":{"type":"function","function":{"name":"dotted"}}},{"range":[5,7,5,14],"value":{"type":"function","function":{"name":"rounded"}}},{"range":[5,16,5,25],"value":{"type":"function","function":{"name":"roundEach"}}},{"range":[6,7,6,11],"value":{"type":"function","function":{"name":"glow"}}},{"range":[6,13,6,22],"value":{"type":"function","function":{"name":"innerGlow"}}},{"range":[6,24,6,30],"value":{"type":"function","function":{"name":"shadow"}}},{"range":[6,32,6,43],"value":{"type":"function","function":{"name":"innerShadow"}}}]}}}}},"imports":[{"range":[35,1,35,49],"value":{"moduleName":{"range":[35,8,35,15],"value":["Element"]},"moduleAlias":null,"exposingList":{"range":[35,16,35,49],"value":{"type":"explicit","explicit":[{"range":[35,26,35,30],"value":{"type":"typeOrAlias","typeOrAlias":{"name":"Attr"}}},{"range":[35,32,35,41],"value":{"type":"typeOrAlias","typeOrAlias":{"name":"Attribute"}}},{"range":[35,43,35,48],"value":{"type":"typeOrAlias","typeOrAlias":{"name":"Color"}}}]}}}},{"range":[36,1,36,29],"value":{"moduleName":{"range":[36,8,36,21],"value":["Internal","Flag"]},"moduleAlias":{"range":[36,25,36,29],"value":["Flag"]},"exposingList":null}},{"range":[37,1,37,34],"value":{"moduleName":{"range":[37,8,37,22],"value":["Internal","Model"]},"moduleAlias":{"range":[37,26,37,34],"value":["Internal"]},"exposingList":null}},{"range":[38,1,38,50],"value":{"moduleName":{"range":[38,8,38,22],"value":["Internal","Style"]},"moduleAlias":{"range":[38,26,38,31],"value":["Style"]},"exposingList":{"range":[38,32,38,50],"value":{"type":"explicit","explicit":[{"range":[38,42,38,49],"value":{"type":"function","function":{"name":"classes"}}}]}}}}],"declarations":[{"range":[42,1,50,10],"value":{"type":"function","function":{"documentation":null,"signature":{"range":[42,1,42,37],"value":{"name":{"range":[42,1,42,6],"value":"color"},"typeAnnotation":{"range":[42,9,42,37],"value":{"type":"function","function":{"left":{"range":[42,9,42,14],"value":{"type":"typed","typed":{"moduleNameAndName":{"range":[42,9,42,14],"value":{"moduleName":[],"name":"Color"}},"args":[]}}},"right":{"range":[42,18,42,37],"value":{"type":"typed","typed":{"moduleNameAndName":{"range":[42,18,42,22],"value":{"moduleName":[],"name":"Attr"}},"args":[{"range":[42,23,42,33],"value":{"type":"generic","generic":{"value":"decorative"}}},{"range":[42,34,42,37],"value":{"type":"generic","generic":{"value":"msg"}}}]}}}}}}}},"declaration":{"range":[43,1,50,10],"value":{"name":{"range":[43,1,43,6],"value":"color"},"arguments":[{"range":[43,7,43,10],"value":{"type":"var","var":{"value":"clr"}}}],"expression":{"range":[44,5,50,10],"value":{"type":"application","application":[{"range":[44,5,44,24],"value":{"type":"functionOrValue","functionOrValue":{"moduleName":["Internal"],"name":"StyleClass"}}},{"range":[45,9,45,25],"value":{"type":"functionOrValue","functionOrValue":{"moduleName":["Flag"],"name":"borderColor"}}},{"range":[46,9,50,10],"value":{"type":"parenthesized","parenthesized":{"range":[46,10,49,16],"value":{"type":"application","application":[{"range":[46,10,46,26],"value":{"type":"functionOrValue","functionOrValue":{"moduleName":["Internal"],"name":"Colored"}}},{"range":[47,13,47,53],"value":{"type":"parenthesized","parenthesized":{"range":[47,14,47,52],"value":{"type":"application","application":[{"range":[47,14,47,19],"value":{"type":"literal","literal":"bc-"}},{"range":[47,20,47,22],"value":{"type":"operator","operator":"++"}},{"range":[47,23,47,48],"value":{"type":"functionOrValue","functionOrValue":{"moduleName":["Internal"],"name":"formatColorClass"}}},{"range":[47,49,47,52],"value":{"type":"functionOrValue","functionOrValue":{"moduleName":[],"name":"clr"}}}]}}}},{"range":[48,13,48,27],"value":{"type":"literal","literal":"border-color"}},{"range":[49,13,49,16],"value":{"type":"functionOrValue","functionOrValue":{"moduleName":[],"name":"clr"}}}]}}}}]}}}}}}},{"range":[54,1,64,10],"value":{"type":"function","function":{"documentation":null,"signature":{"range":[54,1,54,29],"value":{"name":{"range":[54,1,54,6],"value":"width"},"typeAnnotation":{"range":[54,9,54,29],"value":{"type":"function","function":{"left":{"range":[54,9,54,12],"value":{"type":"typed","typed":{"moduleNameAndName":{"range":[54,9,54,12],"value":{"moduleName":[],"name":"Int"}},"args":[]}}},"right":{"range":[54,16,54,29],"value":{"type":"typed","typed":{"moduleNameAndName":{"range":[54,16,54,25],"value":{"moduleName":[],"name":"Attribute"}},"args":[{"range":[54,26,54,29],"value":{"type":"generic","generic":{"value":"msg"}}}]}}}}}}}},"declaration":{"range":[55,1,64,10],"value":{"name":{"range":[55,1,55,6],"value":"width"},"arguments":[{"range":[55,7,55,8],"value":{"type":"var","var":{"value":"v"}}}],"expression":{"range":[56,5,64,10],"value":{"type":"application","application":[{"range":[56,5,56,24],"value":{"type":"functionOrValue","functionOrValue":{"moduleName":["Internal"],"name":"StyleClass"}}},{"range":[57,9,57,25],"value":{"type":"functionOrValue","functionOrValue":{"moduleName":["Flag"],"name":"borderWidth"}}},{"range":[58,9,64,10],"value":{"type":"parenthesized","parenthesized":{"range":[58,10,63,14],"value":{"type":"application","application":[{"range":[58,10,58,30],"value":{"type":"functionOrValue","functionOrValue":{"moduleName":["Internal"],"name":"BorderWidth"}}},{"range":[59,13,59,39],"value":{"type":"parenthesized","parenthesized":{"range":[59,14,59,38],"value":{"type":"application","application":[{"range":[59,14,59,18],"value":{"type":"literal","literal":"b-"}},{"range":[59,19,59,21],"value":{"type":"operator","operator":"++"}},{"range":[59,22,59,36],"value":{"type":"functionOrValue","functionOrValue":{"moduleName":["String"],"name":"fromInt"}}},{"range":[59,37,59,38],"value":{"type":"functionOrValue","functionOrValue":{"moduleName":[],"name":"v"}}}]}}}},{"range":[60,13,60,14],"value":{"type":"functionOrValue","functionOrValue":{"moduleName":[],"name":"v"}}},{"range":[61,13,61,14],"value":{"type":"functionOrValue","functionOrValue":{"moduleName":[],"name":"v"}}},{"range":[62,13,62,14],"value":{"type":"functionOrValue","functionOrValue":{"moduleName":[],"name":"v"}}},{"range":[63,13,63,14],"value":{"type":"functionOrValue","functionOrValue":{"moduleName":[],"name":"v"}}}]}}}}]}}}}}}},{"range":[69,1,83,10],"value":{"type":"function","function":{"documentation":null,"signature":{"range":[69,1,69,38],"value":{"name":{"range":[69,1,69,8],"value":"widthXY"},"typeAnnotation":{"range":[69,11,69,38],"value":{"type":"function","function":{"left":{"range":[69,11,69,14],"value":{"type":"typed","typed":{"moduleNameAndName":{"range":[69,11,69,14],"value":{"moduleName":[],"name":"Int"}},"args":[]}}},"right":{"range":[69,18,69,38],"value":{"type":"function","function":{"left":{"range":[69,18,69,21],"value":{"type":"typed","typed":{"moduleNameAndName":{"range":[69,18,69,21],"value":{"moduleName":[],"name":"Int"}},"args":[]}}},"right":{"range":[69,25,69,38],"value":{"type":"typed","typed":{"moduleNameAndName":{"range":[69,25,69,34],"value":{"moduleName":[],"name":"Attribute"}},"args":[{"range":[69,35,69,38],"value":{"type":"generic","generic":{"value":"msg"}}}]}}}}}}}}}}},"declaration":{"range":[70,1,83,10],"value":{"name":{"range":[70,1,70,8],"value":"widthXY"},"arguments":[{"range":[70,9,70,10],"value":{"type":"var","var":{"value":"x"}}},{"range":[70,11,70,12],"value":{"type":"var","var":{"value":"y"}}}],"expression":{"range":[71,5,83,10],"value":{"type":"application","application":[{"range":[71,5,71,24],"value":{"type":"functionOrValue","functionOrValue":{"moduleName":["Internal"],"name":"StyleClass"}}},{"range":[72,9,72,25],"value":{"type":"functionOrValue","functionOrValue":{"moduleName":["Flag"],"name":"borderWidth"}}},{"range":[73,9,83,10],"value":{"type":"parenthesized","parenthesized":{"range":[73,10,82,14],"value":{"type":"application","application":[{"range":[73,10,73,30],"value":{"type":"functionOrValue","functionOrValue":{"moduleName":["Internal"],"name":"BorderWidth"}}},{"range":[74,13,78,14],"value":{"type":"parenthesized","parenthesized":{"range":[74,14,77,36],"value":{"type":"application","application":[{"range":[74,14,74,18],"value":{"type":"literal","literal":"b-"}},{"range":[75,17,75,19],"value":{"type":"operator","operator":"++"}},{"range":[75,20,75,34],"value":{"type":"functionOrValue","functionOrValue":{"moduleName":["String"],"name":"fromInt"}}},{"range":[75,35,75,36],"value":{"type":"functionOrValue","functionOrValue":{"moduleName":[],"name":"x"}}},{"range":[76,17,76,19],"value":{"type":"operator","operator":"++"}},{"range":[76,20,76,23],"value":{"type":"literal","literal":"-"}},{"range":[77,17,77,19],"value":{"type":"operator","operator":"++"}},{"range":[77,20,77,34],"value":{"type":"functionOrValue","functionOrValue":{"moduleName":["String"],"name":"fromInt"}}},{"range":[77,35,77,36],"value":{"type":"functionOrValue","functionOrValue":{"moduleName":[],"name":"y"}}}]}}}},{"range":[79,13,79,14],"value":{"type":"functionOrValue","functionOrValue":{"moduleName":[],"name":"y"}}},{"range":[80,13,80,14],"value":{"type":"functionOrValue","functionOrValue":{"moduleName":[],"name":"x"}}},{"range":[81,13,81,14],"value":{"type":"functionOrValue","functionOrValue":{"moduleName":[],"name":"y"}}},{"range":[82,13,82,14],"value":{"type":"functionOrValue","functionOrValue":{"moduleName":[],"name":"x"}}}]}}}}]}}}}}}},{"range":[87,1,130,1],"value":{"type":"function","function":{"documentation":null,"signature":{"range":[87,1,93,21],"value":{"name":{"range":[87,1,87,10],"value":"widthEach"},"typeAnnotation":{"range":[88,5,93,21],"value":{"type":"function","function":{"left":{"range":[88,5,92,6],"value":{"type":"record","record":{"value":[{"range":[88,7,88,19],"value":{"name":{"range":[88,7,88,13],"value":"bottom"},"typeAnnotation":{"range":[88,16,88,19],"value":{"type":"typed","typed":{"moduleNameAndName":{"range":[88,16,88,19],"value":{"moduleName":[],"name":"Int"}},"args":[]}}}}},{"range":[89,5,90,5],"value":{"name":{"range":[89,7,89,11],"value":"left"},"typeAnnotation":{"range":[89,14,89,17],"value":{"type":"typed","typed":{"moduleNameAndName":{"range":[89,14,89,17],"value":{"moduleName":[],"name":"Int"}},"args":[]}}}}},{"range":[90,5,91,5],"value":{"name":{"range":[90,7,90,12],"value":"right"},"typeAnnotation":{"range":[90,15,90,18],"value":{"type":"typed","typed":{"moduleNameAndName":{"range":[90,15,90,18],"value":{"moduleName":[],"name":"Int"}},"args":[]}}}}},{"range":[91,5,92,5],"value":{"name":{"range":[91,7,91,10],"value":"top"},"typeAnnotation":{"range":[91,13,91,16],"value":{"type":"typed","typed":{"moduleNameAndName":{"range":[91,13,91,16],"value":{"moduleName":[],"name":"Int"}},"args":[]}}}}}]}}},"right":{"range":[93,8,93,21],"value":{"type":"typed","typed":{"moduleNameAndName":{"range":[93,8,93,17],"value":{"moduleName":[],"name":"Attribute"}},"args":[{"range":[93,18,93,21],"value":{"type":"generic","generic":{"value":"msg"}}}]}}}}}}}},"declaration":{"range":[94,1,130,1],"value":{"name":{"range":[94,1,94,10],"value":"widthEach"},"arguments":[{"range":[94,11,94,39],"value":{"type":"record","record":{"value":[{"range":[94,13,94,19],"value":"bottom"},{"range":[94,21,94,24],"value":"top"},{"range":[94,26,94,30],"value":"left"},{"range":[94,32,94,37],"value":"right"}]}}}],"expression":{"range":[95,5,130,1],"value":{"type":"ifBlock","ifBlock":{"clause":{"range":[95,8,95,38],"value":{"type":"application","application":[{"range":[95,8,95,11],"value":{"type":"functionOrValue","functionOrValue":{"moduleName":[],"name":"top"}}},{"range":[95,12,95,14],"value":{"type":"operator","operator":"=="}},{"range":[95,15,95,21],"value":{"type":"functionOrValue","functionOrValue":{"moduleName":[],"name":"bottom"}}},{"range":[95,22,95,24],"value":{"type":"operator","operator":"&&"}},{"range":[95,25,95,29],"value":{"type":"functionOrValue","functionOrValue":{"moduleName":[],"name":"left"}}},{"range":[95,30,95,32],"value":{"type":"operator","operator":"=="}},{"range":[95,33,95,38],"value":{"type":"functionOrValue","functionOrValue":{"moduleName":[],"name":"right"}}}]}},"then":{"range":[96,9,102,5],"value":{"type":"ifBlock","ifBlock":{"clause":{"range":[96,12,96,24],"value":{"type":"application","application":[{"range":[96,12,96,15],"value":{"type":"functionOrValue","functionOrValue":{"moduleName":[],"name":"top"}}},{"range":[96,16,96,18],"value":{"type":"operator","operator":"=="}},{"range":[96,19,96,24],"value":{"type":"functionOrValue","functionOrValue":{"moduleName":[],"name":"right"}}}]}},"then":{"range":[97,13,97,22],"value":{"type":"application","application":[{"range":[97,13,97,18],"value":{"type":"functionOrValue","functionOrValue":{"moduleName":[],"name":"width"}}},{"range":[97,19,97,22],"value":{"type":"functionOrValue","functionOrValue":{"moduleName":[],"name":"top"}}}]}},"else":{"range":[100,13,100,29],"value":{"type":"application","application":[{"range":[100,13,100,20],"value":{"type":"functionOrValue","functionOrValue":{"moduleName":[],"name":"widthXY"}}},{"range":[100,21,100,25],"value":{"type":"functionOrValue","functionOrValue":{"moduleName":[],"name":"left"}}},{"range":[100,26,100,29],"value":{"type":"functionOrValue","functionOrValue":{"moduleName":[],"name":"top"}}}]}}}}},"else":{"range":[103,9,118,14],"value":{"type":"application","application":[{"range":[103,9,103,28],"value":{"type":"functionOrValue","functionOrValue":{"moduleName":["Internal"],"name":"StyleClass"}}},{"range":[103,29,103,45],"value":{"type":"functionOrValue","functionOrValue":{"moduleName":["Flag"],"name":"borderWidth"}}},{"range":[104,13,118,14],"value":{"type":"parenthesized","parenthesized":{"range":[104,14,117,21],"value":{"type":"application","application":[{"range":[104,14,104,34],"value":{"type":"functionOrValue","functionOrValue":{"moduleName":["Internal"],"name":"BorderWidth"}}},{"range":[105,17,113,18],"value":{"type":"parenthesized","parenthesized":{"range":[105,18,112,43],"value":{"type":"application","application":[{"range":[105,18,105,22],"value":{"type":"literal","literal":"b-"}},{"range":[106,21,106,23],"value":{"type":"operator","operator":"++"}},{"range":[106,24,106,38],"value":{"type":"functionOrValue","functionOrValue":{"moduleName":["String"],"name":"fromInt"}}},{"range":[106,39,106,42],"value":{"type":"functionOrValue","functionOrValue":{"moduleName":[],"name":"top"}}},{"range":[107,21,107,23],"value":{"type":"operator","operator":"++"}},{"range":[107,24,107,27],"value":{"type":"literal","literal":"-"}},{"range":[108,21,108,23],"value":{"type":"operator","operator":"++"}},{"range":[108,24,108,38],"value":{"type":"functionOrValue","functionOrValue":{"moduleName":["String"],"name":"fromInt"}}},{"range":[108,39,108,44],"value":{"type":"functionOrValue","functionOrValue":{"moduleName":[],"name":"right"}}},{"range":[109,21,109,23],"value":{"type":"operator","operator":"++"}},{"range":[109,24,109,27],"value":{"type":"literal","literal":"-"}},{"range":[110,21,110,23],"value":{"type":"operator","operator":"++"}},{"range":[110,24,110,38],"value":{"type":"functionOrValue","functionOrValue":{"moduleName":["String"],"name":"fromInt"}}},{"range":[110,39,110,45],"value":{"type":"functionOrValue","functionOrValue":{"moduleName":[],"name":"bottom"}}},{"range":[111,21,111,23],"value":{"type":"operator","operator":"++"}},{"range":[111,24,111,27],"value":{"type":"literal","literal":"-"}},{"range":[112,21,112,23],"value":{"type":"operator","operator":"++"}},{"range":[112,24,112,38],"value":{"type":"functionOrValue","functionOrValue":{"moduleName":["String"],"name":"fromInt"}}},{"range":[112,39,112,43],"value":{"type":"functionOrValue","functionOrValue":{"moduleName":[],"name":"left"}}}]}}}},{"range":[114,17,114,20],"value":{"type":"functionOrValue","functionOrValue":{"moduleName":[],"name":"top"}}},{"range":[115,17,115,22],"value":{"type":"functionOrValue","functionOrValue":{"moduleName":[],"name":"right"}}},{"range":[116,17,116,23],"value":{"type":"functionOrValue","functionOrValue":{"moduleName":[],"name":"bottom"}}},{"range":[117,17,117,21],"value":{"type":"functionOrValue","functionOrValue":{"moduleName":[],"name":"left"}}}]}}}}]}}}}}}}}}},{"range":[130,1,132,56],"value":{"type":"function","function":{"documentation":null,"signature":{"range":[130,1,130,22],"value":{"name":{"range":[130,1,130,6],"value":"solid"},"typeAnnotation":{"range":[130,9,130,22],"value":{"type":"typed","typed":{"moduleNameAndName":{"range":[130,9,130,18],"value":{"moduleName":[],"name":"Attribute"}},"args":[{"range":[130,19,130,22],"value":{"type":"generic","generic":{"value":"msg"}}}]}}}}},"declaration":{"range":[131,1,132,56],"value":{"name":{"range":[131,1,131,6],"value":"solid"},"arguments":[],"expression":{"range":[132,5,132,56],"value":{"type":"application","application":[{"range":[132,5,132,19],"value":{"type":"functionOrValue","functionOrValue":{"moduleName":["Internal"],"name":"Class"}}},{"range":[132,20,132,36],"value":{"type":"functionOrValue","functionOrValue":{"moduleName":["Flag"],"name":"borderStyle"}}},{"range":[132,44,132,56],"value":{"type":"recordAccess","recordAccess":{"expression":{"range":[132,37,132,44],"value":{"type":"functionOrValue","functionOrValue":{"moduleName":[],"name":"classes"}}},"name":{"range":[132,45,132,56],"value":"borderSolid"}}}}]}}}}}}},{"range":[136,1,138,57],"value":{"type":"function","function":{"documentation":null,"signature":{"range":[136,1,136,23],"value":{"name":{"range":[136,1,136,7],"value":"dashed"},"typeAnnotation":{"range":[136,10,136,23],"value":{"type":"typed","typed":{"moduleNameAndName":{"range":[136,10,136,19],"value":{"moduleName":[],"name":"Attribute"}},"args":[{"range":[136,20,136,23],"value":{"type":"generic","generic":{"value":"msg"}}}]}}}}},"declaration":{"range":[137,1,138,57],"value":{"name":{"range":[137,1,137,7],"value":"dashed"},"arguments":[],"expression":{"range":[138,5,138,57],"value":{"type":"application","application":[{"range":[138,5,138,19],"value":{"type":"functionOrValue","functionOrValue":{"moduleName":["Internal"],"name":"Class"}}},{"range":[138,20,138,36],"value":{"type":"functionOrValue","functionOrValue":{"moduleName":["Flag"],"name":"borderStyle"}}},{"range":[138,44,138,57],"value":{"type":"recordAccess","recordAccess":{"expression":{"range":[138,37,138,44],"value":{"type":"functionOrValue","functionOrValue":{"moduleName":[],"name":"classes"}}},"name":{"range":[138,45,138,57],"value":"borderDashed"}}}}]}}}}}}},{"range":[142,1,144,57],"value":{"type":"function","function":{"documentation":null,"signature":{"range":[142,1,142,23],"value":{"name":{"range":[142,1,142,7],"value":"dotted"},"typeAnnotation":{"range":[142,10,142,23],"value":{"type":"typed","typed":{"moduleNameAndName":{"range":[142,10,142,19],"value":{"moduleName":[],"name":"Attribute"}},"args":[{"range":[142,20,142,23],"value":{"type":"generic","generic":{"value":"msg"}}}]}}}}},"declaration":{"range":[143,1,144,57],"value":{"name":{"range":[143,1,143,7],"value":"dotted"},"arguments":[],"expression":{"range":[144,5,144,57],"value":{"type":"application","application":[{"range":[144,5,144,19],"value":{"type":"functionOrValue","functionOrValue":{"moduleName":["Internal"],"name":"Class"}}},{"range":[144,20,144,36],"value":{"type":"functionOrValue","functionOrValue":{"moduleName":["Flag"],"name":"borderStyle"}}},{"range":[144,44,144,57],"value":{"type":"recordAccess","recordAccess":{"expression":{"range":[144,37,144,44],"value":{"type":"functionOrValue","functionOrValue":{"moduleName":[],"name":"classes"}}},"name":{"range":[144,45,144,57],"value":"borderDotted"}}}}]}}}}}}},{"range":[149,1,157,10],"value":{"type":"function","function":{"documentation":null,"signature":{"range":[149,1,149,31],"value":{"name":{"range":[149,1,149,8],"value":"rounded"},"typeAnnotation":{"range":[149,11,149,31],"value":{"type":"function","function":{"left":{"range":[149,11,149,14],"value":{"type":"typed","typed":{"moduleNameAndName":{"range":[149,11,149,14],"value":{"moduleName":[],"name":"Int"}},"args":[]}}},"right":{"range":[149,18,149,31],"value":{"type":"typed","typed":{"moduleNameAndName":{"range":[149,18,149,27],"value":{"moduleName":[],"name":"Attribute"}},"args":[{"range":[149,28,149,31],"value":{"type":"generic","generic":{"value":"msg"}}}]}}}}}}}},"declaration":{"range":[150,1,157,10],"value":{"name":{"range":[150,1,150,8],"value":"rounded"},"arguments":[{"range":[150,9,150,15],"value":{"type":"var","var":{"value":"radius"}}}],"expression":{"range":[151,5,157,10],"value":{"type":"application","application":[{"range":[151,5,151,24],"value":{"type":"functionOrValue","functionOrValue":{"moduleName":["Internal"],"name":"StyleClass"}}},{"range":[152,9,152,25],"value":{"type":"functionOrValue","functionOrValue":{"moduleName":["Flag"],"name":"borderRound"}}},{"range":[153,9,157,10],"value":{"type":"parenthesized","parenthesized":{"range":[153,10,156,44],"value":{"type":"application","application":[{"range":[153,10,153,25],"value":{"type":"functionOrValue","functionOrValue":{"moduleName":["Internal"],"name":"Single"}}},{"range":[154,13,154,45],"value":{"type":"parenthesized","parenthesized":{"range":[154,14,154,44],"value":{"type":"application","application":[{"range":[154,14,154,19],"value":{"type":"literal","literal":"br-"}},{"range":[154,20,154,22],"value":{"type":"operator","operator":"++"}},{"range":[154,23,154,37],"value":{"type":"functionOrValue","functionOrValue":{"moduleName":["String"],"name":"fromInt"}}},{"range":[154,38,154,44],"value":{"type":"functionOrValue","functionOrValue":{"moduleName":[],"name":"radius"}}}]}}}},{"range":[155,13,155,28],"value":{"type":"literal","literal":"border-radius"}},{"range":[156,13,156,44],"value":{"type":"parenthesized","parenthesized":{"range":[156,14,156,43],"value":{"type":"application","application":[{"range":[156,14,156,28],"value":{"type":"functionOrValue","functionOrValue":{"moduleName":["String"],"name":"fromInt"}}},{"range":[156,29,156,35],"value":{"type":"functionOrValue","functionOrValue":{"moduleName":[],"name":"radius"}}},{"range":[156,36,156,38],"value":{"type":"operator","operator":"++"}},{"range":[156,39,156,43],"value":{"type":"literal","literal":"px"}}]}}}}]}}}}]}}}}}}},{"range":[161,1,189,10],"value":{"type":"function","function":{"documentation":null,"signature":{"range":[161,1,167,21],"value":{"name":{"range":[161,1,161,10],"value":"roundEach"},"typeAnnotation":{"range":[162,5,167,21],"value":{"type":"function","function":{"left":{"range":[162,5,166,6],"value":{"type":"record","record":{"value":[{"range":[162,7,162,20],"value":{"name":{"range":[162,7,162,14],"value":"topLeft"},"typeAnnotation":{"range":[162,17,162,20],"value":{"type":"typed","typed":{"moduleNameAndName":{"range":[162,17,162,20],"value":{"moduleName":[],"name":"Int"}},"args":[]}}}}},{"range":[163,5,164,5],"value":{"name":{"range":[163,7,163,15],"value":"topRight"},"typeAnnotation":{"range":[163,18,163,21],"value":{"type":"typed","typed":{"moduleNameAndName":{"range":[163,18,163,21],"value":{"moduleName":[],"name":"Int"}},"args":[]}}}}},{"range":[164,5,165,5],"value":{"name":{"range":[164,7,164,17],"value":"bottomLeft"},"typeAnnotation":{"range":[164,20,164,23],"value":{"type":"typed","typed":{"moduleNameAndName":{"range":[164,20,164,23],"value":{"moduleName":[],"name":"Int"}},"args":[]}}}}},{"range":[165,5,166,5],"value":{"name":{"range":[165,7,165,18],"value":"bottomRight"},"typeAnnotation":{"range":[165,21,165,24],"value":{"type":"typed","typed":{"moduleNameAndName":{"range":[165,21,165,24],"value":{"moduleName":[],"name":"Int"}},"args":[]}}}}}]}}},"right":{"range":[167,8,167,21],"value":{"type":"typed","typed":{"moduleNameAndName":{"range":[167,8,167,17],"value":{"moduleName":[],"name":"Attribute"}},"args":[{"range":[167,18,167,21],"value":{"type":"generic","generic":{"value":"msg"}}}]}}}}}}}},"declaration":{"range":[168,1,189,10],"value":{"name":{"range":[168,1,168,10],"value":"roundEach"},"arguments":[{"range":[168,11,168,57],"value":{"type":"record","record":{"value":[{"range":[168,13,168,20],"value":"topLeft"},{"range":[168,22,168,30],"value":"topRight"},{"range":[168,32,168,42],"value":"bottomLeft"},{"range":[168,44,168,55],"value":"bottomRight"}]}}}],"expression":{"range":[169,5,189,10],"value":{"type":"application","application":[{"range":[169,5,169,24],"value":{"type":"functionOrValue","functionOrValue":{"moduleName":["Internal"],"name":"StyleClass"}}},{"range":[169,25,169,41],"value":{"type":"functionOrValue","functionOrValue":{"moduleName":["Flag"],"name":"borderRound"}}},{"range":[170,9,189,10],"value":{"type":"parenthesized","parenthesized":{"range":[170,10,188,14],"value":{"type":"application","application":[{"range":[170,10,170,25],"value":{"type":"functionOrValue","functionOrValue":{"moduleName":["Internal"],"name":"Single"}}},{"range":[171,13,178,14],"value":{"type":"parenthesized","parenthesized":{"range":[171,14,177,46],"value":{"type":"application","application":[{"range":[171,14,171,19],"value":{"type":"literal","literal":"br-"}},{"range":[172,17,172,19],"value":{"type":"operator","operator":"++"}},{"range":[172,20,172,34],"value":{"type":"functionOrValue","functionOrValue":{"moduleName":["String"],"name":"fromInt"}}},{"range":[172,35,172,42],"value":{"type":"functionOrValue","functionOrValue":{"moduleName":[],"name":"topLeft"}}},{"range":[173,17,173,19],"value":{"type":"operator","operator":"++"}},{"range":[173,20,173,23],"value":{"type":"literal","literal":"-"}},{"range":[174,17,174,19],"value":{"type":"operator","operator":"++"}},{"range":[174,20,174,34],"value":{"type":"functionOrValue","functionOrValue":{"moduleName":["String"],"name":"fromInt"}}},{"range":[174,35,174,43],"value":{"type":"functionOrValue","functionOrValue":{"moduleName":[],"name":"topRight"}}},{"range":[175,17,175,19],"value":{"type":"operator","operator":"++"}},{"range":[175,20,175,34],"value":{"type":"functionOrValue","functionOrValue":{"moduleName":["String"],"name":"fromInt"}}},{"range":[175,35,175,45],"value":{"type":"functionOrValue","functionOrValue":{"moduleName":[],"name":"bottomLeft"}}},{"range":[176,17,176,19],"value":{"type":"operator","operator":"++"}},{"range":[176,20,176,23],"value":{"type":"literal","literal":"-"}},{"range":[177,17,177,19],"value":{"type":"operator","operator":"++"}},{"range":[177,20,177,34],"value":{"type":"functionOrValue","functionOrValue":{"moduleName":["String"],"name":"fromInt"}}},{"range":[177,35,177,46],"value":{"type":"functionOrValue","functionOrValue":{"moduleName":[],"name":"bottomRight"}}}]}}}},{"range":[179,13,179,28],"value":{"type":"literal","literal":"border-radius"}},{"range":[180,13,188,14],"value":{"type":"parenthesized","parenthesized":{"range":[180,14,187,24],"value":{"type":"application","application":[{"range":[180,14,180,28],"value":{"type":"functionOrValue","functionOrValue":{"moduleName":["String"],"name":"fromInt"}}},{"range":[180,29,180,36],"value":{"type":"functionOrValue","functionOrValue":{"moduleName":[],"name":"topLeft"}}},{"range":[181,17,181,19],"value":{"type":"operator","operator":"++"}},{"range":[181,20,181,25],"value":{"type":"literal","literal":"px "}},{"range":[182,17,182,19],"value":{"type":"operator","operator":"++"}},{"range":[182,20,182,34],"value":{"type":"functionOrValue","functionOrValue":{"moduleName":["String"],"name":"fromInt"}}},{"range":[182,35,182,43],"value":{"type":"functionOrValue","functionOrValue":{"moduleName":[],"name":"topRight"}}},{"range":[183,17,183,19],"value":{"type":"operator","operator":"++"}},{"range":[183,20,183,25],"value":{"type":"literal","literal":"px "}},{"range":[184,17,184,19],"value":{"type":"operator","operator":"++"}},{"range":[184,20,184,34],"value":{"type":"functionOrValue","functionOrValue":{"moduleName":["String"],"name":"fromInt"}}},{"range":[184,35,184,46],"value":{"type":"functionOrValue","functionOrValue":{"moduleName":[],"name":"bottomRight"}}},{"range":[185,17,185,19],"value":{"type":"operator","operator":"++"}},{"range":[185,20,185,25],"value":{"type":"literal","literal":"px "}},{"range":[186,17,186,19],"value":{"type":"operator","operator":"++"}},{"range":[186,20,186,34],"value":{"type":"functionOrValue","functionOrValue":{"moduleName":["String"],"name":"fromInt"}}},{"range":[186,35,186,45],"value":{"type":"functionOrValue","functionOrValue":{"moduleName":[],"name":"bottomLeft"}}},{"range":[187,17,187,19],"value":{"type":"operator","operator":"++"}},{"range":[187,20,187,24],"value":{"type":"literal","literal":"px"}}]}}}}]}}}}]}}}}}}},{"range":[194,1,201,10],"value":{"type":"function","function":{"documentation":null,"signature":{"range":[194,1,194,45],"value":{"name":{"range":[194,1,194,5],"value":"glow"},"typeAnnotation":{"range":[194,8,194,45],"value":{"type":"function","function":{"left":{"range":[194,8,194,13],"value":{"type":"typed","typed":{"moduleNameAndName":{"range":[194,8,194,13],"value":{"moduleName":[],"name":"Color"}},"args":[]}}},"right":{"range":[194,17,194,45],"value":{"type":"function","function":{"left":{"range":[194,17,194,22],"value":{"type":"typed","typed":{"moduleNameAndName":{"range":[194,17,194,22],"value":{"moduleName":[],"name":"Float"}},"args":[]}}},"right":{"range":[194,26,194,45],"value":{"type":"typed","typed":{"moduleNameAndName":{"range":[194,26,194,30],"value":{"moduleName":[],"name":"Attr"}},"args":[{"range":[194,31,194,41],"value":{"type":"generic","generic":{"value":"decorative"}}},{"range":[194,42,194,45],"value":{"type":"generic","generic":{"value":"msg"}}}]}}}}}}}}}}},"declaration":{"range":[195,1,201,10],"value":{"name":{"range":[195,1,195,5],"value":"glow"},"arguments":[{"range":[195,6,195,9],"value":{"type":"var","var":{"value":"clr"}}},{"range":[195,10,195,14],"value":{"type":"var","var":{"value":"size"}}}],"expression":{"range":[196,5,201,10],"value":{"type":"application","application":[{"range":[196,5,196,11],"value":{"type":"functionOrValue","functionOrValue":{"moduleName":[],"name":"shadow"}}},{"range":[197,9,201,10],"value":{"type":"record","record":[{"range":[197,11,197,28],"value":{"field":{"range":[197,11,197,17],"value":"offset"},"expression":{"range":[197,20,197,28],"value":{"type":"tupled","tupled":[{"range":[197,22,197,23],"value":{"type":"integer","integer":0}},{"range":[197,25,197,26],"value":{"type":"integer","integer":0}}]}}}},{"range":[198,11,199,9],"value":{"field":{"range":[198,11,198,15],"value":"size"},"expression":{"range":[198,18,198,22],"value":{"type":"functionOrValue","functionOrValue":{"moduleName":[],"name":"size"}}}}},{"range":[199,11,200,9],"value":{"field":{"range":[199,11,199,15],"value":"blur"},"expression":{"range":[199,18,199,26],"value":{"type":"application","application":[{"range":[199,18,199,22],"value":{"type":"functionOrValue","functionOrValue":{"moduleName":[],"name":"size"}}},{"range":[199,23,199,24],"value":{"type":"operator","operator":"*"}},{"range":[199,25,199,26],"value":{"type":"integer","integer":2}}]}}}},{"range":[200,11,201,9],"value":{"field":{"range":[200,11,200,16],"value":"color"},"expression":{"range":[200,19,200,22],"value":{"type":"functionOrValue","functionOrValue":{"moduleName":[],"name":"clr"}}}}}]}}]}}}}}}},{"range":[205,1,212,10],"value":{"type":"function","function":{"documentation":null,"signature":{"range":[205,1,205,50],"value":{"name":{"range":[205,1,205,10],"value":"innerGlow"},"typeAnnotation":{"range":[205,13,205,50],"value":{"type":"function","function":{"left":{"range":[205,13,205,18],"value":{"type":"typed","typed":{"moduleNameAndName":{"range":[205,13,205,18],"value":{"moduleName":[],"name":"Color"}},"args":[]}}},"right":{"range":[205,22,205,50],"value":{"type":"function","function":{"left":{"range":[205,22,205,27],"value":{"type":"typed","typed":{"moduleNameAndName":{"range":[205,22,205,27],"value":{"moduleName":[],"name":"Float"}},"args":[]}}},"right":{"range":[205,31,205,50],"value":{"type":"typed","typed":{"moduleNameAndName":{"range":[205,31,205,35],"value":{"moduleName":[],"name":"Attr"}},"args":[{"range":[205,36,205,46],"value":{"type":"generic","generic":{"value":"decorative"}}},{"range":[205,47,205,50],"value":{"type":"generic","generic":{"value":"msg"}}}]}}}}}}}}}}},"declaration":{"range":[206,1,212,10],"value":{"name":{"range":[206,1,206,10],"value":"innerGlow"},"arguments":[{"range":[206,11,206,14],"value":{"type":"var","var":{"value":"clr"}}},{"range":[206,15,206,19],"value":{"type":"var","var":{"value":"size"}}}],"expression":{"range":[207,5,212,10],"value":{"type":"application","application":[{"range":[207,5,207,16],"value":{"type":"functionOrValue","functionOrValue":{"moduleName":[],"name":"innerShadow"}}},{"range":[208,9,212,10],"value":{"type":"record","record":[{"range":[208,11,208,28],"value":{"field":{"range":[208,11,208,17],"value":"offset"},"expression":{"range":[208,20,208,28],"value":{"type":"tupled","tupled":[{"range":[208,22,208,23],"value":{"type":"integer","integer":0}},{"range":[208,25,208,26],"value":{"type":"integer","integer":0}}]}}}},{"range":[209,11,210,9],"value":{"field":{"range":[209,11,209,15],"value":"size"},"expression":{"range":[209,18,209,22],"value":{"type":"functionOrValue","functionOrValue":{"moduleName":[],"name":"size"}}}}},{"range":[210,11,211,9],"value":{"field":{"range":[210,11,210,15],"value":"blur"},"expression":{"range":[210,18,210,26],"value":{"type":"application","application":[{"range":[210,18,210,22],"value":{"type":"functionOrValue","functionOrValue":{"moduleName":[],"name":"size"}}},{"range":[210,23,210,24],"value":{"type":"operator","operator":"*"}},{"range":[210,25,210,26],"value":{"type":"integer","integer":2}}]}}}},{"range":[211,11,212,9],"value":{"field":{"range":[211,11,211,16],"value":"color"},"expression":{"range":[211,19,211,22],"value":{"type":"functionOrValue","functionOrValue":{"moduleName":[],"name":"clr"}}}}}]}}]}}}}}}},{"range":[216,1,241,1],"value":{"type":"function","function":{"documentation":null,"signature":{"range":[216,1,222,27],"value":{"name":{"range":[216,1,216,7],"value":"shadow"},"typeAnnotation":{"range":[217,5,222,27],"value":{"type":"function","function":{"left":{"range":[217,5,221,6],"value":{"type":"record","record":{"value":[{"range":[217,7,217,32],"value":{"name":{"range":[217,7,217,13],"value":"offset"},"typeAnnotation":{"range":[217,16,217,32],"value":{"type":"tupled","tupled":{"values":[{"range":[217,18,217,23],"value":{"type":"typed","typed":{"moduleNameAndName":{"range":[217,18,217,23],"value":{"moduleName":[],"name":"Float"}},"args":[]}}},{"range":[217,25,217,30],"value":{"type":"typed","typed":{"moduleNameAndName":{"range":[217,25,217,30],"value":{"moduleName":[],"name":"Float"}},"args":[]}}}]}}}}},{"range":[218,5,219,5],"value":{"name":{"range":[218,7,218,11],"value":"size"},"typeAnnotation":{"range":[218,14,218,19],"value":{"type":"typed","typed":{"moduleNameAndName":{"range":[218,14,218,19],"value":{"moduleName":[],"name":"Float"}},"args":[]}}}}},{"range":[219,5,220,5],"value":{"name":{"range":[219,7,219,11],"value":"blur"},"typeAnnotation":{"range":[219,14,219,19],"value":{"type":"typed","typed":{"moduleNameAndName":{"range":[219,14,219,19],"value":{"moduleName":[],"name":"Float"}},"args":[]}}}}},{"range":[220,5,221,5],"value":{"name":{"range":[220,7,220,12],"value":"color"},"typeAnnotation":{"range":[220,15,220,20],"value":{"type":"typed","typed":{"moduleNameAndName":{"range":[220,15,220,20],"value":{"moduleName":[],"name":"Color"}},"args":[]}}}}}]}}},"right":{"range":[222,8,222,27],"value":{"type":"typed","typed":{"moduleNameAndName":{"range":[222,8,222,12],"value":{"moduleName":[],"name":"Attr"}},"args":[{"range":[222,13,222,23],"value":{"type":"generic","generic":{"value":"decorative"}}},{"range":[222,24,222,27],"value":{"type":"generic","generic":{"value":"msg"}}}]}}}}}}}},"declaration":{"range":[223,1,241,1],"value":{"name":{"range":[223,1,223,7],"value":"shadow"},"arguments":[{"range":[223,8,223,19],"value":{"type":"var","var":{"value":"almostShade"}}}],"expression":{"range":[224,5,241,1],"value":{"type":"let","let":{"declarations":[{"range":[225,9,232,5],"value":{"type":"function","function":{"documentation":null,"signature":null,"declaration":{"range":[225,9,231,14],"value":{"name":{"range":[225,9,225,14],"value":"shade"},"arguments":[],"expression":{"range":[226,13,231,14],"value":{"type":"record","record":[{"range":[226,15,226,28],"value":{"field":{"range":[226,15,226,20],"value":"inset"},"expression":{"range":[226,23,226,28],"value":{"type":"functionOrValue","functionOrValue":{"moduleName":[],"name":"False"}}}}},{"range":[227,15,228,13],"value":{"field":{"range":[227,15,227,21],"value":"offset"},"expression":{"range":[227,35,227,42],"value":{"type":"recordAccess","recordAccess":{"expression":{"range":[227,24,227,35],"value":{"type":"functionOrValue","functionOrValue":{"moduleName":[],"name":"almostShade"}}},"name":{"range":[227,36,227,42],"value":"offset"}}}}}},{"range":[228,15,229,13],"value":{"field":{"range":[228,15,228,19],"value":"size"},"expression":{"range":[228,33,228,38],"value":{"type":"recordAccess","recordAccess":{"expression":{"range":[228,22,228,33],"value":{"type":"functionOrValue","functionOrValue":{"moduleName":[],"name":"almostShade"}}},"name":{"range":[228,34,228,38],"value":"size"}}}}}},{"range":[229,15,230,13],"value":{"field":{"range":[229,15,229,19],"value":"blur"},"expression":{"range":[229,33,229,38],"value":{"type":"recordAccess","recordAccess":{"expression":{"range":[229,22,229,33],"value":{"type":"functionOrValue","functionOrValue":{"moduleName":[],"name":"almostShade"}}},"name":{"range":[229,34,229,38],"value":"blur"}}}}}},{"range":[230,15,231,13],"value":{"field":{"range":[230,15,230,20],"value":"color"},"expression":{"range":[230,34,230,40],"value":{"type":"recordAccess","recordAccess":{"expression":{"range":[230,23,230,34],"value":{"type":"functionOrValue","functionOrValue":{"moduleName":[],"name":"almostShade"}}},"name":{"range":[230,35,230,40],"value":"color"}}}}}}]}}}}}}}],"expression":{"range":[233,5,237,45],"value":{"type":"application","application":[{"range":[233,5,233,24],"value":{"type":"functionOrValue","functionOrValue":{"moduleName":["Internal"],"name":"StyleClass"}}},{"range":[233,25,233,37],"value":{"type":"functionOrValue","functionOrValue":{"moduleName":["Flag"],"name":"shadows"}}},{"range":[233,38,233,40],"value":{"type":"operator","operator":"<|"}},{"range":[234,9,234,24],"value":{"type":"functionOrValue","functionOrValue":{"moduleName":["Internal"],"name":"Single"}}},{"range":[235,13,235,44],"value":{"type":"parenthesized","parenthesized":{"range":[235,14,235,43],"value":{"type":"application","application":[{"range":[235,14,235,37],"value":{"type":"functionOrValue","functionOrValue":{"moduleName":["Internal"],"name":"boxShadowClass"}}},{"range":[235,38,235,43],"value":{"type":"functionOrValue","functionOrValue":{"moduleName":[],"name":"shade"}}}]}}}},{"range":[236,13,236,25],"value":{"type":"literal","literal":"box-shadow"}},{"range":[237,13,237,45],"value":{"type":"parenthesized","parenthesized":{"range":[237,14,237,44],"value":{"type":"application","application":[{"range":[237,14,237,38],"value":{"type":"functionOrValue","functionOrValue":{"moduleName":["Internal"],"name":"formatBoxShadow"}}},{"range":[237,39,237,44],"value":{"type":"functionOrValue","functionOrValue":{"moduleName":[],"name":"shade"}}}]}}}}]}}}}}}}}}},{"range":[241,1,283,1],"value":{"type":"function","function":{"documentation":null,"signature":{"range":[241,1,247,27],"value":{"name":{"range":[241,1,241,12],"value":"innerShadow"},"typeAnnotation":{"range":[242,5,247,27],"value":{"type":"function","function":{"left":{"range":[242,5,246,6],"value":{"type":"record","record":{"value":[{"range":[242,7,242,32],"value":{"name":{"range":[242,7,242,13],"value":"offset"},"typeAnnotation":{"range":[242,16,242,32],"value":{"type":"tupled","tupled":{"values":[{"range":[242,18,242,23],"value":{"type":"typed","typed":{"moduleNameAndName":{"range":[242,18,242,23],"value":{"moduleName":[],"name":"Float"}},"args":[]}}},{"range":[242,25,242,30],"value":{"type":"typed","typed":{"moduleNameAndName":{"range":[242,25,242,30],"value":{"moduleName":[],"name":"Float"}},"args":[]}}}]}}}}},{"range":[243,5,244,5],"value":{"name":{"range":[243,7,243,11],"value":"size"},"typeAnnotation":{"range":[243,14,243,19],"value":{"type":"typed","typed":{"moduleNameAndName":{"range":[243,14,243,19],"value":{"moduleName":[],"name":"Float"}},"args":[]}}}}},{"range":[244,5,245,5],"value":{"name":{"range":[244,7,244,11],"value":"blur"},"typeAnnotation":{"range":[244,14,244,19],"value":{"type":"typed","typed":{"moduleNameAndName":{"range":[244,14,244,19],"value":{"moduleName":[],"name":"Float"}},"args":[]}}}}},{"range":[245,5,246,5],"value":{"name":{"range":[245,7,245,12],"value":"color"},"typeAnnotation":{"range":[245,15,245,20],"value":{"type":"typed","typed":{"moduleNameAndName":{"range":[245,15,245,20],"value":{"moduleName":[],"name":"Color"}},"args":[]}}}}}]}}},"right":{"range":[247,8,247,27],"value":{"type":"typed","typed":{"moduleNameAndName":{"range":[247,8,247,12],"value":{"moduleName":[],"name":"Attr"}},"args":[{"range":[247,13,247,23],"value":{"type":"generic","generic":{"value":"decorative"}}},{"range":[247,24,247,27],"value":{"type":"generic","generic":{"value":"msg"}}}]}}}}}}}},"declaration":{"range":[248,1,283,1],"value":{"name":{"range":[248,1,248,12],"value":"innerShadow"},"arguments":[{"range":[248,13,248,24],"value":{"type":"var","var":{"value":"almostShade"}}}],"expression":{"range":[249,5,283,1],"value":{"type":"let","let":{"declarations":[{"range":[250,9,257,5],"value":{"type":"function","function":{"documentation":null,"signature":null,"declaration":{"range":[250,9,256,14],"value":{"name":{"range":[250,9,250,14],"value":"shade"},"arguments":[],"expression":{"range":[251,13,256,14],"value":{"type":"record","record":[{"range":[251,15,251,27],"value":{"field":{"range":[251,15,251,20],"value":"inset"},"expression":{"range":[251,23,251,27],"value":{"type":"functionOrValue","functionOrValue":{"moduleName":[],"name":"True"}}}}},{"range":[252,15,253,13],"value":{"field":{"range":[252,15,252,21],"value":"offset"},"expression":{"range":[252,35,252,42],"value":{"type":"recordAccess","recordAccess":{"expression":{"range":[252,24,252,35],"value":{"type":"functionOrValue","functionOrValue":{"moduleName":[],"name":"almostShade"}}},"name":{"range":[252,36,252,42],"value":"offset"}}}}}},{"range":[253,15,254,13],"value":{"field":{"range":[253,15,253,19],"value":"size"},"expression":{"range":[253,33,253,38],"value":{"type":"recordAccess","recordAccess":{"expression":{"range":[253,22,253,33],"value":{"type":"functionOrValue","functionOrValue":{"moduleName":[],"name":"almostShade"}}},"name":{"range":[253,34,253,38],"value":"size"}}}}}},{"range":[254,15,255,13],"value":{"field":{"range":[254,15,254,19],"value":"blur"},"expression":{"range":[254,33,254,38],"value":{"type":"recordAccess","recordAccess":{"expression":{"range":[254,22,254,33],"value":{"type":"functionOrValue","functionOrValue":{"moduleName":[],"name":"almostShade"}}},"name":{"range":[254,34,254,38],"value":"blur"}}}}}},{"range":[255,15,256,13],"value":{"field":{"range":[255,15,255,20],"value":"color"},"expression":{"range":[255,34,255,40],"value":{"type":"recordAccess","recordAccess":{"expression":{"range":[255,23,255,34],"value":{"type":"functionOrValue","functionOrValue":{"moduleName":[],"name":"almostShade"}}},"name":{"range":[255,35,255,40],"value":"color"}}}}}}]}}}}}}}],"expression":{"range":[258,5,262,45],"value":{"type":"application","application":[{"range":[258,5,258,24],"value":{"type":"functionOrValue","functionOrValue":{"moduleName":["Internal"],"name":"StyleClass"}}},{"range":[258,25,258,37],"value":{"type":"functionOrValue","functionOrValue":{"moduleName":["Flag"],"name":"shadows"}}},{"range":[258,38,258,40],"value":{"type":"operator","operator":"<|"}},{"range":[259,9,259,24],"value":{"type":"functionOrValue","functionOrValue":{"moduleName":["Internal"],"name":"Single"}}},{"range":[260,13,260,44],"value":{"type":"parenthesized","parenthesized":{"range":[260,14,260,43],"value":{"type":"application","application":[{"range":[260,14,260,37],"value":{"type":"functionOrValue","functionOrValue":{"moduleName":["Internal"],"name":"boxShadowClass"}}},{"range":[260,38,260,43],"value":{"type":"functionOrValue","functionOrValue":{"moduleName":[],"name":"shade"}}}]}}}},{"range":[261,13,261,25],"value":{"type":"literal","literal":"box-shadow"}},{"range":[262,13,262,45],"value":{"type":"parenthesized","parenthesized":{"range":[262,14,262,44],"value":{"type":"application","application":[{"range":[262,14,262,38],"value":{"type":"functionOrValue","functionOrValue":{"moduleName":["Internal"],"name":"formatBoxShadow"}}},{"range":[262,39,262,44],"value":{"type":"functionOrValue","functionOrValue":{"moduleName":[],"name":"shade"}}}]}}}}]}}}}}}}}}}],"comments":[{"range":[281,1,281,13],"value":"--         }"},{"range":[280,1,280,33],"value":"--         , color = shade.color"},{"range":[279,1,279,31],"value":"--         , blur = shade.blur"},{"range":[278,1,278,31],"value":"--         , size = shade.size"},{"range":[277,1,277,35],"value":"--         , offset = shade.offset"},{"range":[276,1,276,27],"value":"--         { inset = False"},{"range":[275,1,275,26],"value":"--     Internal.BoxShadow"},{"range":[274,1,274,18],"value":"-- shadow shade ="},{"range":[273,1,273,30],"value":"--     -> Attr decorative msg"},{"range":[272,1,272,9],"value":"--     }"},{"range":[271,1,271,23],"value":"--     , color : Color"},{"range":[270,1,270,22],"value":"--     , size : Float"},{"range":[269,1,269,22],"value":"--     , blur : Float"},{"range":[268,1,268,35],"value":"--     { offset : ( Float, Float )"},{"range":[267,1,267,12],"value":"-- shadow :"},{"range":[266,1,266,10],"value":"-- {-| -}"},{"range":[240,1,240,7],"value":"{-| -}"},{"range":[215,1,215,7],"value":"{-| -}"},{"range":[204,1,204,7],"value":"{-| -}"},{"range":[192,1,193,3],"value":"{-| A simple glow by specifying the color and size.\n-}"},{"range":[160,1,160,7],"value":"{-| -}"},{"range":[147,1,148,3],"value":"{-| Round all corners.\n-}"},{"range":[141,1,141,7],"value":"{-| -}"},{"range":[135,1,135,7],"value":"{-| -}"},{"range":[129,1,129,7],"value":"{-| -}"},{"range":[126,1,126,36],"value":"--     Class \"border\" \"border-none\""},{"range":[125,1,125,10],"value":"-- none ="},{"range":[124,1,124,24],"value":"-- none : Attribute msg"},{"range":[123,1,123,6],"value":"-- -}"},{"range":[122,1,122,18],"value":"-- {-| No Borders"},{"range":[86,1,86,7],"value":"{-| -}"},{"range":[67,1,68,3],"value":"{-| Set horizontal and vertical borders.\n-}"},{"range":[53,1,53,7],"value":"{-| -}"},{"range":[41,1,41,7],"value":"{-| -}"},{"range":[9,1,33,3],"value":"{-|\n\n@docs color\n\n\n## Border Widths\n\n@docs width, widthXY, widthEach\n\n\n## Border Styles\n\n@docs solid, dashed, dotted\n\n\n## Rounded Corners\n\n@docs rounded, roundEach\n\n\n## Shadows\n\n@docs glow, innerGlow, shadow, innerShadow\n\n-}"}]}