{"moduleDefinition":{"range":[1,1,5,6],"value":{"type":"normal","normal":{"moduleName":{"range":[1,8,1,22],"value":["Element","Region"]},"exposingList":{"range":[1,23,5,6],"value":{"type":"explicit","explicit":[{"range":[2,7,2,18],"value":{"type":"function","function":{"name":"mainContent"}}},{"range":[2,20,2,30],"value":{"type":"function","function":{"name":"navigation"}}},{"range":[2,32,2,39],"value":{"type":"function","function":{"name":"heading"}}},{"range":[2,41,2,46],"value":{"type":"function","function":{"name":"aside"}}},{"range":[2,48,2,54],"value":{"type":"function","function":{"name":"footer"}}},{"range":[3,7,3,18],"value":{"type":"function","function":{"name":"description"}}},{"range":[4,7,4,15],"value":{"type":"function","function":{"name":"announce"}}},{"range":[4,17,4,33],"value":{"type":"function","function":{"name":"announceUrgently"}}}]}}}}},"imports":[{"range":[30,1,30,36],"value":{"moduleName":{"range":[30,8,30,15],"value":["Element"]},"moduleAlias":null,"exposingList":{"range":[30,16,30,36],"value":{"type":"explicit","explicit":[{"range":[30,26,30,35],"value":{"type":"typeOrAlias","typeOrAlias":{"name":"Attribute"}}}]}}}},{"range":[31,1,31,61],"value":{"moduleName":{"range":[31,8,31,22],"value":["Internal","Model"]},"moduleAlias":{"range":[31,26,31,34],"value":["Internal"]},"exposingList":{"range":[31,35,31,61],"value":{"type":"explicit","explicit":[{"range":[31,45,31,60],"value":{"type":"typeexpose","typeexpose":{"name":"Description","open":[31,56,31,60]}}}]}}}}],"declarations":[{"range":[35,1,37,27],"value":{"type":"function","function":{"documentation":null,"signature":{"range":[35,1,35,28],"value":{"name":{"range":[35,1,35,12],"value":"mainContent"},"typeAnnotation":{"range":[35,15,35,28],"value":{"type":"typed","typed":{"moduleNameAndName":{"range":[35,15,35,24],"value":{"moduleName":[],"name":"Attribute"}},"args":[{"range":[35,25,35,28],"value":{"type":"generic","generic":{"value":"msg"}}}]}}}}},"declaration":{"range":[36,1,37,27],"value":{"name":{"range":[36,1,36,12],"value":"mainContent"},"arguments":[],"expression":{"range":[37,5,37,27],"value":{"type":"application","application":[{"range":[37,5,37,22],"value":{"type":"functionOrValue","functionOrValue":{"moduleName":["Internal"],"name":"Describe"}}},{"range":[37,23,37,27],"value":{"type":"functionOrValue","functionOrValue":{"moduleName":[],"name":"Main"}}}]}}}}}}},{"range":[41,1,43,36],"value":{"type":"function","function":{"documentation":null,"signature":{"range":[41,1,41,22],"value":{"name":{"range":[41,1,41,6],"value":"aside"},"typeAnnotation":{"range":[41,9,41,22],"value":{"type":"typed","typed":{"moduleNameAndName":{"range":[41,9,41,18],"value":{"moduleName":[],"name":"Attribute"}},"args":[{"range":[41,19,41,22],"value":{"type":"generic","generic":{"value":"msg"}}}]}}}}},"declaration":{"range":[42,1,43,36],"value":{"name":{"range":[42,1,42,6],"value":"aside"},"arguments":[],"expression":{"range":[43,5,43,36],"value":{"type":"application","application":[{"range":[43,5,43,22],"value":{"type":"functionOrValue","functionOrValue":{"moduleName":["Internal"],"name":"Describe"}}},{"range":[43,23,43,36],"value":{"type":"functionOrValue","functionOrValue":{"moduleName":[],"name":"Complementary"}}}]}}}}}}},{"range":[47,1,49,33],"value":{"type":"function","function":{"documentation":null,"signature":{"range":[47,1,47,27],"value":{"name":{"range":[47,1,47,11],"value":"navigation"},"typeAnnotation":{"range":[47,14,47,27],"value":{"type":"typed","typed":{"moduleNameAndName":{"range":[47,14,47,23],"value":{"moduleName":[],"name":"Attribute"}},"args":[{"range":[47,24,47,27],"value":{"type":"generic","generic":{"value":"msg"}}}]}}}}},"declaration":{"range":[48,1,49,33],"value":{"name":{"range":[48,1,48,11],"value":"navigation"},"arguments":[],"expression":{"range":[49,5,49,33],"value":{"type":"application","application":[{"range":[49,5,49,22],"value":{"type":"functionOrValue","functionOrValue":{"moduleName":["Internal"],"name":"Describe"}}},{"range":[49,23,49,33],"value":{"type":"functionOrValue","functionOrValue":{"moduleName":[],"name":"Navigation"}}}]}}}}}}},{"range":[62,1,64,34],"value":{"type":"function","function":{"documentation":null,"signature":{"range":[62,1,62,23],"value":{"name":{"range":[62,1,62,7],"value":"footer"},"typeAnnotation":{"range":[62,10,62,23],"value":{"type":"typed","typed":{"moduleNameAndName":{"range":[62,10,62,19],"value":{"moduleName":[],"name":"Attribute"}},"args":[{"range":[62,20,62,23],"value":{"type":"generic","generic":{"value":"msg"}}}]}}}}},"declaration":{"range":[63,1,64,34],"value":{"name":{"range":[63,1,63,7],"value":"footer"},"arguments":[],"expression":{"range":[64,5,64,34],"value":{"type":"application","application":[{"range":[64,5,64,22],"value":{"type":"functionOrValue","functionOrValue":{"moduleName":["Internal"],"name":"Describe"}}},{"range":[64,23,64,34],"value":{"type":"functionOrValue","functionOrValue":{"moduleName":[],"name":"ContentInfo"}}}]}}}}}}},{"range":[85,1,87,33],"value":{"type":"function","function":{"documentation":null,"signature":{"range":[85,1,85,31],"value":{"name":{"range":[85,1,85,8],"value":"heading"},"typeAnnotation":{"range":[85,11,85,31],"value":{"type":"function","function":{"left":{"range":[85,11,85,14],"value":{"type":"typed","typed":{"moduleNameAndName":{"range":[85,11,85,14],"value":{"moduleName":[],"name":"Int"}},"args":[]}}},"right":{"range":[85,18,85,31],"value":{"type":"typed","typed":{"moduleNameAndName":{"range":[85,18,85,27],"value":{"moduleName":[],"name":"Attribute"}},"args":[{"range":[85,28,85,31],"value":{"type":"generic","generic":{"value":"msg"}}}]}}}}}}}},"declaration":{"range":[86,1,87,33],"value":{"name":{"range":[86,1,86,8],"value":"heading"},"arguments":[],"expression":{"range":[87,5,87,33],"value":{"type":"application","application":[{"range":[87,5,87,22],"value":{"type":"functionOrValue","functionOrValue":{"moduleName":["Internal"],"name":"Describe"}}},{"range":[87,23,87,25],"value":{"type":"operator","operator":"<<"}},{"range":[87,26,87,33],"value":{"type":"functionOrValue","functionOrValue":{"moduleName":[],"name":"Heading"}}}]}}}}}}},{"range":[92,1,94,36],"value":{"type":"function","function":{"documentation":null,"signature":{"range":[92,1,92,33],"value":{"name":{"range":[92,1,92,17],"value":"announceUrgently"},"typeAnnotation":{"range":[92,20,92,33],"value":{"type":"typed","typed":{"moduleNameAndName":{"range":[92,20,92,29],"value":{"moduleName":[],"name":"Attribute"}},"args":[{"range":[92,30,92,33],"value":{"type":"generic","generic":{"value":"msg"}}}]}}}}},"declaration":{"range":[93,1,94,36],"value":{"name":{"range":[93,1,93,17],"value":"announceUrgently"},"arguments":[],"expression":{"range":[94,5,94,36],"value":{"type":"application","application":[{"range":[94,5,94,22],"value":{"type":"functionOrValue","functionOrValue":{"moduleName":["Internal"],"name":"Describe"}}},{"range":[94,23,94,36],"value":{"type":"functionOrValue","functionOrValue":{"moduleName":[],"name":"LiveAssertive"}}}]}}}}}}},{"range":[99,1,101,33],"value":{"type":"function","function":{"documentation":null,"signature":{"range":[99,1,99,25],"value":{"name":{"range":[99,1,99,9],"value":"announce"},"typeAnnotation":{"range":[99,12,99,25],"value":{"type":"typed","typed":{"moduleNameAndName":{"range":[99,12,99,21],"value":{"moduleName":[],"name":"Attribute"}},"args":[{"range":[99,22,99,25],"value":{"type":"generic","generic":{"value":"msg"}}}]}}}}},"declaration":{"range":[100,1,101,33],"value":{"name":{"range":[100,1,100,9],"value":"announce"},"arguments":[],"expression":{"range":[101,5,101,33],"value":{"type":"application","application":[{"range":[101,5,101,22],"value":{"type":"functionOrValue","functionOrValue":{"moduleName":["Internal"],"name":"Describe"}}},{"range":[101,23,101,33],"value":{"type":"functionOrValue","functionOrValue":{"moduleName":[],"name":"LivePolite"}}}]}}}}}}},{"range":[105,1,107,40],"value":{"type":"function","function":{"documentation":null,"signature":{"range":[105,1,105,38],"value":{"name":{"range":[105,1,105,12],"value":"description"},"typeAnnotation":{"range":[105,15,105,38],"value":{"type":"function","function":{"left":{"range":[105,15,105,21],"value":{"type":"typed","typed":{"moduleNameAndName":{"range":[105,15,105,21],"value":{"moduleName":[],"name":"String"}},"args":[]}}},"right":{"range":[105,25,105,38],"value":{"type":"typed","typed":{"moduleNameAndName":{"range":[105,25,105,34],"value":{"moduleName":[],"name":"Attribute"}},"args":[{"range":[105,35,105,38],"value":{"type":"generic","generic":{"value":"msg"}}}]}}}}}}}},"declaration":{"range":[106,1,107,40],"value":{"name":{"range":[106,1,106,12],"value":"description"},"arguments":[],"expression":{"range":[107,5,107,40],"value":{"type":"application","application":[{"range":[107,5,107,22],"value":{"type":"functionOrValue","functionOrValue":{"moduleName":["Internal"],"name":"Describe"}}},{"range":[107,23,107,25],"value":{"type":"operator","operator":"<<"}},{"range":[107,26,107,40],"value":{"type":"functionOrValue","functionOrValue":{"moduleName":["Internal"],"name":"Label"}}}]}}}}}}}],"comments":[{"range":[104,1,104,7],"value":"{-| -}"},{"range":[97,1,98,3],"value":"{-| Screen readers will announce when changes to this element are made.\n-}"},{"range":[90,1,91,3],"value":"{-| Screen readers will announce changes to this element and potentially interrupt any other announcement.\n-}"},{"range":[67,1,84,3],"value":"{-| This will mark an element as `h1`, `h2`, etc where possible.\n\nThough it's also smart enough to not conflict with existing nodes.\n\nSo, this code\n\n    link [ Region.heading 1 ]\n        { url = \"http://fruits.com\"\n        , label = text \"Best site ever\"\n        }\n\nwill generate\n\n    <a href=\"http://fruits.com\">\n        <h1>Best site ever</h1>\n    </a>\n\n-}"},{"range":[61,1,61,7],"value":"{-| -}"},{"range":[58,1,58,32],"value":"--     Internal.Describe Search"},{"range":[57,1,57,12],"value":"-- search ="},{"range":[56,1,56,26],"value":"-- search : Attribute msg"},{"range":[55,1,55,30],"value":"--     Internal.Describe Form"},{"range":[54,1,54,10],"value":"-- form ="},{"range":[53,1,53,24],"value":"-- form : Attribute msg"},{"range":[46,1,46,7],"value":"{-| -}"},{"range":[40,1,40,7],"value":"{-| -}"},{"range":[34,1,34,7],"value":"{-| -}"},{"range":[7,1,28,3],"value":"{-| This module is meant to make accessibility easy!\n\nThese are sign posts that accessibility software like screen readers can use to navigate your app.\n\nAll you have to do is add them to elements in your app where you see fit.\n\nHere's an example of annotating your navigation region:\n\n    import Element.Region as Region\n\n    myNavigation =\n        Element.row [ Region.navigation ]\n            [-- ..your navigation links\n            ]\n\n@docs mainContent, navigation, heading, aside, footer\n\n@docs description\n\n@docs announce, announceUrgently\n\n-}"}]}