{"moduleDefinition":{"range":[1,1,10,6],"value":{"type":"normal","normal":{"moduleName":{"range":[1,8,1,22],"value":["Element","Events"]},"exposingList":{"range":[1,23,10,6],"value":{"type":"explicit","explicit":[{"range":[2,7,2,14],"value":{"type":"function","function":{"name":"onClick"}}},{"range":[2,16,2,29],"value":{"type":"function","function":{"name":"onDoubleClick"}}},{"range":[2,31,2,42],"value":{"type":"function","function":{"name":"onMouseDown"}}},{"range":[2,44,2,53],"value":{"type":"function","function":{"name":"onMouseUp"}}},{"range":[2,55,2,67],"value":{"type":"function","function":{"name":"onMouseEnter"}}},{"range":[2,69,2,81],"value":{"type":"function","function":{"name":"onMouseLeave"}}},{"range":[2,83,2,94],"value":{"type":"function","function":{"name":"onMouseMove"}}},{"range":[3,7,3,14],"value":{"type":"function","function":{"name":"onFocus"}}},{"range":[3,16,3,27],"value":{"type":"function","function":{"name":"onLoseFocus"}}}]}}}}},"imports":[{"range":[26,1,26,36],"value":{"moduleName":{"range":[26,8,26,15],"value":["Element"]},"moduleAlias":null,"exposingList":{"range":[26,16,26,36],"value":{"type":"explicit","explicit":[{"range":[26,26,26,35],"value":{"type":"typeOrAlias","typeOrAlias":{"name":"Attribute"}}}]}}}},{"range":[27,1,27,19],"value":{"moduleName":{"range":[27,8,27,19],"value":["Html","Events"]},"moduleAlias":null,"exposingList":null}},{"range":[28,1,28,34],"value":{"moduleName":{"range":[28,8,28,22],"value":["Internal","Model"]},"moduleAlias":{"range":[28,26,28,34],"value":["Internal"]},"exposingList":null}},{"range":[29,1,29,27],"value":{"moduleName":{"range":[29,8,29,19],"value":["Json","Decode"]},"moduleAlias":{"range":[29,23,29,27],"value":["Json"]},"exposingList":null}},{"range":[30,1,30,18],"value":{"moduleName":{"range":[30,8,30,18],"value":["VirtualDom"]},"moduleAlias":null,"exposingList":null}}],"declarations":[{"range":[38,1,40,45],"value":{"type":"function","function":{"documentation":null,"signature":{"range":[38,1,38,35],"value":{"name":{"range":[38,1,38,12],"value":"onMouseDown"},"typeAnnotation":{"range":[38,15,38,35],"value":{"type":"function","function":{"left":{"range":[38,15,38,18],"value":{"type":"generic","generic":{"value":"msg"}}},"right":{"range":[38,22,38,35],"value":{"type":"typed","typed":{"moduleNameAndName":{"range":[38,22,38,31],"value":{"moduleName":[],"name":"Attribute"}},"args":[{"range":[38,32,38,35],"value":{"type":"generic","generic":{"value":"msg"}}}]}}}}}}}},"declaration":{"range":[39,1,40,45],"value":{"name":{"range":[39,1,39,12],"value":"onMouseDown"},"arguments":[],"expression":{"range":[40,5,40,45],"value":{"type":"application","application":[{"range":[40,5,40,18],"value":{"type":"functionOrValue","functionOrValue":{"moduleName":["Internal"],"name":"Attr"}}},{"range":[40,19,40,21],"value":{"type":"operator","operator":"<<"}},{"range":[40,22,40,45],"value":{"type":"functionOrValue","functionOrValue":{"moduleName":["Html","Events"],"name":"onMouseDown"}}}]}}}}}}},{"range":[44,1,46,43],"value":{"type":"function","function":{"documentation":null,"signature":{"range":[44,1,44,33],"value":{"name":{"range":[44,1,44,10],"value":"onMouseUp"},"typeAnnotation":{"range":[44,13,44,33],"value":{"type":"function","function":{"left":{"range":[44,13,44,16],"value":{"type":"generic","generic":{"value":"msg"}}},"right":{"range":[44,20,44,33],"value":{"type":"typed","typed":{"moduleNameAndName":{"range":[44,20,44,29],"value":{"moduleName":[],"name":"Attribute"}},"args":[{"range":[44,30,44,33],"value":{"type":"generic","generic":{"value":"msg"}}}]}}}}}}}},"declaration":{"range":[45,1,46,43],"value":{"name":{"range":[45,1,45,10],"value":"onMouseUp"},"arguments":[],"expression":{"range":[46,5,46,43],"value":{"type":"application","application":[{"range":[46,5,46,18],"value":{"type":"functionOrValue","functionOrValue":{"moduleName":["Internal"],"name":"Attr"}}},{"range":[46,19,46,21],"value":{"type":"operator","operator":"<<"}},{"range":[46,22,46,43],"value":{"type":"functionOrValue","functionOrValue":{"moduleName":["Html","Events"],"name":"onMouseUp"}}}]}}}}}}},{"range":[50,1,52,41],"value":{"type":"function","function":{"documentation":null,"signature":{"range":[50,1,50,31],"value":{"name":{"range":[50,1,50,8],"value":"onClick"},"typeAnnotation":{"range":[50,11,50,31],"value":{"type":"function","function":{"left":{"range":[50,11,50,14],"value":{"type":"generic","generic":{"value":"msg"}}},"right":{"range":[50,18,50,31],"value":{"type":"typed","typed":{"moduleNameAndName":{"range":[50,18,50,27],"value":{"moduleName":[],"name":"Attribute"}},"args":[{"range":[50,28,50,31],"value":{"type":"generic","generic":{"value":"msg"}}}]}}}}}}}},"declaration":{"range":[51,1,52,41],"value":{"name":{"range":[51,1,51,8],"value":"onClick"},"arguments":[],"expression":{"range":[52,5,52,41],"value":{"type":"application","application":[{"range":[52,5,52,18],"value":{"type":"functionOrValue","functionOrValue":{"moduleName":["Internal"],"name":"Attr"}}},{"range":[52,19,52,21],"value":{"type":"operator","operator":"<<"}},{"range":[52,22,52,41],"value":{"type":"functionOrValue","functionOrValue":{"moduleName":["Html","Events"],"name":"onClick"}}}]}}}}}}},{"range":[56,1,58,47],"value":{"type":"function","function":{"documentation":null,"signature":{"range":[56,1,56,37],"value":{"name":{"range":[56,1,56,14],"value":"onDoubleClick"},"typeAnnotation":{"range":[56,17,56,37],"value":{"type":"function","function":{"left":{"range":[56,17,56,20],"value":{"type":"generic","generic":{"value":"msg"}}},"right":{"range":[56,24,56,37],"value":{"type":"typed","typed":{"moduleNameAndName":{"range":[56,24,56,33],"value":{"moduleName":[],"name":"Attribute"}},"args":[{"range":[56,34,56,37],"value":{"type":"generic","generic":{"value":"msg"}}}]}}}}}}}},"declaration":{"range":[57,1,58,47],"value":{"name":{"range":[57,1,57,14],"value":"onDoubleClick"},"arguments":[],"expression":{"range":[58,5,58,47],"value":{"type":"application","application":[{"range":[58,5,58,18],"value":{"type":"functionOrValue","functionOrValue":{"moduleName":["Internal"],"name":"Attr"}}},{"range":[58,19,58,21],"value":{"type":"operator","operator":"<<"}},{"range":[58,22,58,47],"value":{"type":"functionOrValue","functionOrValue":{"moduleName":["Html","Events"],"name":"onDoubleClick"}}}]}}}}}}},{"range":[62,1,64,46],"value":{"type":"function","function":{"documentation":null,"signature":{"range":[62,1,62,36],"value":{"name":{"range":[62,1,62,13],"value":"onMouseEnter"},"typeAnnotation":{"range":[62,16,62,36],"value":{"type":"function","function":{"left":{"range":[62,16,62,19],"value":{"type":"generic","generic":{"value":"msg"}}},"right":{"range":[62,23,62,36],"value":{"type":"typed","typed":{"moduleNameAndName":{"range":[62,23,62,32],"value":{"moduleName":[],"name":"Attribute"}},"args":[{"range":[62,33,62,36],"value":{"type":"generic","generic":{"value":"msg"}}}]}}}}}}}},"declaration":{"range":[63,1,64,46],"value":{"name":{"range":[63,1,63,13],"value":"onMouseEnter"},"arguments":[],"expression":{"range":[64,5,64,46],"value":{"type":"application","application":[{"range":[64,5,64,18],"value":{"type":"functionOrValue","functionOrValue":{"moduleName":["Internal"],"name":"Attr"}}},{"range":[64,19,64,21],"value":{"type":"operator","operator":"<<"}},{"range":[64,22,64,46],"value":{"type":"functionOrValue","functionOrValue":{"moduleName":["Html","Events"],"name":"onMouseEnter"}}}]}}}}}}},{"range":[68,1,70,46],"value":{"type":"function","function":{"documentation":null,"signature":{"range":[68,1,68,36],"value":{"name":{"range":[68,1,68,13],"value":"onMouseLeave"},"typeAnnotation":{"range":[68,16,68,36],"value":{"type":"function","function":{"left":{"range":[68,16,68,19],"value":{"type":"generic","generic":{"value":"msg"}}},"right":{"range":[68,23,68,36],"value":{"type":"typed","typed":{"moduleNameAndName":{"range":[68,23,68,32],"value":{"moduleName":[],"name":"Attribute"}},"args":[{"range":[68,33,68,36],"value":{"type":"generic","generic":{"value":"msg"}}}]}}}}}}}},"declaration":{"range":[69,1,70,46],"value":{"name":{"range":[69,1,69,13],"value":"onMouseLeave"},"arguments":[],"expression":{"range":[70,5,70,46],"value":{"type":"application","application":[{"range":[70,5,70,18],"value":{"type":"functionOrValue","functionOrValue":{"moduleName":["Internal"],"name":"Attr"}}},{"range":[70,19,70,21],"value":{"type":"operator","operator":"<<"}},{"range":[70,22,70,46],"value":{"type":"functionOrValue","functionOrValue":{"moduleName":["Html","Events"],"name":"onMouseLeave"}}}]}}}}}}},{"range":[74,1,76,38],"value":{"type":"function","function":{"documentation":null,"signature":{"range":[74,1,74,35],"value":{"name":{"range":[74,1,74,12],"value":"onMouseMove"},"typeAnnotation":{"range":[74,15,74,35],"value":{"type":"function","function":{"left":{"range":[74,15,74,18],"value":{"type":"generic","generic":{"value":"msg"}}},"right":{"range":[74,22,74,35],"value":{"type":"typed","typed":{"moduleNameAndName":{"range":[74,22,74,31],"value":{"moduleName":[],"name":"Attribute"}},"args":[{"range":[74,32,74,35],"value":{"type":"generic","generic":{"value":"msg"}}}]}}}}}}}},"declaration":{"range":[75,1,76,38],"value":{"name":{"range":[75,1,75,12],"value":"onMouseMove"},"arguments":[{"range":[75,13,75,16],"value":{"type":"var","var":{"value":"msg"}}}],"expression":{"range":[76,5,76,38],"value":{"type":"application","application":[{"range":[76,5,76,7],"value":{"type":"functionOrValue","functionOrValue":{"moduleName":[],"name":"on"}}},{"range":[76,8,76,19],"value":{"type":"literal","literal":"mousemove"}},{"range":[76,20,76,38],"value":{"type":"parenthesized","parenthesized":{"range":[76,21,76,37],"value":{"type":"application","application":[{"range":[76,21,76,33],"value":{"type":"functionOrValue","functionOrValue":{"moduleName":["Json"],"name":"succeed"}}},{"range":[76,34,76,37],"value":{"type":"functionOrValue","functionOrValue":{"moduleName":[],"name":"msg"}}}]}}}}]}}}}}}},{"range":[97,1,99,42],"value":{"type":"function","function":{"documentation":null,"signature":{"range":[97,1,97,49],"value":{"name":{"range":[97,1,97,14],"value":"onClickCoords"},"typeAnnotation":{"range":[97,17,97,49],"value":{"type":"function","function":{"left":{"range":[97,17,97,32],"value":{"type":"function","function":{"left":{"range":[97,18,97,24],"value":{"type":"typed","typed":{"moduleNameAndName":{"range":[97,18,97,24],"value":{"moduleName":[],"name":"Coords"}},"args":[]}}},"right":{"range":[97,28,97,31],"value":{"type":"generic","generic":{"value":"msg"}}}}}},"right":{"range":[97,36,97,49],"value":{"type":"typed","typed":{"moduleNameAndName":{"range":[97,36,97,45],"value":{"moduleName":[],"name":"Attribute"}},"args":[{"range":[97,46,97,49],"value":{"type":"generic","generic":{"value":"msg"}}}]}}}}}}}},"declaration":{"range":[98,1,99,42],"value":{"name":{"range":[98,1,98,14],"value":"onClickCoords"},"arguments":[{"range":[98,15,98,18],"value":{"type":"var","var":{"value":"msg"}}}],"expression":{"range":[99,5,99,42],"value":{"type":"application","application":[{"range":[99,5,99,7],"value":{"type":"functionOrValue","functionOrValue":{"moduleName":[],"name":"on"}}},{"range":[99,8,99,15],"value":{"type":"literal","literal":"click"}},{"range":[99,16,99,42],"value":{"type":"parenthesized","parenthesized":{"range":[99,17,99,41],"value":{"type":"application","application":[{"range":[99,17,99,25],"value":{"type":"functionOrValue","functionOrValue":{"moduleName":["Json"],"name":"map"}}},{"range":[99,26,99,29],"value":{"type":"functionOrValue","functionOrValue":{"moduleName":[],"name":"msg"}}},{"range":[99,30,99,41],"value":{"type":"functionOrValue","functionOrValue":{"moduleName":[],"name":"localCoords"}}}]}}}}]}}}}}}},{"range":[103,1,105,43],"value":{"type":"function","function":{"documentation":null,"signature":{"range":[103,1,103,55],"value":{"name":{"range":[103,1,103,20],"value":"onClickScreenCoords"},"typeAnnotation":{"range":[103,23,103,55],"value":{"type":"function","function":{"left":{"range":[103,23,103,38],"value":{"type":"function","function":{"left":{"range":[103,24,103,30],"value":{"type":"typed","typed":{"moduleNameAndName":{"range":[103,24,103,30],"value":{"moduleName":[],"name":"Coords"}},"args":[]}}},"right":{"range":[103,34,103,37],"value":{"type":"generic","generic":{"value":"msg"}}}}}},"right":{"range":[103,42,103,55],"value":{"type":"typed","typed":{"moduleNameAndName":{"range":[103,42,103,51],"value":{"moduleName":[],"name":"Attribute"}},"args":[{"range":[103,52,103,55],"value":{"type":"generic","generic":{"value":"msg"}}}]}}}}}}}},"declaration":{"range":[104,1,105,43],"value":{"name":{"range":[104,1,104,20],"value":"onClickScreenCoords"},"arguments":[{"range":[104,21,104,24],"value":{"type":"var","var":{"value":"msg"}}}],"expression":{"range":[105,5,105,43],"value":{"type":"application","application":[{"range":[105,5,105,7],"value":{"type":"functionOrValue","functionOrValue":{"moduleName":[],"name":"on"}}},{"range":[105,8,105,15],"value":{"type":"literal","literal":"click"}},{"range":[105,16,105,43],"value":{"type":"parenthesized","parenthesized":{"range":[105,17,105,42],"value":{"type":"application","application":[{"range":[105,17,105,25],"value":{"type":"functionOrValue","functionOrValue":{"moduleName":["Json"],"name":"map"}}},{"range":[105,26,105,29],"value":{"type":"functionOrValue","functionOrValue":{"moduleName":[],"name":"msg"}}},{"range":[105,30,105,42],"value":{"type":"functionOrValue","functionOrValue":{"moduleName":[],"name":"screenCoords"}}}]}}}}]}}}}}}},{"range":[109,1,111,41],"value":{"type":"function","function":{"documentation":null,"signature":{"range":[109,1,109,53],"value":{"name":{"range":[109,1,109,18],"value":"onClickPageCoords"},"typeAnnotation":{"range":[109,21,109,53],"value":{"type":"function","function":{"left":{"range":[109,21,109,36],"value":{"type":"function","function":{"left":{"range":[109,22,109,28],"value":{"type":"typed","typed":{"moduleNameAndName":{"range":[109,22,109,28],"value":{"moduleName":[],"name":"Coords"}},"args":[]}}},"right":{"range":[109,32,109,35],"value":{"type":"generic","generic":{"value":"msg"}}}}}},"right":{"range":[109,40,109,53],"value":{"type":"typed","typed":{"moduleNameAndName":{"range":[109,40,109,49],"value":{"moduleName":[],"name":"Attribute"}},"args":[{"range":[109,50,109,53],"value":{"type":"generic","generic":{"value":"msg"}}}]}}}}}}}},"declaration":{"range":[110,1,111,41],"value":{"name":{"range":[110,1,110,18],"value":"onClickPageCoords"},"arguments":[{"range":[110,19,110,22],"value":{"type":"var","var":{"value":"msg"}}}],"expression":{"range":[111,5,111,41],"value":{"type":"application","application":[{"range":[111,5,111,7],"value":{"type":"functionOrValue","functionOrValue":{"moduleName":[],"name":"on"}}},{"range":[111,8,111,15],"value":{"type":"literal","literal":"click"}},{"range":[111,16,111,41],"value":{"type":"parenthesized","parenthesized":{"range":[111,17,111,40],"value":{"type":"application","application":[{"range":[111,17,111,25],"value":{"type":"functionOrValue","functionOrValue":{"moduleName":["Json"],"name":"map"}}},{"range":[111,26,111,29],"value":{"type":"functionOrValue","functionOrValue":{"moduleName":[],"name":"msg"}}},{"range":[111,30,111,40],"value":{"type":"functionOrValue","functionOrValue":{"moduleName":[],"name":"pageCoords"}}}]}}}}]}}}}}}},{"range":[115,1,117,46],"value":{"type":"function","function":{"documentation":null,"signature":{"range":[115,1,115,49],"value":{"name":{"range":[115,1,115,14],"value":"onMouseCoords"},"typeAnnotation":{"range":[115,17,115,49],"value":{"type":"function","function":{"left":{"range":[115,17,115,32],"value":{"type":"function","function":{"left":{"range":[115,18,115,24],"value":{"type":"typed","typed":{"moduleNameAndName":{"range":[115,18,115,24],"value":{"moduleName":[],"name":"Coords"}},"args":[]}}},"right":{"range":[115,28,115,31],"value":{"type":"generic","generic":{"value":"msg"}}}}}},"right":{"range":[115,36,115,49],"value":{"type":"typed","typed":{"moduleNameAndName":{"range":[115,36,115,45],"value":{"moduleName":[],"name":"Attribute"}},"args":[{"range":[115,46,115,49],"value":{"type":"generic","generic":{"value":"msg"}}}]}}}}}}}},"declaration":{"range":[116,1,117,46],"value":{"name":{"range":[116,1,116,14],"value":"onMouseCoords"},"arguments":[{"range":[116,15,116,18],"value":{"type":"var","var":{"value":"msg"}}}],"expression":{"range":[117,5,117,46],"value":{"type":"application","application":[{"range":[117,5,117,7],"value":{"type":"functionOrValue","functionOrValue":{"moduleName":[],"name":"on"}}},{"range":[117,8,117,19],"value":{"type":"literal","literal":"mousemove"}},{"range":[117,20,117,46],"value":{"type":"parenthesized","parenthesized":{"range":[117,21,117,45],"value":{"type":"application","application":[{"range":[117,21,117,29],"value":{"type":"functionOrValue","functionOrValue":{"moduleName":["Json"],"name":"map"}}},{"range":[117,30,117,33],"value":{"type":"functionOrValue","functionOrValue":{"moduleName":[],"name":"msg"}}},{"range":[117,34,117,45],"value":{"type":"functionOrValue","functionOrValue":{"moduleName":[],"name":"localCoords"}}}]}}}}]}}}}}}},{"range":[121,1,123,47],"value":{"type":"function","function":{"documentation":null,"signature":{"range":[121,1,121,55],"value":{"name":{"range":[121,1,121,20],"value":"onMouseScreenCoords"},"typeAnnotation":{"range":[121,23,121,55],"value":{"type":"function","function":{"left":{"range":[121,23,121,38],"value":{"type":"function","function":{"left":{"range":[121,24,121,30],"value":{"type":"typed","typed":{"moduleNameAndName":{"range":[121,24,121,30],"value":{"moduleName":[],"name":"Coords"}},"args":[]}}},"right":{"range":[121,34,121,37],"value":{"type":"generic","generic":{"value":"msg"}}}}}},"right":{"range":[121,42,121,55],"value":{"type":"typed","typed":{"moduleNameAndName":{"range":[121,42,121,51],"value":{"moduleName":[],"name":"Attribute"}},"args":[{"range":[121,52,121,55],"value":{"type":"generic","generic":{"value":"msg"}}}]}}}}}}}},"declaration":{"range":[122,1,123,47],"value":{"name":{"range":[122,1,122,20],"value":"onMouseScreenCoords"},"arguments":[{"range":[122,21,122,24],"value":{"type":"var","var":{"value":"msg"}}}],"expression":{"range":[123,5,123,47],"value":{"type":"application","application":[{"range":[123,5,123,7],"value":{"type":"functionOrValue","functionOrValue":{"moduleName":[],"name":"on"}}},{"range":[123,8,123,19],"value":{"type":"literal","literal":"mousemove"}},{"range":[123,20,123,47],"value":{"type":"parenthesized","parenthesized":{"range":[123,21,123,46],"value":{"type":"application","application":[{"range":[123,21,123,29],"value":{"type":"functionOrValue","functionOrValue":{"moduleName":["Json"],"name":"map"}}},{"range":[123,30,123,33],"value":{"type":"functionOrValue","functionOrValue":{"moduleName":[],"name":"msg"}}},{"range":[123,34,123,46],"value":{"type":"functionOrValue","functionOrValue":{"moduleName":[],"name":"screenCoords"}}}]}}}}]}}}}}}},{"range":[127,1,129,45],"value":{"type":"function","function":{"documentation":null,"signature":{"range":[127,1,127,53],"value":{"name":{"range":[127,1,127,18],"value":"onMousePageCoords"},"typeAnnotation":{"range":[127,21,127,53],"value":{"type":"function","function":{"left":{"range":[127,21,127,36],"value":{"type":"function","function":{"left":{"range":[127,22,127,28],"value":{"type":"typed","typed":{"moduleNameAndName":{"range":[127,22,127,28],"value":{"moduleName":[],"name":"Coords"}},"args":[]}}},"right":{"range":[127,32,127,35],"value":{"type":"generic","generic":{"value":"msg"}}}}}},"right":{"range":[127,40,127,53],"value":{"type":"typed","typed":{"moduleNameAndName":{"range":[127,40,127,49],"value":{"moduleName":[],"name":"Attribute"}},"args":[{"range":[127,50,127,53],"value":{"type":"generic","generic":{"value":"msg"}}}]}}}}}}}},"declaration":{"range":[128,1,129,45],"value":{"name":{"range":[128,1,128,18],"value":"onMousePageCoords"},"arguments":[{"range":[128,19,128,22],"value":{"type":"var","var":{"value":"msg"}}}],"expression":{"range":[129,5,129,45],"value":{"type":"application","application":[{"range":[129,5,129,7],"value":{"type":"functionOrValue","functionOrValue":{"moduleName":[],"name":"on"}}},{"range":[129,8,129,19],"value":{"type":"literal","literal":"mousemove"}},{"range":[129,20,129,45],"value":{"type":"parenthesized","parenthesized":{"range":[129,21,129,44],"value":{"type":"application","application":[{"range":[129,21,129,29],"value":{"type":"functionOrValue","functionOrValue":{"moduleName":["Json"],"name":"map"}}},{"range":[129,30,129,33],"value":{"type":"functionOrValue","functionOrValue":{"moduleName":[],"name":"msg"}}},{"range":[129,34,129,44],"value":{"type":"functionOrValue","functionOrValue":{"moduleName":[],"name":"pageCoords"}}}]}}}}]}}}}}}},{"range":[132,1,135,6],"value":{"type":"typeAlias","typeAlias":{"documentation":null,"name":{"range":[132,12,132,18],"value":"Coords"},"generics":[],"typeAnnotation":{"range":[133,5,135,6],"value":{"type":"record","record":{"value":[{"range":[133,7,133,14],"value":{"name":{"range":[133,7,133,8],"value":"x"},"typeAnnotation":{"range":[133,11,133,14],"value":{"type":"typed","typed":{"moduleNameAndName":{"range":[133,11,133,14],"value":{"moduleName":[],"name":"Int"}},"args":[]}}}}},{"range":[134,5,135,5],"value":{"name":{"range":[134,7,134,8],"value":"y"},"typeAnnotation":{"range":[134,11,134,14],"value":{"type":"typed","typed":{"moduleNameAndName":{"range":[134,11,134,14],"value":{"moduleName":[],"name":"Int"}},"args":[]}}}}}]}}}}}},{"range":[138,1,142,40],"value":{"type":"function","function":{"documentation":null,"signature":{"range":[138,1,138,35],"value":{"name":{"range":[138,1,138,13],"value":"screenCoords"},"typeAnnotation":{"range":[138,16,138,35],"value":{"type":"typed","typed":{"moduleNameAndName":{"range":[138,16,138,28],"value":{"moduleName":["Json"],"name":"Decoder"}},"args":[{"range":[138,29,138,35],"value":{"type":"typed","typed":{"moduleNameAndName":{"range":[138,29,138,35],"value":{"moduleName":[],"name":"Coords"}},"args":[]}}}]}}}}},"declaration":{"range":[139,1,142,40],"value":{"name":{"range":[139,1,139,13],"value":"screenCoords"},"arguments":[],"expression":{"range":[140,5,142,40],"value":{"type":"application","application":[{"range":[140,5,140,14],"value":{"type":"functionOrValue","functionOrValue":{"moduleName":["Json"],"name":"map2"}}},{"range":[140,15,140,21],"value":{"type":"functionOrValue","functionOrValue":{"moduleName":[],"name":"Coords"}}},{"range":[141,9,141,40],"value":{"type":"parenthesized","parenthesized":{"range":[141,10,141,39],"value":{"type":"application","application":[{"range":[141,10,141,20],"value":{"type":"functionOrValue","functionOrValue":{"moduleName":["Json"],"name":"field"}}},{"range":[141,21,141,30],"value":{"type":"literal","literal":"screenX"}},{"range":[141,31,141,39],"value":{"type":"functionOrValue","functionOrValue":{"moduleName":["Json"],"name":"int"}}}]}}}},{"range":[142,9,142,40],"value":{"type":"parenthesized","parenthesized":{"range":[142,10,142,39],"value":{"type":"application","application":[{"range":[142,10,142,20],"value":{"type":"functionOrValue","functionOrValue":{"moduleName":["Json"],"name":"field"}}},{"range":[142,21,142,30],"value":{"type":"literal","literal":"screenY"}},{"range":[142,31,142,39],"value":{"type":"functionOrValue","functionOrValue":{"moduleName":["Json"],"name":"int"}}}]}}}}]}}}}}}},{"range":[146,1,150,40],"value":{"type":"function","function":{"documentation":null,"signature":{"range":[146,1,146,34],"value":{"name":{"range":[146,1,146,12],"value":"localCoords"},"typeAnnotation":{"range":[146,15,146,34],"value":{"type":"typed","typed":{"moduleNameAndName":{"range":[146,15,146,27],"value":{"moduleName":["Json"],"name":"Decoder"}},"args":[{"range":[146,28,146,34],"value":{"type":"typed","typed":{"moduleNameAndName":{"range":[146,28,146,34],"value":{"moduleName":[],"name":"Coords"}},"args":[]}}}]}}}}},"declaration":{"range":[147,1,150,40],"value":{"name":{"range":[147,1,147,12],"value":"localCoords"},"arguments":[],"expression":{"range":[148,5,150,40],"value":{"type":"application","application":[{"range":[148,5,148,14],"value":{"type":"functionOrValue","functionOrValue":{"moduleName":["Json"],"name":"map2"}}},{"range":[148,15,148,21],"value":{"type":"functionOrValue","functionOrValue":{"moduleName":[],"name":"Coords"}}},{"range":[149,9,149,40],"value":{"type":"parenthesized","parenthesized":{"range":[149,10,149,39],"value":{"type":"application","application":[{"range":[149,10,149,20],"value":{"type":"functionOrValue","functionOrValue":{"moduleName":["Json"],"name":"field"}}},{"range":[149,21,149,30],"value":{"type":"literal","literal":"offsetX"}},{"range":[149,31,149,39],"value":{"type":"functionOrValue","functionOrValue":{"moduleName":["Json"],"name":"int"}}}]}}}},{"range":[150,9,150,40],"value":{"type":"parenthesized","parenthesized":{"range":[150,10,150,39],"value":{"type":"application","application":[{"range":[150,10,150,20],"value":{"type":"functionOrValue","functionOrValue":{"moduleName":["Json"],"name":"field"}}},{"range":[150,21,150,30],"value":{"type":"literal","literal":"offsetY"}},{"range":[150,31,150,39],"value":{"type":"functionOrValue","functionOrValue":{"moduleName":["Json"],"name":"int"}}}]}}}}]}}}}}}},{"range":[153,1,157,38],"value":{"type":"function","function":{"documentation":null,"signature":{"range":[153,1,153,33],"value":{"name":{"range":[153,1,153,11],"value":"pageCoords"},"typeAnnotation":{"range":[153,14,153,33],"value":{"type":"typed","typed":{"moduleNameAndName":{"range":[153,14,153,26],"value":{"moduleName":["Json"],"name":"Decoder"}},"args":[{"range":[153,27,153,33],"value":{"type":"typed","typed":{"moduleNameAndName":{"range":[153,27,153,33],"value":{"moduleName":[],"name":"Coords"}},"args":[]}}}]}}}}},"declaration":{"range":[154,1,157,38],"value":{"name":{"range":[154,1,154,11],"value":"pageCoords"},"arguments":[],"expression":{"range":[155,5,157,38],"value":{"type":"application","application":[{"range":[155,5,155,14],"value":{"type":"functionOrValue","functionOrValue":{"moduleName":["Json"],"name":"map2"}}},{"range":[155,15,155,21],"value":{"type":"functionOrValue","functionOrValue":{"moduleName":[],"name":"Coords"}}},{"range":[156,9,156,38],"value":{"type":"parenthesized","parenthesized":{"range":[156,10,156,37],"value":{"type":"application","application":[{"range":[156,10,156,20],"value":{"type":"functionOrValue","functionOrValue":{"moduleName":["Json"],"name":"field"}}},{"range":[156,21,156,28],"value":{"type":"literal","literal":"pageX"}},{"range":[156,29,156,37],"value":{"type":"functionOrValue","functionOrValue":{"moduleName":["Json"],"name":"int"}}}]}}}},{"range":[157,9,157,38],"value":{"type":"parenthesized","parenthesized":{"range":[157,10,157,37],"value":{"type":"application","application":[{"range":[157,10,157,20],"value":{"type":"functionOrValue","functionOrValue":{"moduleName":["Json"],"name":"field"}}},{"range":[157,21,157,28],"value":{"type":"literal","literal":"pageY"}},{"range":[157,29,157,37],"value":{"type":"functionOrValue","functionOrValue":{"moduleName":["Json"],"name":"int"}}}]}}}}]}}}}}}},{"range":[165,1,167,40],"value":{"type":"function","function":{"documentation":null,"signature":{"range":[165,1,165,35],"value":{"name":{"range":[165,1,165,12],"value":"onLoseFocus"},"typeAnnotation":{"range":[165,15,165,35],"value":{"type":"function","function":{"left":{"range":[165,15,165,18],"value":{"type":"generic","generic":{"value":"msg"}}},"right":{"range":[165,22,165,35],"value":{"type":"typed","typed":{"moduleNameAndName":{"range":[165,22,165,31],"value":{"moduleName":[],"name":"Attribute"}},"args":[{"range":[165,32,165,35],"value":{"type":"generic","generic":{"value":"msg"}}}]}}}}}}}},"declaration":{"range":[166,1,167,40],"value":{"name":{"range":[166,1,166,12],"value":"onLoseFocus"},"arguments":[],"expression":{"range":[167,5,167,40],"value":{"type":"application","application":[{"range":[167,5,167,18],"value":{"type":"functionOrValue","functionOrValue":{"moduleName":["Internal"],"name":"Attr"}}},{"range":[167,19,167,21],"value":{"type":"operator","operator":"<<"}},{"range":[167,22,167,40],"value":{"type":"functionOrValue","functionOrValue":{"moduleName":["Html","Events"],"name":"onBlur"}}}]}}}}}}},{"range":[171,1,173,41],"value":{"type":"function","function":{"documentation":null,"signature":{"range":[171,1,171,31],"value":{"name":{"range":[171,1,171,8],"value":"onFocus"},"typeAnnotation":{"range":[171,11,171,31],"value":{"type":"function","function":{"left":{"range":[171,11,171,14],"value":{"type":"generic","generic":{"value":"msg"}}},"right":{"range":[171,18,171,31],"value":{"type":"typed","typed":{"moduleNameAndName":{"range":[171,18,171,27],"value":{"moduleName":[],"name":"Attribute"}},"args":[{"range":[171,28,171,31],"value":{"type":"generic","generic":{"value":"msg"}}}]}}}}}}}},"declaration":{"range":[172,1,173,41],"value":{"name":{"range":[172,1,172,8],"value":"onFocus"},"arguments":[],"expression":{"range":[173,5,173,41],"value":{"type":"application","application":[{"range":[173,5,173,18],"value":{"type":"functionOrValue","functionOrValue":{"moduleName":["Internal"],"name":"Attr"}}},{"range":[173,19,173,21],"value":{"type":"operator","operator":"<<"}},{"range":[173,22,173,41],"value":{"type":"functionOrValue","functionOrValue":{"moduleName":["Html","Events"],"name":"onFocus"}}}]}}}}}}},{"range":[202,1,204,49],"value":{"type":"function","function":{"documentation":null,"signature":{"range":[202,1,202,49],"value":{"name":{"range":[202,1,202,3],"value":"on"},"typeAnnotation":{"range":[202,6,202,49],"value":{"type":"function","function":{"left":{"range":[202,6,202,12],"value":{"type":"typed","typed":{"moduleNameAndName":{"range":[202,6,202,12],"value":{"moduleName":[],"name":"String"}},"args":[]}}},"right":{"range":[202,16,202,49],"value":{"type":"function","function":{"left":{"range":[202,16,202,32],"value":{"type":"typed","typed":{"moduleNameAndName":{"range":[202,16,202,28],"value":{"moduleName":["Json"],"name":"Decoder"}},"args":[{"range":[202,29,202,32],"value":{"type":"generic","generic":{"value":"msg"}}}]}}},"right":{"range":[202,36,202,49],"value":{"type":"typed","typed":{"moduleNameAndName":{"range":[202,36,202,45],"value":{"moduleName":[],"name":"Attribute"}},"args":[{"range":[202,46,202,49],"value":{"type":"generic","generic":{"value":"msg"}}}]}}}}}}}}}}},"declaration":{"range":[203,1,204,49],"value":{"name":{"range":[203,1,203,3],"value":"on"},"arguments":[{"range":[203,4,203,9],"value":{"type":"var","var":{"value":"event"}}},{"range":[203,10,203,16],"value":{"type":"var","var":{"value":"decode"}}}],"expression":{"range":[204,5,204,49],"value":{"type":"application","application":[{"range":[204,5,204,18],"value":{"type":"functionOrValue","functionOrValue":{"moduleName":["Internal"],"name":"Attr"}}},{"range":[204,19,204,21],"value":{"type":"operator","operator":"<|"}},{"range":[204,22,204,36],"value":{"type":"functionOrValue","functionOrValue":{"moduleName":["Html","Events"],"name":"on"}}},{"range":[204,37,204,42],"value":{"type":"functionOrValue","functionOrValue":{"moduleName":[],"name":"event"}}},{"range":[204,43,204,49],"value":{"type":"functionOrValue","functionOrValue":{"moduleName":[],"name":"decode"}}}]}}}}}}},{"range":[229,1,231,46],"value":{"type":"function","function":{"documentation":null,"signature":{"range":[229,1,229,34],"value":{"name":{"range":[229,1,229,12],"value":"targetValue"},"typeAnnotation":{"range":[229,15,229,34],"value":{"type":"typed","typed":{"moduleNameAndName":{"range":[229,15,229,27],"value":{"moduleName":["Json"],"name":"Decoder"}},"args":[{"range":[229,28,229,34],"value":{"type":"typed","typed":{"moduleNameAndName":{"range":[229,28,229,34],"value":{"moduleName":[],"name":"String"}},"args":[]}}}]}}}}},"declaration":{"range":[230,1,231,46],"value":{"name":{"range":[230,1,230,12],"value":"targetValue"},"arguments":[],"expression":{"range":[231,5,231,46],"value":{"type":"application","application":[{"range":[231,5,231,12],"value":{"type":"functionOrValue","functionOrValue":{"moduleName":["Json"],"name":"at"}}},{"range":[231,13,231,34],"value":{"type":"list","list":[{"range":[231,15,231,23],"value":{"type":"literal","literal":"target"}},{"range":[231,25,231,32],"value":{"type":"literal","literal":"value"}}]}},{"range":[231,35,231,46],"value":{"type":"functionOrValue","functionOrValue":{"moduleName":["Json"],"name":"string"}}}]}}}}}}},{"range":[244,1,246,46],"value":{"type":"function","function":{"documentation":null,"signature":{"range":[244,1,244,34],"value":{"name":{"range":[244,1,244,14],"value":"targetChecked"},"typeAnnotation":{"range":[244,17,244,34],"value":{"type":"typed","typed":{"moduleNameAndName":{"range":[244,17,244,29],"value":{"moduleName":["Json"],"name":"Decoder"}},"args":[{"range":[244,30,244,34],"value":{"type":"typed","typed":{"moduleNameAndName":{"range":[244,30,244,34],"value":{"moduleName":[],"name":"Bool"}},"args":[]}}}]}}}}},"declaration":{"range":[245,1,246,46],"value":{"name":{"range":[245,1,245,14],"value":"targetChecked"},"arguments":[],"expression":{"range":[246,5,246,46],"value":{"type":"application","application":[{"range":[246,5,246,12],"value":{"type":"functionOrValue","functionOrValue":{"moduleName":["Json"],"name":"at"}}},{"range":[246,13,246,36],"value":{"type":"list","list":[{"range":[246,15,246,23],"value":{"type":"literal","literal":"target"}},{"range":[246,25,246,34],"value":{"type":"literal","literal":"checked"}}]}},{"range":[246,37,246,46],"value":{"type":"functionOrValue","functionOrValue":{"moduleName":["Json"],"name":"bool"}}}]}}}}}}},{"range":[263,1,265,34],"value":{"type":"function","function":{"documentation":null,"signature":{"range":[263,1,263,27],"value":{"name":{"range":[263,1,263,8],"value":"keyCode"},"typeAnnotation":{"range":[263,11,263,27],"value":{"type":"typed","typed":{"moduleNameAndName":{"range":[263,11,263,23],"value":{"moduleName":["Json"],"name":"Decoder"}},"args":[{"range":[263,24,263,27],"value":{"type":"typed","typed":{"moduleNameAndName":{"range":[263,24,263,27],"value":{"moduleName":[],"name":"Int"}},"args":[]}}}]}}}}},"declaration":{"range":[264,1,265,34],"value":{"name":{"range":[264,1,264,8],"value":"keyCode"},"arguments":[],"expression":{"range":[265,5,265,34],"value":{"type":"application","application":[{"range":[265,5,265,15],"value":{"type":"functionOrValue","functionOrValue":{"moduleName":["Json"],"name":"field"}}},{"range":[265,16,265,25],"value":{"type":"literal","literal":"keyCode"}},{"range":[265,26,265,34],"value":{"type":"functionOrValue","functionOrValue":{"moduleName":["Json"],"name":"int"}}}]}}}}}}}],"comments":[{"range":[249,1,262,3],"value":"{-| A `Json.Decoder` for grabbing `event.keyCode`. This helps you define\nkeyboard listeners like this:\n\n    import Json.Decode as Json\n\n    onKeyUp : (Int -> msg) -> Attribute msg\n    onKeyUp tagger =\n        on \"keyup\" (Json.map tagger keyCode)\n\n**Note:** It looks like the spec is moving away from `event.keyCode` and\ntowards `event.key`. Once this is supported in more browsers, we may add\nhelpers here for `onKeyUp`, `onKeyDown`, `onKeyPress`, etc.\n\n-}"},{"range":[234,1,243,3],"value":"{-| A `Json.Decoder` for grabbing `event.target.checked`. We use this to define\n`onCheck` as follows:\n\n    import Json.Decode as Json\n\n    onCheck : (Bool -> msg) -> Attribute msg\n    onCheck tagger =\n        on \"input\" (Json.map tagger targetChecked)\n\n-}"},{"range":[216,1,228,3],"value":"{-| A `Json.Decoder` for grabbing `event.target.value`. We use this to define\n`onInput` as follows:\n\n    import Json.Decode as Json\n\n    onInput : (String -> msg) -> Attribute msg\n    onInput tagger =\n        on \"input\" (Json.map tagger targetValue)\n\nYou probably will never need this, but hopefully it gives some insights into\nhow to make custom event handlers.\n\n-}"},{"range":[213,1,213,19],"value":"-- COMMON DECODERS"},{"range":[212,1,212,71],"value":"--     Internal.Attr <| Html.Events.onWithOptions event options decode"},{"range":[211,1,211,40],"value":"-- onWithOptions event options decode ="},{"range":[210,1,210,86],"value":"-- onWithOptions : String -> Html.Events.Options -> Json.Decoder msg -> Attribute msg"},{"range":[209,1,209,6],"value":"-- -}"},{"range":[208,1,208,51],"value":"-- {-| Same as `on` but you can set a few options."},{"range":[180,1,201,3],"value":"{-| Create a custom event listener. Normally this will not be necessary, but\nyou have the power! Here is how `onClick` is defined for example:\n\n    import Json.Decode as Json\n\n    onClick : msg -> Attribute msg\n    onClick message =\n        on \"click\" (Json.succeed message)\n\nThe first argument is the event name in the same format as with JavaScript's\n[`addEventListener`][aEL] function.\nThe second argument is a JSON decoder. Read more about these [here][decoder].\nWhen an event occurs, the decoder tries to turn the event object into an Elm\nvalue. If successful, the value is routed to your `update` function. In the\ncase of `onClick` we always just succeed with the given `message`.\nIf this is confusing, work through the [Elm Architecture Tutorial][tutorial].\nIt really does help!\n[aEL]: <https://developer.mozilla.org/en-US/docs/Web/API/EventTarget/addEventListener>\n[decoder]: <http://package.elm-lang.org/packages/elm-lang/core/latest/Json-Decode>\n[tutorial]: <https://github.com/evancz/elm-architecture-tutorial/>\n\n-}"},{"range":[177,1,177,17],"value":"-- CUSTOM EVENTS"},{"range":[170,1,170,7],"value":"{-| -}"},{"range":[164,1,164,7],"value":"{-| -}"},{"range":[161,1,161,16],"value":"-- FOCUS EVENTS"},{"range":[145,1,145,7],"value":"{-| -}"},{"range":[126,1,126,7],"value":"{-| -}"},{"range":[120,1,120,7],"value":"{-| -}"},{"range":[114,1,114,7],"value":"{-| -}"},{"range":[108,1,108,7],"value":"{-| -}"},{"range":[102,1,102,7],"value":"{-| -}"},{"range":[96,1,96,7],"value":"{-| -}"},{"range":[93,1,93,5],"value":"-- |"},{"range":[92,1,92,22],"value":"--     | ScreenCoords"},{"range":[91,1,91,20],"value":"--     | PageCoords"},{"range":[90,1,90,23],"value":"--     = ElementCoords"},{"range":[89,1,89,14],"value":"-- type Track"},{"range":[88,1,88,37],"value":"-- type Button = Primary | Secondary"},{"range":[87,1,87,9],"value":"--     }"},{"range":[86,1,86,22],"value":"--     , send : Track"},{"range":[85,1,85,25],"value":"--     { button : Button"},{"range":[84,1,84,22],"value":"-- type alias Click ="},{"range":[83,1,83,9],"value":"--     }"},{"range":[82,1,82,35],"value":"--     , send = localCoords Button"},{"range":[81,1,81,26],"value":"--     { button = primary"},{"range":[80,1,80,15],"value":"-- onClickWith"},{"range":[73,1,73,7],"value":"{-| -}"},{"range":[67,1,67,7],"value":"{-| -}"},{"range":[61,1,61,7],"value":"{-| -}"},{"range":[55,1,55,7],"value":"{-| -}"},{"range":[49,1,49,7],"value":"{-| -}"},{"range":[43,1,43,7],"value":"{-| -}"},{"range":[37,1,37,7],"value":"{-| -}"},{"range":[34,1,34,16],"value":"-- MOUSE EVENTS"},{"range":[12,1,24,3],"value":"{-|\n\n\n## Mouse Events\n\n@docs onClick, onDoubleClick, onMouseDown, onMouseUp, onMouseEnter, onMouseLeave, onMouseMove\n\n\n## Focus Events\n\n@docs onFocus, onLoseFocus\n\n-}"},{"range":[9,5,9,29],"value":"-- , onMouseScreenCoords"},{"range":[8,5,8,27],"value":"-- , onMousePageCoords"},{"range":[7,5,7,23],"value":"-- , onMouseCoords"},{"range":[6,5,6,29],"value":"-- , onClickScreenCoords"},{"range":[5,5,5,27],"value":"-- , onClickPageCoords"},{"range":[4,5,4,23],"value":"-- , onClickCoords"}]}