{"moduleDefinition":{"range":[1,1,57,6],"value":{"type":"normal","normal":{"moduleName":{"range":[1,8,1,21],"value":["Internal","Flag"]},"exposingList":{"range":[1,22,57,6],"value":{"type":"explicit","explicit":[{"range":[2,7,2,16],"value":{"type":"typeexpose","typeexpose":{"name":"Field","open":[2,12,2,16]}}},{"range":[3,7,3,15],"value":{"type":"typeexpose","typeexpose":{"name":"Flag","open":[3,11,3,15]}}},{"range":[4,7,4,13],"value":{"type":"function","function":{"name":"active"}}},{"range":[5,7,5,10],"value":{"type":"function","function":{"name":"add"}}},{"range":[6,7,6,18],"value":{"type":"function","function":{"name":"alignBottom"}}},{"range":[7,7,7,17],"value":{"type":"function","function":{"name":"alignRight"}}},{"range":[8,7,8,13],"value":{"type":"function","function":{"name":"behind"}}},{"range":[9,7,9,14],"value":{"type":"function","function":{"name":"bgColor"}}},{"range":[10,7,10,17],"value":{"type":"function","function":{"name":"bgGradient"}}},{"range":[11,7,11,14],"value":{"type":"function","function":{"name":"bgImage"}}},{"range":[12,7,12,18],"value":{"type":"function","function":{"name":"borderColor"}}},{"range":[13,7,13,18],"value":{"type":"function","function":{"name":"borderRound"}}},{"range":[14,7,14,18],"value":{"type":"function","function":{"name":"borderStyle"}}},{"range":[15,7,15,18],"value":{"type":"function","function":{"name":"borderWidth"}}},{"range":[16,7,16,14],"value":{"type":"function","function":{"name":"centerX"}}},{"range":[17,7,17,14],"value":{"type":"function","function":{"name":"centerY"}}},{"range":[18,7,18,13],"value":{"type":"function","function":{"name":"cursor"}}},{"range":[19,7,19,11],"value":{"type":"function","function":{"name":"flag"}}},{"range":[20,7,20,12],"value":{"type":"function","function":{"name":"focus"}}},{"range":[21,7,21,20],"value":{"type":"function","function":{"name":"fontAlignment"}}},{"range":[22,7,22,16],"value":{"type":"function","function":{"name":"fontColor"}}},{"range":[23,7,23,17],"value":{"type":"function","function":{"name":"fontFamily"}}},{"range":[24,7,24,15],"value":{"type":"function","function":{"name":"fontSize"}}},{"range":[25,7,25,18],"value":{"type":"function","function":{"name":"fontVariant"}}},{"range":[26,7,26,17],"value":{"type":"function","function":{"name":"fontWeight"}}},{"range":[27,7,27,19],"value":{"type":"function","function":{"name":"gridPosition"}}},{"range":[28,7,28,19],"value":{"type":"function","function":{"name":"gridTemplate"}}},{"range":[29,7,29,13],"value":{"type":"function","function":{"name":"height"}}},{"range":[30,7,30,20],"value":{"type":"function","function":{"name":"heightBetween"}}},{"range":[31,7,31,20],"value":{"type":"function","function":{"name":"heightContent"}}},{"range":[32,7,32,17],"value":{"type":"function","function":{"name":"heightFill"}}},{"range":[33,7,33,28],"value":{"type":"function","function":{"name":"heightTextAreaContent"}}},{"range":[34,7,34,12],"value":{"type":"function","function":{"name":"hover"}}},{"range":[35,7,35,20],"value":{"type":"function","function":{"name":"letterSpacing"}}},{"range":[36,7,36,12],"value":{"type":"function","function":{"name":"merge"}}},{"range":[37,7,37,12],"value":{"type":"function","function":{"name":"moveX"}}},{"range":[38,7,38,12],"value":{"type":"function","function":{"name":"moveY"}}},{"range":[39,7,39,11],"value":{"type":"function","function":{"name":"none"}}},{"range":[40,7,40,15],"value":{"type":"function","function":{"name":"overflow"}}},{"range":[41,7,41,14],"value":{"type":"function","function":{"name":"padding"}}},{"range":[42,7,42,14],"value":{"type":"function","function":{"name":"present"}}},{"range":[43,7,43,13],"value":{"type":"function","function":{"name":"rotate"}}},{"range":[44,7,44,12],"value":{"type":"function","function":{"name":"scale"}}},{"range":[45,7,45,14],"value":{"type":"function","function":{"name":"shadows"}}},{"range":[46,7,46,14],"value":{"type":"function","function":{"name":"spacing"}}},{"range":[47,7,47,19],"value":{"type":"function","function":{"name":"transparency"}}},{"range":[48,7,48,17],"value":{"type":"function","function":{"name":"txtShadows"}}},{"range":[49,7,49,12],"value":{"type":"function","function":{"name":"value"}}},{"range":[50,7,50,12],"value":{"type":"function","function":{"name":"width"}}},{"range":[51,7,51,19],"value":{"type":"function","function":{"name":"widthBetween"}}},{"range":[52,7,52,19],"value":{"type":"function","function":{"name":"widthContent"}}},{"range":[53,7,53,16],"value":{"type":"function","function":{"name":"widthFill"}}},{"range":[54,7,54,18],"value":{"type":"function","function":{"name":"wordSpacing"}}},{"range":[55,7,55,13],"value":{"type":"function","function":{"name":"xAlign"}}},{"range":[56,7,56,13],"value":{"type":"function","function":{"name":"yAlign"}}}]}}}}},"imports":[{"range":[61,1,61,15],"value":{"moduleName":{"range":[61,8,61,15],"value":["Bitwise"]},"moduleAlias":null,"exposingList":null}}],"declarations":[{"range":[64,1,65,20],"value":{"type":"typedecl","typedecl":{"documentation":null,"name":{"range":[64,6,64,11],"value":"Field"},"generics":[],"constructors":[{"range":[65,7,65,20],"value":{"name":{"range":[65,7,65,12],"value":"Field"},"arguments":[{"range":[65,13,65,16],"value":{"type":"typed","typed":{"moduleNameAndName":{"range":[65,13,65,16],"value":{"moduleName":[],"name":"Int"}},"args":[]}}},{"range":[65,17,65,20],"value":{"type":"typed","typed":{"moduleNameAndName":{"range":[65,17,65,20],"value":{"moduleName":[],"name":"Int"}},"args":[]}}}]}}]}}},{"range":[68,1,70,17],"value":{"type":"typedecl","typedecl":{"documentation":null,"name":{"range":[68,6,68,10],"value":"Flag"},"generics":[],"constructors":[{"range":[69,7,69,15],"value":{"name":{"range":[69,7,69,11],"value":"Flag"},"arguments":[{"range":[69,12,69,15],"value":{"type":"typed","typed":{"moduleNameAndName":{"range":[69,12,69,15],"value":{"moduleName":[],"name":"Int"}},"args":[]}}}]}},{"range":[70,7,70,17],"value":{"name":{"range":[70,7,70,13],"value":"Second"},"arguments":[{"range":[70,14,70,17],"value":{"type":"typed","typed":{"moduleNameAndName":{"range":[70,14,70,17],"value":{"moduleName":[],"name":"Int"}},"args":[]}}}]}}]}}},{"range":[73,1,75,14],"value":{"type":"function","function":{"documentation":null,"signature":{"range":[73,1,73,13],"value":{"name":{"range":[73,1,73,5],"value":"none"},"typeAnnotation":{"range":[73,8,73,13],"value":{"type":"typed","typed":{"moduleNameAndName":{"range":[73,8,73,13],"value":{"moduleName":[],"name":"Field"}},"args":[]}}}}},"declaration":{"range":[74,1,75,14],"value":{"name":{"range":[74,1,74,5],"value":"none"},"arguments":[],"expression":{"range":[75,5,75,14],"value":{"type":"application","application":[{"range":[75,5,75,10],"value":{"type":"functionOrValue","functionOrValue":{"moduleName":[],"name":"Field"}}},{"range":[75,11,75,12],"value":{"type":"integer","integer":0}},{"range":[75,13,75,14],"value":{"type":"integer","integer":0}}]}}}}}}},{"range":[78,1,84,52],"value":{"type":"function","function":{"documentation":null,"signature":null,"declaration":{"range":[78,1,84,52],"value":{"name":{"range":[78,1,78,6],"value":"value"},"arguments":[{"range":[78,7,78,13],"value":{"type":"var","var":{"value":"myFlag"}}}],"expression":{"range":[79,5,84,52],"value":{"type":"case","case":{"cases":[{"pattern":{"range":[80,9,80,19],"value":{"type":"named","named":{"qualified":{"moduleName":[],"name":"Flag"},"patterns":[{"range":[80,14,80,19],"value":{"type":"var","var":{"value":"first"}}}]}}},"expression":{"range":[81,13,81,46],"value":{"type":"application","application":[{"range":[81,13,81,18],"value":{"type":"functionOrValue","functionOrValue":{"moduleName":[],"name":"round"}}},{"range":[81,19,81,46],"value":{"type":"parenthesized","parenthesized":{"range":[81,20,81,45],"value":{"type":"application","application":[{"range":[81,20,81,27],"value":{"type":"functionOrValue","functionOrValue":{"moduleName":[],"name":"logBase"}}},{"range":[81,28,81,29],"value":{"type":"integer","integer":2}},{"range":[81,30,81,45],"value":{"type":"parenthesized","parenthesized":{"range":[81,31,81,44],"value":{"type":"application","application":[{"range":[81,31,81,38],"value":{"type":"functionOrValue","functionOrValue":{"moduleName":[],"name":"toFloat"}}},{"range":[81,39,81,44],"value":{"type":"functionOrValue","functionOrValue":{"moduleName":[],"name":"first"}}}]}}}}]}}}}]}}},{"pattern":{"range":[83,9,83,22],"value":{"type":"named","named":{"qualified":{"moduleName":[],"name":"Second"},"patterns":[{"range":[83,16,83,22],"value":{"type":"var","var":{"value":"second"}}}]}}},"expression":{"range":[84,13,84,52],"value":{"type":"application","application":[{"range":[84,13,84,18],"value":{"type":"functionOrValue","functionOrValue":{"moduleName":[],"name":"round"}}},{"range":[84,19,84,47],"value":{"type":"parenthesized","parenthesized":{"range":[84,20,84,46],"value":{"type":"application","application":[{"range":[84,20,84,27],"value":{"type":"functionOrValue","functionOrValue":{"moduleName":[],"name":"logBase"}}},{"range":[84,28,84,29],"value":{"type":"integer","integer":2}},{"range":[84,30,84,46],"value":{"type":"parenthesized","parenthesized":{"range":[84,31,84,45],"value":{"type":"application","application":[{"range":[84,31,84,38],"value":{"type":"functionOrValue","functionOrValue":{"moduleName":[],"name":"toFloat"}}},{"range":[84,39,84,45],"value":{"type":"functionOrValue","functionOrValue":{"moduleName":[],"name":"second"}}}]}}}}]}}}},{"range":[84,48,84,49],"value":{"type":"operator","operator":"+"}},{"range":[84,50,84,52],"value":{"type":"integer","integer":32}}]}}}],"expression":{"range":[79,10,79,16],"value":{"type":"functionOrValue","functionOrValue":{"moduleName":[],"name":"myFlag"}}}}}}}}}}},{"range":[89,1,96,50],"value":{"type":"function","function":{"documentation":null,"signature":{"range":[89,1,89,32],"value":{"name":{"range":[89,1,89,8],"value":"present"},"typeAnnotation":{"range":[89,11,89,32],"value":{"type":"function","function":{"left":{"range":[89,11,89,15],"value":{"type":"typed","typed":{"moduleNameAndName":{"range":[89,11,89,15],"value":{"moduleName":[],"name":"Flag"}},"args":[]}}},"right":{"range":[89,19,89,32],"value":{"type":"function","function":{"left":{"range":[89,19,89,24],"value":{"type":"typed","typed":{"moduleNameAndName":{"range":[89,19,89,24],"value":{"moduleName":[],"name":"Field"}},"args":[]}}},"right":{"range":[89,28,89,32],"value":{"type":"typed","typed":{"moduleNameAndName":{"range":[89,28,89,32],"value":{"moduleName":[],"name":"Bool"}},"args":[]}}}}}}}}}}},"declaration":{"range":[90,1,96,50],"value":{"name":{"range":[90,1,90,8],"value":"present"},"arguments":[{"range":[90,9,90,15],"value":{"type":"var","var":{"value":"myFlag"}}},{"range":[90,16,90,41],"value":{"type":"parentisized","parentisized":{"value":{"range":[90,17,90,40],"value":{"type":"named","named":{"qualified":{"moduleName":[],"name":"Field"},"patterns":[{"range":[90,23,90,31],"value":{"type":"var","var":{"value":"fieldOne"}}},{"range":[90,32,90,40],"value":{"type":"var","var":{"value":"fieldTwo"}}}]}}}}}}],"expression":{"range":[91,5,96,50],"value":{"type":"case","case":{"cases":[{"pattern":{"range":[92,9,92,19],"value":{"type":"named","named":{"qualified":{"moduleName":[],"name":"Flag"},"patterns":[{"range":[92,14,92,19],"value":{"type":"var","var":{"value":"first"}}}]}}},"expression":{"range":[93,13,93,48],"value":{"type":"application","application":[{"range":[93,13,93,24],"value":{"type":"functionOrValue","functionOrValue":{"moduleName":["Bitwise"],"name":"and"}}},{"range":[93,25,93,30],"value":{"type":"functionOrValue","functionOrValue":{"moduleName":[],"name":"first"}}},{"range":[93,31,93,39],"value":{"type":"functionOrValue","functionOrValue":{"moduleName":[],"name":"fieldOne"}}},{"range":[93,40,93,42],"value":{"type":"operator","operator":"=="}},{"range":[93,43,93,48],"value":{"type":"functionOrValue","functionOrValue":{"moduleName":[],"name":"first"}}}]}}},{"pattern":{"range":[95,9,95,22],"value":{"type":"named","named":{"qualified":{"moduleName":[],"name":"Second"},"patterns":[{"range":[95,16,95,22],"value":{"type":"var","var":{"value":"second"}}}]}}},"expression":{"range":[96,13,96,50],"value":{"type":"application","application":[{"range":[96,13,96,24],"value":{"type":"functionOrValue","functionOrValue":{"moduleName":["Bitwise"],"name":"and"}}},{"range":[96,25,96,31],"value":{"type":"functionOrValue","functionOrValue":{"moduleName":[],"name":"second"}}},{"range":[96,32,96,40],"value":{"type":"functionOrValue","functionOrValue":{"moduleName":[],"name":"fieldTwo"}}},{"range":[96,41,96,43],"value":{"type":"operator","operator":"=="}},{"range":[96,44,96,50],"value":{"type":"functionOrValue","functionOrValue":{"moduleName":[],"name":"second"}}}]}}}],"expression":{"range":[91,10,91,16],"value":{"type":"functionOrValue","functionOrValue":{"moduleName":[],"name":"myFlag"}}}}}}}}}}},{"range":[101,1,108,46],"value":{"type":"function","function":{"documentation":null,"signature":{"range":[101,1,101,29],"value":{"name":{"range":[101,1,101,4],"value":"add"},"typeAnnotation":{"range":[101,7,101,29],"value":{"type":"function","function":{"left":{"range":[101,7,101,11],"value":{"type":"typed","typed":{"moduleNameAndName":{"range":[101,7,101,11],"value":{"moduleName":[],"name":"Flag"}},"args":[]}}},"right":{"range":[101,15,101,29],"value":{"type":"function","function":{"left":{"range":[101,15,101,20],"value":{"type":"typed","typed":{"moduleNameAndName":{"range":[101,15,101,20],"value":{"moduleName":[],"name":"Field"}},"args":[]}}},"right":{"range":[101,24,101,29],"value":{"type":"typed","typed":{"moduleNameAndName":{"range":[101,24,101,29],"value":{"moduleName":[],"name":"Field"}},"args":[]}}}}}}}}}}},"declaration":{"range":[102,1,108,46],"value":{"name":{"range":[102,1,102,4],"value":"add"},"arguments":[{"range":[102,5,102,11],"value":{"type":"var","var":{"value":"myFlag"}}},{"range":[102,12,102,27],"value":{"type":"parentisized","parentisized":{"value":{"range":[102,13,102,26],"value":{"type":"named","named":{"qualified":{"moduleName":[],"name":"Field"},"patterns":[{"range":[102,19,102,22],"value":{"type":"var","var":{"value":"one"}}},{"range":[102,23,102,26],"value":{"type":"var","var":{"value":"two"}}}]}}}}}}],"expression":{"range":[103,5,108,46],"value":{"type":"case","case":{"cases":[{"pattern":{"range":[104,9,104,19],"value":{"type":"named","named":{"qualified":{"moduleName":[],"name":"Flag"},"patterns":[{"range":[104,14,104,19],"value":{"type":"var","var":{"value":"first"}}}]}}},"expression":{"range":[105,13,105,45],"value":{"type":"application","application":[{"range":[105,13,105,18],"value":{"type":"functionOrValue","functionOrValue":{"moduleName":[],"name":"Field"}}},{"range":[105,19,105,41],"value":{"type":"parenthesized","parenthesized":{"range":[105,20,105,40],"value":{"type":"application","application":[{"range":[105,20,105,30],"value":{"type":"functionOrValue","functionOrValue":{"moduleName":["Bitwise"],"name":"or"}}},{"range":[105,31,105,36],"value":{"type":"functionOrValue","functionOrValue":{"moduleName":[],"name":"first"}}},{"range":[105,37,105,40],"value":{"type":"functionOrValue","functionOrValue":{"moduleName":[],"name":"one"}}}]}}}},{"range":[105,42,105,45],"value":{"type":"functionOrValue","functionOrValue":{"moduleName":[],"name":"two"}}}]}}},{"pattern":{"range":[107,9,107,22],"value":{"type":"named","named":{"qualified":{"moduleName":[],"name":"Second"},"patterns":[{"range":[107,16,107,22],"value":{"type":"var","var":{"value":"second"}}}]}}},"expression":{"range":[108,13,108,46],"value":{"type":"application","application":[{"range":[108,13,108,18],"value":{"type":"functionOrValue","functionOrValue":{"moduleName":[],"name":"Field"}}},{"range":[108,19,108,22],"value":{"type":"functionOrValue","functionOrValue":{"moduleName":[],"name":"one"}}},{"range":[108,23,108,46],"value":{"type":"parenthesized","parenthesized":{"range":[108,24,108,45],"value":{"type":"application","application":[{"range":[108,24,108,34],"value":{"type":"functionOrValue","functionOrValue":{"moduleName":["Bitwise"],"name":"or"}}},{"range":[108,35,108,41],"value":{"type":"functionOrValue","functionOrValue":{"moduleName":[],"name":"second"}}},{"range":[108,42,108,45],"value":{"type":"functionOrValue","functionOrValue":{"moduleName":[],"name":"two"}}}]}}}}]}}}],"expression":{"range":[103,10,103,16],"value":{"type":"functionOrValue","functionOrValue":{"moduleName":[],"name":"myFlag"}}}}}}}}}}},{"range":[116,1,118,55],"value":{"type":"function","function":{"documentation":null,"signature":{"range":[116,1,116,32],"value":{"name":{"range":[116,1,116,6],"value":"merge"},"typeAnnotation":{"range":[116,9,116,32],"value":{"type":"function","function":{"left":{"range":[116,9,116,14],"value":{"type":"typed","typed":{"moduleNameAndName":{"range":[116,9,116,14],"value":{"moduleName":[],"name":"Field"}},"args":[]}}},"right":{"range":[116,18,116,32],"value":{"type":"function","function":{"left":{"range":[116,18,116,23],"value":{"type":"typed","typed":{"moduleNameAndName":{"range":[116,18,116,23],"value":{"moduleName":[],"name":"Field"}},"args":[]}}},"right":{"range":[116,27,116,32],"value":{"type":"typed","typed":{"moduleNameAndName":{"range":[116,27,116,32],"value":{"moduleName":[],"name":"Field"}},"args":[]}}}}}}}}}}},"declaration":{"range":[117,1,118,55],"value":{"name":{"range":[117,1,117,6],"value":"merge"},"arguments":[{"range":[117,7,117,22],"value":{"type":"parentisized","parentisized":{"value":{"range":[117,8,117,21],"value":{"type":"named","named":{"qualified":{"moduleName":[],"name":"Field"},"patterns":[{"range":[117,14,117,17],"value":{"type":"var","var":{"value":"one"}}},{"range":[117,18,117,21],"value":{"type":"var","var":{"value":"two"}}}]}}}}}},{"range":[117,23,117,41],"value":{"type":"parentisized","parentisized":{"value":{"range":[117,24,117,40],"value":{"type":"named","named":{"qualified":{"moduleName":[],"name":"Field"},"patterns":[{"range":[117,30,117,35],"value":{"type":"var","var":{"value":"three"}}},{"range":[117,36,117,40],"value":{"type":"var","var":{"value":"four"}}}]}}}}}}],"expression":{"range":[118,5,118,55],"value":{"type":"application","application":[{"range":[118,5,118,10],"value":{"type":"functionOrValue","functionOrValue":{"moduleName":[],"name":"Field"}}},{"range":[118,11,118,33],"value":{"type":"parenthesized","parenthesized":{"range":[118,12,118,32],"value":{"type":"application","application":[{"range":[118,12,118,22],"value":{"type":"functionOrValue","functionOrValue":{"moduleName":["Bitwise"],"name":"or"}}},{"range":[118,23,118,26],"value":{"type":"functionOrValue","functionOrValue":{"moduleName":[],"name":"one"}}},{"range":[118,27,118,32],"value":{"type":"functionOrValue","functionOrValue":{"moduleName":[],"name":"three"}}}]}}}},{"range":[118,34,118,55],"value":{"type":"parenthesized","parenthesized":{"range":[118,35,118,54],"value":{"type":"application","application":[{"range":[118,35,118,45],"value":{"type":"functionOrValue","functionOrValue":{"moduleName":["Bitwise"],"name":"or"}}},{"range":[118,46,118,49],"value":{"type":"functionOrValue","functionOrValue":{"moduleName":[],"name":"two"}}},{"range":[118,50,118,54],"value":{"type":"functionOrValue","functionOrValue":{"moduleName":[],"name":"four"}}}]}}}}]}}}}}}},{"range":[121,1,136,1],"value":{"type":"function","function":{"documentation":null,"signature":{"range":[121,1,121,19],"value":{"name":{"range":[121,1,121,5],"value":"flag"},"typeAnnotation":{"range":[121,8,121,19],"value":{"type":"function","function":{"left":{"range":[121,8,121,11],"value":{"type":"typed","typed":{"moduleNameAndName":{"range":[121,8,121,11],"value":{"moduleName":[],"name":"Int"}},"args":[]}}},"right":{"range":[121,15,121,19],"value":{"type":"typed","typed":{"moduleNameAndName":{"range":[121,15,121,19],"value":{"moduleName":[],"name":"Flag"}},"args":[]}}}}}}}},"declaration":{"range":[122,1,136,1],"value":{"name":{"range":[122,1,122,5],"value":"flag"},"arguments":[{"range":[122,6,122,7],"value":{"type":"var","var":{"value":"i"}}}],"expression":{"range":[123,5,136,1],"value":{"type":"ifBlock","ifBlock":{"clause":{"range":[123,8,123,14],"value":{"type":"application","application":[{"range":[123,8,123,9],"value":{"type":"functionOrValue","functionOrValue":{"moduleName":[],"name":"i"}}},{"range":[123,10,123,11],"value":{"type":"operator","operator":">"}},{"range":[123,12,123,14],"value":{"type":"integer","integer":31}}]}},"then":{"range":[124,9,125,45],"value":{"type":"application","application":[{"range":[124,9,124,15],"value":{"type":"functionOrValue","functionOrValue":{"moduleName":[],"name":"Second"}}},{"range":[125,13,125,45],"value":{"type":"parenthesized","parenthesized":{"range":[125,14,125,44],"value":{"type":"application","application":[{"range":[125,14,125,33],"value":{"type":"functionOrValue","functionOrValue":{"moduleName":["Bitwise"],"name":"shiftLeftBy"}}},{"range":[125,34,125,42],"value":{"type":"parenthesized","parenthesized":{"range":[125,35,125,41],"value":{"type":"application","application":[{"range":[125,35,125,36],"value":{"type":"functionOrValue","functionOrValue":{"moduleName":[],"name":"i"}}},{"range":[125,37,125,39],"value":{"type":"operator","operator":"-"}},{"range":[125,39,125,41],"value":{"type":"integer","integer":32}}]}}}},{"range":[125,43,125,44],"value":{"type":"integer","integer":1}}]}}}}]}},"else":{"range":[128,9,129,38],"value":{"type":"application","application":[{"range":[128,9,128,13],"value":{"type":"functionOrValue","functionOrValue":{"moduleName":[],"name":"Flag"}}},{"range":[129,13,129,38],"value":{"type":"parenthesized","parenthesized":{"range":[129,14,129,37],"value":{"type":"application","application":[{"range":[129,14,129,33],"value":{"type":"functionOrValue","functionOrValue":{"moduleName":["Bitwise"],"name":"shiftLeftBy"}}},{"range":[129,34,129,35],"value":{"type":"functionOrValue","functionOrValue":{"moduleName":[],"name":"i"}}},{"range":[129,36,129,37],"value":{"type":"integer","integer":1}}]}}}}]}}}}}}}}}},{"range":[136,1,137,11],"value":{"type":"function","function":{"documentation":null,"signature":null,"declaration":{"range":[136,1,137,11],"value":{"name":{"range":[136,1,136,13],"value":"transparency"},"arguments":[],"expression":{"range":[137,5,137,11],"value":{"type":"application","application":[{"range":[137,5,137,9],"value":{"type":"functionOrValue","functionOrValue":{"moduleName":[],"name":"flag"}}},{"range":[137,10,137,11],"value":{"type":"integer","integer":0}}]}}}}}}},{"range":[140,1,141,11],"value":{"type":"function","function":{"documentation":null,"signature":null,"declaration":{"range":[140,1,141,11],"value":{"name":{"range":[140,1,140,8],"value":"padding"},"arguments":[],"expression":{"range":[141,5,141,11],"value":{"type":"application","application":[{"range":[141,5,141,9],"value":{"type":"functionOrValue","functionOrValue":{"moduleName":[],"name":"flag"}}},{"range":[141,10,141,11],"value":{"type":"integer","integer":2}}]}}}}}}},{"range":[144,1,145,11],"value":{"type":"function","function":{"documentation":null,"signature":null,"declaration":{"range":[144,1,145,11],"value":{"name":{"range":[144,1,144,8],"value":"spacing"},"arguments":[],"expression":{"range":[145,5,145,11],"value":{"type":"application","application":[{"range":[145,5,145,9],"value":{"type":"functionOrValue","functionOrValue":{"moduleName":[],"name":"flag"}}},{"range":[145,10,145,11],"value":{"type":"integer","integer":3}}]}}}}}}},{"range":[148,1,149,11],"value":{"type":"function","function":{"documentation":null,"signature":null,"declaration":{"range":[148,1,149,11],"value":{"name":{"range":[148,1,148,9],"value":"fontSize"},"arguments":[],"expression":{"range":[149,5,149,11],"value":{"type":"application","application":[{"range":[149,5,149,9],"value":{"type":"functionOrValue","functionOrValue":{"moduleName":[],"name":"flag"}}},{"range":[149,10,149,11],"value":{"type":"integer","integer":4}}]}}}}}}},{"range":[152,1,153,11],"value":{"type":"function","function":{"documentation":null,"signature":null,"declaration":{"range":[152,1,153,11],"value":{"name":{"range":[152,1,152,11],"value":"fontFamily"},"arguments":[],"expression":{"range":[153,5,153,11],"value":{"type":"application","application":[{"range":[153,5,153,9],"value":{"type":"functionOrValue","functionOrValue":{"moduleName":[],"name":"flag"}}},{"range":[153,10,153,11],"value":{"type":"integer","integer":5}}]}}}}}}},{"range":[156,1,157,11],"value":{"type":"function","function":{"documentation":null,"signature":null,"declaration":{"range":[156,1,157,11],"value":{"name":{"range":[156,1,156,6],"value":"width"},"arguments":[],"expression":{"range":[157,5,157,11],"value":{"type":"application","application":[{"range":[157,5,157,9],"value":{"type":"functionOrValue","functionOrValue":{"moduleName":[],"name":"flag"}}},{"range":[157,10,157,11],"value":{"type":"integer","integer":6}}]}}}}}}},{"range":[160,1,161,11],"value":{"type":"function","function":{"documentation":null,"signature":null,"declaration":{"range":[160,1,161,11],"value":{"name":{"range":[160,1,160,7],"value":"height"},"arguments":[],"expression":{"range":[161,5,161,11],"value":{"type":"application","application":[{"range":[161,5,161,9],"value":{"type":"functionOrValue","functionOrValue":{"moduleName":[],"name":"flag"}}},{"range":[161,10,161,11],"value":{"type":"integer","integer":7}}]}}}}}}},{"range":[164,1,165,11],"value":{"type":"function","function":{"documentation":null,"signature":null,"declaration":{"range":[164,1,165,11],"value":{"name":{"range":[164,1,164,8],"value":"bgColor"},"arguments":[],"expression":{"range":[165,5,165,11],"value":{"type":"application","application":[{"range":[165,5,165,9],"value":{"type":"functionOrValue","functionOrValue":{"moduleName":[],"name":"flag"}}},{"range":[165,10,165,11],"value":{"type":"integer","integer":8}}]}}}}}}},{"range":[168,1,169,11],"value":{"type":"function","function":{"documentation":null,"signature":null,"declaration":{"range":[168,1,169,11],"value":{"name":{"range":[168,1,168,8],"value":"bgImage"},"arguments":[],"expression":{"range":[169,5,169,11],"value":{"type":"application","application":[{"range":[169,5,169,9],"value":{"type":"functionOrValue","functionOrValue":{"moduleName":[],"name":"flag"}}},{"range":[169,10,169,11],"value":{"type":"integer","integer":9}}]}}}}}}},{"range":[172,1,173,12],"value":{"type":"function","function":{"documentation":null,"signature":null,"declaration":{"range":[172,1,173,12],"value":{"name":{"range":[172,1,172,11],"value":"bgGradient"},"arguments":[],"expression":{"range":[173,5,173,12],"value":{"type":"application","application":[{"range":[173,5,173,9],"value":{"type":"functionOrValue","functionOrValue":{"moduleName":[],"name":"flag"}}},{"range":[173,10,173,12],"value":{"type":"integer","integer":10}}]}}}}}}},{"range":[176,1,177,12],"value":{"type":"function","function":{"documentation":null,"signature":null,"declaration":{"range":[176,1,177,12],"value":{"name":{"range":[176,1,176,12],"value":"borderStyle"},"arguments":[],"expression":{"range":[177,5,177,12],"value":{"type":"application","application":[{"range":[177,5,177,9],"value":{"type":"functionOrValue","functionOrValue":{"moduleName":[],"name":"flag"}}},{"range":[177,10,177,12],"value":{"type":"integer","integer":11}}]}}}}}}},{"range":[180,1,181,12],"value":{"type":"function","function":{"documentation":null,"signature":null,"declaration":{"range":[180,1,181,12],"value":{"name":{"range":[180,1,180,14],"value":"fontAlignment"},"arguments":[],"expression":{"range":[181,5,181,12],"value":{"type":"application","application":[{"range":[181,5,181,9],"value":{"type":"functionOrValue","functionOrValue":{"moduleName":[],"name":"flag"}}},{"range":[181,10,181,12],"value":{"type":"integer","integer":12}}]}}}}}}},{"range":[184,1,185,12],"value":{"type":"function","function":{"documentation":null,"signature":null,"declaration":{"range":[184,1,185,12],"value":{"name":{"range":[184,1,184,11],"value":"fontWeight"},"arguments":[],"expression":{"range":[185,5,185,12],"value":{"type":"application","application":[{"range":[185,5,185,9],"value":{"type":"functionOrValue","functionOrValue":{"moduleName":[],"name":"flag"}}},{"range":[185,10,185,12],"value":{"type":"integer","integer":13}}]}}}}}}},{"range":[188,1,189,12],"value":{"type":"function","function":{"documentation":null,"signature":null,"declaration":{"range":[188,1,189,12],"value":{"name":{"range":[188,1,188,10],"value":"fontColor"},"arguments":[],"expression":{"range":[189,5,189,12],"value":{"type":"application","application":[{"range":[189,5,189,9],"value":{"type":"functionOrValue","functionOrValue":{"moduleName":[],"name":"flag"}}},{"range":[189,10,189,12],"value":{"type":"integer","integer":14}}]}}}}}}},{"range":[192,1,193,12],"value":{"type":"function","function":{"documentation":null,"signature":null,"declaration":{"range":[192,1,193,12],"value":{"name":{"range":[192,1,192,12],"value":"wordSpacing"},"arguments":[],"expression":{"range":[193,5,193,12],"value":{"type":"application","application":[{"range":[193,5,193,9],"value":{"type":"functionOrValue","functionOrValue":{"moduleName":[],"name":"flag"}}},{"range":[193,10,193,12],"value":{"type":"integer","integer":15}}]}}}}}}},{"range":[196,1,197,12],"value":{"type":"function","function":{"documentation":null,"signature":null,"declaration":{"range":[196,1,197,12],"value":{"name":{"range":[196,1,196,14],"value":"letterSpacing"},"arguments":[],"expression":{"range":[197,5,197,12],"value":{"type":"application","application":[{"range":[197,5,197,9],"value":{"type":"functionOrValue","functionOrValue":{"moduleName":[],"name":"flag"}}},{"range":[197,10,197,12],"value":{"type":"integer","integer":16}}]}}}}}}},{"range":[200,1,201,12],"value":{"type":"function","function":{"documentation":null,"signature":null,"declaration":{"range":[200,1,201,12],"value":{"name":{"range":[200,1,200,12],"value":"borderRound"},"arguments":[],"expression":{"range":[201,5,201,12],"value":{"type":"application","application":[{"range":[201,5,201,9],"value":{"type":"functionOrValue","functionOrValue":{"moduleName":[],"name":"flag"}}},{"range":[201,10,201,12],"value":{"type":"integer","integer":17}}]}}}}}}},{"range":[204,1,205,12],"value":{"type":"function","function":{"documentation":null,"signature":null,"declaration":{"range":[204,1,205,12],"value":{"name":{"range":[204,1,204,11],"value":"txtShadows"},"arguments":[],"expression":{"range":[205,5,205,12],"value":{"type":"application","application":[{"range":[205,5,205,9],"value":{"type":"functionOrValue","functionOrValue":{"moduleName":[],"name":"flag"}}},{"range":[205,10,205,12],"value":{"type":"integer","integer":18}}]}}}}}}},{"range":[208,1,209,12],"value":{"type":"function","function":{"documentation":null,"signature":null,"declaration":{"range":[208,1,209,12],"value":{"name":{"range":[208,1,208,8],"value":"shadows"},"arguments":[],"expression":{"range":[209,5,209,12],"value":{"type":"application","application":[{"range":[209,5,209,9],"value":{"type":"functionOrValue","functionOrValue":{"moduleName":[],"name":"flag"}}},{"range":[209,10,209,12],"value":{"type":"integer","integer":19}}]}}}}}}},{"range":[212,1,213,12],"value":{"type":"function","function":{"documentation":null,"signature":null,"declaration":{"range":[212,1,213,12],"value":{"name":{"range":[212,1,212,9],"value":"overflow"},"arguments":[],"expression":{"range":[213,5,213,12],"value":{"type":"application","application":[{"range":[213,5,213,9],"value":{"type":"functionOrValue","functionOrValue":{"moduleName":[],"name":"flag"}}},{"range":[213,10,213,12],"value":{"type":"integer","integer":20}}]}}}}}}},{"range":[216,1,217,12],"value":{"type":"function","function":{"documentation":null,"signature":null,"declaration":{"range":[216,1,217,12],"value":{"name":{"range":[216,1,216,7],"value":"cursor"},"arguments":[],"expression":{"range":[217,5,217,12],"value":{"type":"application","application":[{"range":[217,5,217,9],"value":{"type":"functionOrValue","functionOrValue":{"moduleName":[],"name":"flag"}}},{"range":[217,10,217,12],"value":{"type":"integer","integer":21}}]}}}}}}},{"range":[220,1,221,12],"value":{"type":"function","function":{"documentation":null,"signature":null,"declaration":{"range":[220,1,221,12],"value":{"name":{"range":[220,1,220,6],"value":"scale"},"arguments":[],"expression":{"range":[221,5,221,12],"value":{"type":"application","application":[{"range":[221,5,221,9],"value":{"type":"functionOrValue","functionOrValue":{"moduleName":[],"name":"flag"}}},{"range":[221,10,221,12],"value":{"type":"integer","integer":23}}]}}}}}}},{"range":[224,1,225,12],"value":{"type":"function","function":{"documentation":null,"signature":null,"declaration":{"range":[224,1,225,12],"value":{"name":{"range":[224,1,224,7],"value":"rotate"},"arguments":[],"expression":{"range":[225,5,225,12],"value":{"type":"application","application":[{"range":[225,5,225,9],"value":{"type":"functionOrValue","functionOrValue":{"moduleName":[],"name":"flag"}}},{"range":[225,10,225,12],"value":{"type":"integer","integer":24}}]}}}}}}},{"range":[228,1,229,12],"value":{"type":"function","function":{"documentation":null,"signature":null,"declaration":{"range":[228,1,229,12],"value":{"name":{"range":[228,1,228,6],"value":"moveX"},"arguments":[],"expression":{"range":[229,5,229,12],"value":{"type":"application","application":[{"range":[229,5,229,9],"value":{"type":"functionOrValue","functionOrValue":{"moduleName":[],"name":"flag"}}},{"range":[229,10,229,12],"value":{"type":"integer","integer":25}}]}}}}}}},{"range":[232,1,233,12],"value":{"type":"function","function":{"documentation":null,"signature":null,"declaration":{"range":[232,1,233,12],"value":{"name":{"range":[232,1,232,6],"value":"moveY"},"arguments":[],"expression":{"range":[233,5,233,12],"value":{"type":"application","application":[{"range":[233,5,233,9],"value":{"type":"functionOrValue","functionOrValue":{"moduleName":[],"name":"flag"}}},{"range":[233,10,233,12],"value":{"type":"integer","integer":26}}]}}}}}}},{"range":[236,1,237,12],"value":{"type":"function","function":{"documentation":null,"signature":null,"declaration":{"range":[236,1,237,12],"value":{"name":{"range":[236,1,236,12],"value":"borderWidth"},"arguments":[],"expression":{"range":[237,5,237,12],"value":{"type":"application","application":[{"range":[237,5,237,9],"value":{"type":"functionOrValue","functionOrValue":{"moduleName":[],"name":"flag"}}},{"range":[237,10,237,12],"value":{"type":"integer","integer":27}}]}}}}}}},{"range":[240,1,241,12],"value":{"type":"function","function":{"documentation":null,"signature":null,"declaration":{"range":[240,1,241,12],"value":{"name":{"range":[240,1,240,12],"value":"borderColor"},"arguments":[],"expression":{"range":[241,5,241,12],"value":{"type":"application","application":[{"range":[241,5,241,9],"value":{"type":"functionOrValue","functionOrValue":{"moduleName":[],"name":"flag"}}},{"range":[241,10,241,12],"value":{"type":"integer","integer":28}}]}}}}}}},{"range":[244,1,245,12],"value":{"type":"function","function":{"documentation":null,"signature":null,"declaration":{"range":[244,1,245,12],"value":{"name":{"range":[244,1,244,7],"value":"yAlign"},"arguments":[],"expression":{"range":[245,5,245,12],"value":{"type":"application","application":[{"range":[245,5,245,9],"value":{"type":"functionOrValue","functionOrValue":{"moduleName":[],"name":"flag"}}},{"range":[245,10,245,12],"value":{"type":"integer","integer":29}}]}}}}}}},{"range":[248,1,249,12],"value":{"type":"function","function":{"documentation":null,"signature":null,"declaration":{"range":[248,1,249,12],"value":{"name":{"range":[248,1,248,7],"value":"xAlign"},"arguments":[],"expression":{"range":[249,5,249,12],"value":{"type":"application","application":[{"range":[249,5,249,9],"value":{"type":"functionOrValue","functionOrValue":{"moduleName":[],"name":"flag"}}},{"range":[249,10,249,12],"value":{"type":"integer","integer":30}}]}}}}}}},{"range":[252,1,253,12],"value":{"type":"function","function":{"documentation":null,"signature":null,"declaration":{"range":[252,1,253,12],"value":{"name":{"range":[252,1,252,6],"value":"focus"},"arguments":[],"expression":{"range":[253,5,253,12],"value":{"type":"application","application":[{"range":[253,5,253,9],"value":{"type":"functionOrValue","functionOrValue":{"moduleName":[],"name":"flag"}}},{"range":[253,10,253,12],"value":{"type":"integer","integer":31}}]}}}}}}},{"range":[256,1,257,12],"value":{"type":"function","function":{"documentation":null,"signature":null,"declaration":{"range":[256,1,257,12],"value":{"name":{"range":[256,1,256,7],"value":"active"},"arguments":[],"expression":{"range":[257,5,257,12],"value":{"type":"application","application":[{"range":[257,5,257,9],"value":{"type":"functionOrValue","functionOrValue":{"moduleName":[],"name":"flag"}}},{"range":[257,10,257,12],"value":{"type":"integer","integer":32}}]}}}}}}},{"range":[260,1,261,12],"value":{"type":"function","function":{"documentation":null,"signature":null,"declaration":{"range":[260,1,261,12],"value":{"name":{"range":[260,1,260,6],"value":"hover"},"arguments":[],"expression":{"range":[261,5,261,12],"value":{"type":"application","application":[{"range":[261,5,261,9],"value":{"type":"functionOrValue","functionOrValue":{"moduleName":[],"name":"flag"}}},{"range":[261,10,261,12],"value":{"type":"integer","integer":33}}]}}}}}}},{"range":[264,1,265,12],"value":{"type":"function","function":{"documentation":null,"signature":null,"declaration":{"range":[264,1,265,12],"value":{"name":{"range":[264,1,264,13],"value":"gridTemplate"},"arguments":[],"expression":{"range":[265,5,265,12],"value":{"type":"application","application":[{"range":[265,5,265,9],"value":{"type":"functionOrValue","functionOrValue":{"moduleName":[],"name":"flag"}}},{"range":[265,10,265,12],"value":{"type":"integer","integer":34}}]}}}}}}},{"range":[268,1,269,12],"value":{"type":"function","function":{"documentation":null,"signature":null,"declaration":{"range":[268,1,269,12],"value":{"name":{"range":[268,1,268,13],"value":"gridPosition"},"arguments":[],"expression":{"range":[269,5,269,12],"value":{"type":"application","application":[{"range":[269,5,269,9],"value":{"type":"functionOrValue","functionOrValue":{"moduleName":[],"name":"flag"}}},{"range":[269,10,269,12],"value":{"type":"integer","integer":35}}]}}}}}}},{"range":[276,1,277,12],"value":{"type":"function","function":{"documentation":null,"signature":null,"declaration":{"range":[276,1,277,12],"value":{"name":{"range":[276,1,276,14],"value":"heightContent"},"arguments":[],"expression":{"range":[277,5,277,12],"value":{"type":"application","application":[{"range":[277,5,277,9],"value":{"type":"functionOrValue","functionOrValue":{"moduleName":[],"name":"flag"}}},{"range":[277,10,277,12],"value":{"type":"integer","integer":36}}]}}}}}}},{"range":[280,1,281,12],"value":{"type":"function","function":{"documentation":null,"signature":null,"declaration":{"range":[280,1,281,12],"value":{"name":{"range":[280,1,280,11],"value":"heightFill"},"arguments":[],"expression":{"range":[281,5,281,12],"value":{"type":"application","application":[{"range":[281,5,281,9],"value":{"type":"functionOrValue","functionOrValue":{"moduleName":[],"name":"flag"}}},{"range":[281,10,281,12],"value":{"type":"integer","integer":37}}]}}}}}}},{"range":[284,1,285,12],"value":{"type":"function","function":{"documentation":null,"signature":null,"declaration":{"range":[284,1,285,12],"value":{"name":{"range":[284,1,284,13],"value":"widthContent"},"arguments":[],"expression":{"range":[285,5,285,12],"value":{"type":"application","application":[{"range":[285,5,285,9],"value":{"type":"functionOrValue","functionOrValue":{"moduleName":[],"name":"flag"}}},{"range":[285,10,285,12],"value":{"type":"integer","integer":38}}]}}}}}}},{"range":[288,1,289,12],"value":{"type":"function","function":{"documentation":null,"signature":null,"declaration":{"range":[288,1,289,12],"value":{"name":{"range":[288,1,288,10],"value":"widthFill"},"arguments":[],"expression":{"range":[289,5,289,12],"value":{"type":"application","application":[{"range":[289,5,289,9],"value":{"type":"functionOrValue","functionOrValue":{"moduleName":[],"name":"flag"}}},{"range":[289,10,289,12],"value":{"type":"integer","integer":39}}]}}}}}}},{"range":[292,1,293,12],"value":{"type":"function","function":{"documentation":null,"signature":null,"declaration":{"range":[292,1,293,12],"value":{"name":{"range":[292,1,292,11],"value":"alignRight"},"arguments":[],"expression":{"range":[293,5,293,12],"value":{"type":"application","application":[{"range":[293,5,293,9],"value":{"type":"functionOrValue","functionOrValue":{"moduleName":[],"name":"flag"}}},{"range":[293,10,293,12],"value":{"type":"integer","integer":40}}]}}}}}}},{"range":[296,1,297,12],"value":{"type":"function","function":{"documentation":null,"signature":null,"declaration":{"range":[296,1,297,12],"value":{"name":{"range":[296,1,296,12],"value":"alignBottom"},"arguments":[],"expression":{"range":[297,5,297,12],"value":{"type":"application","application":[{"range":[297,5,297,9],"value":{"type":"functionOrValue","functionOrValue":{"moduleName":[],"name":"flag"}}},{"range":[297,10,297,12],"value":{"type":"integer","integer":41}}]}}}}}}},{"range":[300,1,301,12],"value":{"type":"function","function":{"documentation":null,"signature":null,"declaration":{"range":[300,1,301,12],"value":{"name":{"range":[300,1,300,8],"value":"centerX"},"arguments":[],"expression":{"range":[301,5,301,12],"value":{"type":"application","application":[{"range":[301,5,301,9],"value":{"type":"functionOrValue","functionOrValue":{"moduleName":[],"name":"flag"}}},{"range":[301,10,301,12],"value":{"type":"integer","integer":42}}]}}}}}}},{"range":[304,1,305,12],"value":{"type":"function","function":{"documentation":null,"signature":null,"declaration":{"range":[304,1,305,12],"value":{"name":{"range":[304,1,304,8],"value":"centerY"},"arguments":[],"expression":{"range":[305,5,305,12],"value":{"type":"application","application":[{"range":[305,5,305,9],"value":{"type":"functionOrValue","functionOrValue":{"moduleName":[],"name":"flag"}}},{"range":[305,10,305,12],"value":{"type":"integer","integer":43}}]}}}}}}},{"range":[308,1,309,12],"value":{"type":"function","function":{"documentation":null,"signature":null,"declaration":{"range":[308,1,309,12],"value":{"name":{"range":[308,1,308,13],"value":"widthBetween"},"arguments":[],"expression":{"range":[309,5,309,12],"value":{"type":"application","application":[{"range":[309,5,309,9],"value":{"type":"functionOrValue","functionOrValue":{"moduleName":[],"name":"flag"}}},{"range":[309,10,309,12],"value":{"type":"integer","integer":44}}]}}}}}}},{"range":[312,1,313,12],"value":{"type":"function","function":{"documentation":null,"signature":null,"declaration":{"range":[312,1,313,12],"value":{"name":{"range":[312,1,312,14],"value":"heightBetween"},"arguments":[],"expression":{"range":[313,5,313,12],"value":{"type":"application","application":[{"range":[313,5,313,9],"value":{"type":"functionOrValue","functionOrValue":{"moduleName":[],"name":"flag"}}},{"range":[313,10,313,12],"value":{"type":"integer","integer":45}}]}}}}}}},{"range":[316,1,317,12],"value":{"type":"function","function":{"documentation":null,"signature":null,"declaration":{"range":[316,1,317,12],"value":{"name":{"range":[316,1,316,7],"value":"behind"},"arguments":[],"expression":{"range":[317,5,317,12],"value":{"type":"application","application":[{"range":[317,5,317,9],"value":{"type":"functionOrValue","functionOrValue":{"moduleName":[],"name":"flag"}}},{"range":[317,10,317,12],"value":{"type":"integer","integer":46}}]}}}}}}},{"range":[320,1,321,12],"value":{"type":"function","function":{"documentation":null,"signature":null,"declaration":{"range":[320,1,321,12],"value":{"name":{"range":[320,1,320,22],"value":"heightTextAreaContent"},"arguments":[],"expression":{"range":[321,5,321,12],"value":{"type":"application","application":[{"range":[321,5,321,9],"value":{"type":"functionOrValue","functionOrValue":{"moduleName":[],"name":"flag"}}},{"range":[321,10,321,12],"value":{"type":"integer","integer":47}}]}}}}}}},{"range":[324,1,325,12],"value":{"type":"function","function":{"documentation":null,"signature":null,"declaration":{"range":[324,1,325,12],"value":{"name":{"range":[324,1,324,12],"value":"fontVariant"},"arguments":[],"expression":{"range":[325,5,325,12],"value":{"type":"application","application":[{"range":[325,5,325,9],"value":{"type":"functionOrValue","functionOrValue":{"moduleName":[],"name":"flag"}}},{"range":[325,10,325,12],"value":{"type":"integer","integer":48}}]}}}}}}}],"comments":[{"range":[273,1,273,12],"value":"{- Notes -}"},{"range":[133,1,133,34],"value":"{- Used for Style invalidation -}"},{"range":[111,1,115,3],"value":"{-| Generally you want to use `add`, which keeps a distinction between Fields and Flags.\n\nMerging will combine two fields\n\n-}"},{"range":[99,1,100,3],"value":"{-| Add a flag to a field.\n-}"},{"range":[87,1,88,3],"value":"{-| If the query is in the truth, return True\n-}"},{"range":[59,1,59,7],"value":"{-| -}"}]}