{"moduleDefinition":{"range":[1,1,1,48],"value":{"type":"normal","normal":{"moduleName":{"range":[1,8,1,21],"value":["Element","Keyed"]},"exposingList":{"range":[1,22,1,48],"value":{"type":"explicit","explicit":[{"range":[1,32,1,34],"value":{"type":"function","function":{"name":"el"}}},{"range":[1,36,1,42],"value":{"type":"function","function":{"name":"column"}}},{"range":[1,44,1,47],"value":{"type":"function","function":{"name":"row"}}}]}}}}},"imports":[{"range":[23,1,23,74],"value":{"moduleName":{"range":[23,8,23,15],"value":["Element"]},"moduleAlias":null,"exposingList":{"range":[23,16,23,74],"value":{"type":"explicit","explicit":[{"range":[23,26,23,35],"value":{"type":"typeOrAlias","typeOrAlias":{"name":"Attribute"}}},{"range":[23,37,23,44],"value":{"type":"typeOrAlias","typeOrAlias":{"name":"Element"}}},{"range":[23,46,23,50],"value":{"type":"function","function":{"name":"fill"}}},{"range":[23,52,23,58],"value":{"type":"function","function":{"name":"height"}}},{"range":[23,60,23,66],"value":{"type":"function","function":{"name":"shrink"}}},{"range":[23,68,23,73],"value":{"type":"function","function":{"name":"width"}}}]}}}},{"range":[24,1,24,34],"value":{"moduleName":{"range":[24,8,24,22],"value":["Internal","Model"]},"moduleAlias":{"range":[24,26,24,34],"value":["Internal"]},"exposingList":null}},{"range":[25,1,25,41],"value":{"moduleName":{"range":[25,8,25,22],"value":["Internal","Style"]},"moduleAlias":null,"exposingList":{"range":[25,23,25,41],"value":{"type":"explicit","explicit":[{"range":[25,33,25,40],"value":{"type":"function","function":{"name":"classes"}}}]}}}}],"declarations":[{"range":[29,1,38,35],"value":{"type":"function","function":{"documentation":null,"signature":{"range":[29,1,29,68],"value":{"name":{"range":[29,1,29,3],"value":"el"},"typeAnnotation":{"range":[29,6,29,68],"value":{"type":"function","function":{"left":{"range":[29,6,29,26],"value":{"type":"typed","typed":{"moduleNameAndName":{"range":[29,6,29,10],"value":{"moduleName":[],"name":"List"}},"args":[{"range":[29,11,29,26],"value":{"type":"typed","typed":{"moduleNameAndName":{"range":[29,12,29,21],"value":{"moduleName":[],"name":"Attribute"}},"args":[{"range":[29,22,29,25],"value":{"type":"generic","generic":{"value":"msg"}}}]}}}]}}},"right":{"range":[29,30,29,68],"value":{"type":"function","function":{"left":{"range":[29,30,29,53],"value":{"type":"tupled","tupled":{"values":[{"range":[29,32,29,38],"value":{"type":"typed","typed":{"moduleNameAndName":{"range":[29,32,29,38],"value":{"moduleName":[],"name":"String"}},"args":[]}}},{"range":[29,40,29,51],"value":{"type":"typed","typed":{"moduleNameAndName":{"range":[29,40,29,47],"value":{"moduleName":[],"name":"Element"}},"args":[{"range":[29,48,29,51],"value":{"type":"generic","generic":{"value":"msg"}}}]}}}]}}},"right":{"range":[29,57,29,68],"value":{"type":"typed","typed":{"moduleNameAndName":{"range":[29,57,29,64],"value":{"moduleName":[],"name":"Element"}},"args":[{"range":[29,65,29,68],"value":{"type":"generic","generic":{"value":"msg"}}}]}}}}}}}}}}},"declaration":{"range":[30,1,38,35],"value":{"name":{"range":[30,1,30,3],"value":"el"},"arguments":[{"range":[30,4,30,9],"value":{"type":"var","var":{"value":"attrs"}}},{"range":[30,10,30,15],"value":{"type":"var","var":{"value":"child"}}}],"expression":{"range":[31,5,38,35],"value":{"type":"application","application":[{"range":[31,5,31,21],"value":{"type":"functionOrValue","functionOrValue":{"moduleName":["Internal"],"name":"element"}}},{"range":[32,9,32,22],"value":{"type":"functionOrValue","functionOrValue":{"moduleName":["Internal"],"name":"asEl"}}},{"range":[33,9,33,21],"value":{"type":"functionOrValue","functionOrValue":{"moduleName":["Internal"],"name":"div"}}},{"range":[34,9,37,10],"value":{"type":"parenthesized","parenthesized":{"range":[34,10,36,21],"value":{"type":"application","application":[{"range":[34,10,34,15],"value":{"type":"functionOrValue","functionOrValue":{"moduleName":[],"name":"width"}}},{"range":[34,16,34,22],"value":{"type":"functionOrValue","functionOrValue":{"moduleName":[],"name":"shrink"}}},{"range":[35,13,35,15],"value":{"type":"operator","operator":"::"}},{"range":[35,16,35,22],"value":{"type":"functionOrValue","functionOrValue":{"moduleName":[],"name":"height"}}},{"range":[35,23,35,29],"value":{"type":"functionOrValue","functionOrValue":{"moduleName":[],"name":"shrink"}}},{"range":[36,13,36,15],"value":{"type":"operator","operator":"::"}},{"range":[36,16,36,21],"value":{"type":"functionOrValue","functionOrValue":{"moduleName":[],"name":"attrs"}}}]}}}},{"range":[38,9,38,35],"value":{"type":"parenthesized","parenthesized":{"range":[38,10,38,34],"value":{"type":"application","application":[{"range":[38,10,38,24],"value":{"type":"functionOrValue","functionOrValue":{"moduleName":["Internal"],"name":"Keyed"}}},{"range":[38,25,38,34],"value":{"type":"list","list":[{"range":[38,27,38,32],"value":{"type":"functionOrValue","functionOrValue":{"moduleName":[],"name":"child"}}}]}}]}}}}]}}}}}}},{"range":[42,1,52,34],"value":{"type":"function","function":{"documentation":null,"signature":{"range":[42,1,42,74],"value":{"name":{"range":[42,1,42,4],"value":"row"},"typeAnnotation":{"range":[42,7,42,74],"value":{"type":"function","function":{"left":{"range":[42,7,42,27],"value":{"type":"typed","typed":{"moduleNameAndName":{"range":[42,7,42,11],"value":{"moduleName":[],"name":"List"}},"args":[{"range":[42,12,42,27],"value":{"type":"typed","typed":{"moduleNameAndName":{"range":[42,13,42,22],"value":{"moduleName":[],"name":"Attribute"}},"args":[{"range":[42,23,42,26],"value":{"type":"generic","generic":{"value":"msg"}}}]}}}]}}},"right":{"range":[42,31,42,74],"value":{"type":"function","function":{"left":{"range":[42,31,42,59],"value":{"type":"typed","typed":{"moduleNameAndName":{"range":[42,31,42,35],"value":{"moduleName":[],"name":"List"}},"args":[{"range":[42,36,42,59],"value":{"type":"tupled","tupled":{"values":[{"range":[42,38,42,44],"value":{"type":"typed","typed":{"moduleNameAndName":{"range":[42,38,42,44],"value":{"moduleName":[],"name":"String"}},"args":[]}}},{"range":[42,46,42,57],"value":{"type":"typed","typed":{"moduleNameAndName":{"range":[42,46,42,53],"value":{"moduleName":[],"name":"Element"}},"args":[{"range":[42,54,42,57],"value":{"type":"generic","generic":{"value":"msg"}}}]}}}]}}}]}}},"right":{"range":[42,63,42,74],"value":{"type":"typed","typed":{"moduleNameAndName":{"range":[42,63,42,70],"value":{"moduleName":[],"name":"Element"}},"args":[{"range":[42,71,42,74],"value":{"type":"generic","generic":{"value":"msg"}}}]}}}}}}}}}}},"declaration":{"range":[43,1,52,34],"value":{"name":{"range":[43,1,43,4],"value":"row"},"arguments":[{"range":[43,5,43,10],"value":{"type":"var","var":{"value":"attrs"}}},{"range":[43,11,43,19],"value":{"type":"var","var":{"value":"children"}}}],"expression":{"range":[44,5,52,34],"value":{"type":"application","application":[{"range":[44,5,44,21],"value":{"type":"functionOrValue","functionOrValue":{"moduleName":["Internal"],"name":"element"}}},{"range":[45,9,45,23],"value":{"type":"functionOrValue","functionOrValue":{"moduleName":["Internal"],"name":"asRow"}}},{"range":[46,9,46,21],"value":{"type":"functionOrValue","functionOrValue":{"moduleName":["Internal"],"name":"div"}}},{"range":[47,9,51,10],"value":{"type":"parenthesized","parenthesized":{"range":[47,10,50,21],"value":{"type":"application","application":[{"range":[47,10,47,28],"value":{"type":"functionOrValue","functionOrValue":{"moduleName":["Internal"],"name":"htmlClass"}}},{"range":[47,29,47,83],"value":{"type":"parenthesized","parenthesized":{"range":[47,37,47,82],"value":{"type":"application","application":[{"range":[47,37,47,49],"value":{"type":"recordAccess","recordAccess":{"expression":{"range":[47,30,47,37],"value":{"type":"functionOrValue","functionOrValue":{"moduleName":[],"name":"classes"}}},"name":{"range":[47,38,47,49],"value":"contentLeft"}}}},{"range":[47,50,47,52],"value":{"type":"operator","operator":"++"}},{"range":[47,53,47,56],"value":{"type":"literal","literal":" "}},{"range":[47,57,47,59],"value":{"type":"operator","operator":"++"}},{"range":[47,67,47,82],"value":{"type":"recordAccess","recordAccess":{"expression":{"range":[47,60,47,67],"value":{"type":"functionOrValue","functionOrValue":{"moduleName":[],"name":"classes"}}},"name":{"range":[47,68,47,82],"value":"contentCenterY"}}}}]}}}},{"range":[48,13,48,15],"value":{"type":"operator","operator":"::"}},{"range":[48,16,48,21],"value":{"type":"functionOrValue","functionOrValue":{"moduleName":[],"name":"width"}}},{"range":[48,22,48,28],"value":{"type":"functionOrValue","functionOrValue":{"moduleName":[],"name":"shrink"}}},{"range":[49,13,49,15],"value":{"type":"operator","operator":"::"}},{"range":[49,16,49,22],"value":{"type":"functionOrValue","functionOrValue":{"moduleName":[],"name":"height"}}},{"range":[49,23,49,29],"value":{"type":"functionOrValue","functionOrValue":{"moduleName":[],"name":"shrink"}}},{"range":[50,13,50,15],"value":{"type":"operator","operator":"::"}},{"range":[50,16,50,21],"value":{"type":"functionOrValue","functionOrValue":{"moduleName":[],"name":"attrs"}}}]}}}},{"range":[52,9,52,34],"value":{"type":"parenthesized","parenthesized":{"range":[52,10,52,33],"value":{"type":"application","application":[{"range":[52,10,52,24],"value":{"type":"functionOrValue","functionOrValue":{"moduleName":["Internal"],"name":"Keyed"}}},{"range":[52,25,52,33],"value":{"type":"functionOrValue","functionOrValue":{"moduleName":[],"name":"children"}}}]}}}}]}}}}}}},{"range":[56,1,70,34],"value":{"type":"function","function":{"documentation":null,"signature":{"range":[56,1,56,77],"value":{"name":{"range":[56,1,56,7],"value":"column"},"typeAnnotation":{"range":[56,10,56,77],"value":{"type":"function","function":{"left":{"range":[56,10,56,30],"value":{"type":"typed","typed":{"moduleNameAndName":{"range":[56,10,56,14],"value":{"moduleName":[],"name":"List"}},"args":[{"range":[56,15,56,30],"value":{"type":"typed","typed":{"moduleNameAndName":{"range":[56,16,56,25],"value":{"moduleName":[],"name":"Attribute"}},"args":[{"range":[56,26,56,29],"value":{"type":"generic","generic":{"value":"msg"}}}]}}}]}}},"right":{"range":[56,34,56,77],"value":{"type":"function","function":{"left":{"range":[56,34,56,62],"value":{"type":"typed","typed":{"moduleNameAndName":{"range":[56,34,56,38],"value":{"moduleName":[],"name":"List"}},"args":[{"range":[56,39,56,62],"value":{"type":"tupled","tupled":{"values":[{"range":[56,41,56,47],"value":{"type":"typed","typed":{"moduleNameAndName":{"range":[56,41,56,47],"value":{"moduleName":[],"name":"String"}},"args":[]}}},{"range":[56,49,56,60],"value":{"type":"typed","typed":{"moduleNameAndName":{"range":[56,49,56,56],"value":{"moduleName":[],"name":"Element"}},"args":[{"range":[56,57,56,60],"value":{"type":"generic","generic":{"value":"msg"}}}]}}}]}}}]}}},"right":{"range":[56,66,56,77],"value":{"type":"typed","typed":{"moduleNameAndName":{"range":[56,66,56,73],"value":{"moduleName":[],"name":"Element"}},"args":[{"range":[56,74,56,77],"value":{"type":"generic","generic":{"value":"msg"}}}]}}}}}}}}}}},"declaration":{"range":[57,1,70,34],"value":{"name":{"range":[57,1,57,7],"value":"column"},"arguments":[{"range":[57,8,57,13],"value":{"type":"var","var":{"value":"attrs"}}},{"range":[57,14,57,22],"value":{"type":"var","var":{"value":"children"}}}],"expression":{"range":[58,5,70,34],"value":{"type":"application","application":[{"range":[58,5,58,21],"value":{"type":"functionOrValue","functionOrValue":{"moduleName":["Internal"],"name":"element"}}},{"range":[59,9,59,26],"value":{"type":"functionOrValue","functionOrValue":{"moduleName":["Internal"],"name":"asColumn"}}},{"range":[60,9,60,21],"value":{"type":"functionOrValue","functionOrValue":{"moduleName":["Internal"],"name":"div"}}},{"range":[61,9,69,10],"value":{"type":"parenthesized","parenthesized":{"range":[61,10,68,21],"value":{"type":"application","application":[{"range":[61,10,61,28],"value":{"type":"functionOrValue","functionOrValue":{"moduleName":["Internal"],"name":"htmlClass"}}},{"range":[62,13,65,14],"value":{"type":"parenthesized","parenthesized":{"range":[62,21,64,39],"value":{"type":"application","application":[{"range":[62,21,62,32],"value":{"type":"recordAccess","recordAccess":{"expression":{"range":[62,14,62,21],"value":{"type":"functionOrValue","functionOrValue":{"moduleName":[],"name":"classes"}}},"name":{"range":[62,22,62,32],"value":"contentTop"}}}},{"range":[63,17,63,19],"value":{"type":"operator","operator":"++"}},{"range":[63,20,63,23],"value":{"type":"literal","literal":" "}},{"range":[64,17,64,19],"value":{"type":"operator","operator":"++"}},{"range":[64,27,64,39],"value":{"type":"recordAccess","recordAccess":{"expression":{"range":[64,20,64,27],"value":{"type":"functionOrValue","functionOrValue":{"moduleName":[],"name":"classes"}}},"name":{"range":[64,28,64,39],"value":"contentLeft"}}}}]}}}},{"range":[66,13,66,15],"value":{"type":"operator","operator":"::"}},{"range":[66,16,66,22],"value":{"type":"functionOrValue","functionOrValue":{"moduleName":[],"name":"height"}}},{"range":[66,23,66,29],"value":{"type":"functionOrValue","functionOrValue":{"moduleName":[],"name":"shrink"}}},{"range":[67,13,67,15],"value":{"type":"operator","operator":"::"}},{"range":[67,16,67,21],"value":{"type":"functionOrValue","functionOrValue":{"moduleName":[],"name":"width"}}},{"range":[67,22,67,28],"value":{"type":"functionOrValue","functionOrValue":{"moduleName":[],"name":"shrink"}}},{"range":[68,13,68,15],"value":{"type":"operator","operator":"::"}},{"range":[68,16,68,21],"value":{"type":"functionOrValue","functionOrValue":{"moduleName":[],"name":"attrs"}}}]}}}},{"range":[70,9,70,34],"value":{"type":"parenthesized","parenthesized":{"range":[70,10,70,33],"value":{"type":"application","application":[{"range":[70,10,70,24],"value":{"type":"functionOrValue","functionOrValue":{"moduleName":["Internal"],"name":"Keyed"}}},{"range":[70,25,70,33],"value":{"type":"functionOrValue","functionOrValue":{"moduleName":[],"name":"children"}}}]}}}}]}}}}}}}],"comments":[{"range":[55,1,55,7],"value":"{-| -}"},{"range":[41,1,41,7],"value":"{-| -}"},{"range":[28,1,28,7],"value":"{-| -}"},{"range":[3,1,21,3],"value":"{-| Notes from the `Html.Keyed` on how keyed works:\n\n---\n\nA keyed node helps optimize cases where children are getting added, moved, removed, etc. Common examples include:\n\n  - The user can delete items from a list.\n  - The user can create new items in a list.\n  - You can sort a list based on name or date or whatever.\n\nWhen you use a keyed node, every child is paired with a string identifier. This makes it possible for the underlying diffing algorithm to reuse nodes more efficiently.\n\nThis means if a key is changed between renders, then the diffing step will be skipped and the node will be forced to rerender.\n\n---\n\n@docs el, column, row\n\n-}"}]}