{
    "version": "1.0.0",
    "summary": "helpful summary of your project, less than 80 characters",
    "repository": "https://github.com/user/project.git",
    "license": "BSD3",
    "source-directories": [
        "src"
    ],
    "exposed-modules": [],
    "dependencies": {
        "elm-lang/core": "4.0.5 <= v < 5.0.0",
        "elm-lang/html": "1.1.0 <= v < 2.0.0",
        "elm-lang/keyboard": "1.0.0 <= v < 2.0.0",
        "elm-lang/mouse": "1.0.0 <= v < 2.0.0"
    },
    "elm-version": "0.17.1 <= v < 0.18.0"
}
