{"moduleDefinition":{"range":[2,1,2,27],"value":{"type":"normal","normal":{"moduleName":{"range":[2,8,2,13],"value":["Clock"]},"exposingList":{"range":[2,14,2,27],"value":{"type":"all","all":[2,24,2,26]}}}}},"imports":[{"range":[4,1,4,15],"value":{"moduleName":{"range":[4,8,4,15],"value":["Browser"]},"moduleAlias":null,"exposingList":null}},{"range":[5,1,5,26],"value":{"moduleName":{"range":[5,8,5,12],"value":["Html"]},"moduleAlias":null,"exposingList":{"range":[5,13,5,26],"value":{"type":"all","all":[5,23,5,25]}}}},{"range":[6,1,6,12],"value":{"moduleName":{"range":[6,8,6,12],"value":["Task"]},"moduleAlias":null,"exposingList":null}},{"range":[7,1,7,12],"value":{"moduleName":{"range":[7,8,7,12],"value":["Time"]},"moduleAlias":null,"exposingList":null}},{"range":[8,1,8,38],"value":{"moduleName":{"range":[8,8,8,19],"value":["Html","Events"]},"moduleAlias":null,"exposingList":{"range":[8,20,8,38],"value":{"type":"explicit","explicit":[{"range":[8,30,8,37],"value":{"type":"function","function":{"name":"onClick"}}}]}}}}],"declarations":[{"range":[10,1,10,100],"value":{"type":"function","function":{"documentation":null,"signature":null,"declaration":{"range":[10,1,10,100],"value":{"name":{"range":[10,1,10,5],"value":"main"},"arguments":[],"expression":{"range":[10,8,10,100],"value":{"type":"application","application":[{"range":[10,8,10,23],"value":{"type":"functionOrValue","functionOrValue":{"moduleName":["Browser"],"name":"element"}}},{"range":[10,24,10,100],"value":{"type":"record","record":[{"range":[10,26,10,37],"value":{"field":{"range":[10,26,10,30],"value":"init"},"expression":{"range":[10,33,10,37],"value":{"type":"functionOrValue","functionOrValue":{"moduleName":[],"name":"init"}}}}},{"range":[10,39,10,50],"value":{"field":{"range":[10,39,10,43],"value":"view"},"expression":{"range":[10,46,10,50],"value":{"type":"functionOrValue","functionOrValue":{"moduleName":[],"name":"view"}}}}},{"range":[10,52,10,67],"value":{"field":{"range":[10,52,10,58],"value":"update"},"expression":{"range":[10,61,10,67],"value":{"type":"functionOrValue","functionOrValue":{"moduleName":[],"name":"update"}}}}},{"range":[10,69,10,99],"value":{"field":{"range":[10,69,10,82],"value":"subscriptions"},"expression":{"range":[10,85,10,98],"value":{"type":"functionOrValue","functionOrValue":{"moduleName":[],"name":"subscriptions"}}}}}]}}]}}}}}}},{"range":[12,1,12,53],"value":{"type":"typeAlias","typeAlias":{"documentation":null,"name":{"range":[12,12,12,13],"value":"T"},"generics":[],"typeAnnotation":{"range":[12,16,12,53],"value":{"type":"record","record":{"value":[{"range":[12,18,12,33],"value":{"name":{"range":[12,18,12,22],"value":"zone"},"typeAnnotation":{"range":[12,24,12,33],"value":{"type":"typed","typed":{"moduleNameAndName":{"range":[12,24,12,33],"value":{"moduleName":["Time"],"name":"Zone"}},"args":[]}}}}},{"range":[12,33,12,52],"value":{"name":{"range":[12,35,12,39],"value":"time"},"typeAnnotation":{"range":[12,41,12,51],"value":{"type":"typed","typed":{"moduleNameAndName":{"range":[12,41,12,51],"value":{"moduleName":["Time"],"name":"Posix"}},"args":[]}}}}}]}}}}}},{"range":[13,1,13,46],"value":{"type":"typeAlias","typeAlias":{"documentation":null,"name":{"range":[13,12,13,17],"value":"Model"},"generics":[],"typeAnnotation":{"range":[13,20,13,46],"value":{"type":"record","record":{"value":[{"range":[13,22,13,30],"value":{"name":{"range":[13,22,13,27],"value":"value"},"typeAnnotation":{"range":[13,29,13,30],"value":{"type":"typed","typed":{"moduleNameAndName":{"range":[13,29,13,30],"value":{"moduleName":[],"name":"T"}},"args":[]}}}}},{"range":[13,30,13,45],"value":{"name":{"range":[13,32,13,38],"value":"paused"},"typeAnnotation":{"range":[13,40,13,44],"value":{"type":"typed","typed":{"moduleNameAndName":{"range":[13,40,13,44],"value":{"moduleName":[],"name":"Bool"}},"args":[]}}}}}]}}}}}},{"range":[15,1,16,97],"value":{"type":"function","function":{"documentation":null,"signature":{"range":[15,1,15,29],"value":{"name":{"range":[15,1,15,5],"value":"init"},"typeAnnotation":{"range":[15,7,15,29],"value":{"type":"function","function":{"left":{"range":[15,7,15,9],"value":{"type":"unit","unit":{}}},"right":{"range":[15,13,15,29],"value":{"type":"tupled","tupled":{"values":[{"range":[15,14,15,19],"value":{"type":"typed","typed":{"moduleNameAndName":{"range":[15,14,15,19],"value":{"moduleName":[],"name":"Model"}},"args":[]}}},{"range":[15,21,15,28],"value":{"type":"typed","typed":{"moduleNameAndName":{"range":[15,21,15,24],"value":{"moduleName":[],"name":"Cmd"}},"args":[{"range":[15,25,15,28],"value":{"type":"typed","typed":{"moduleNameAndName":{"range":[15,25,15,28],"value":{"moduleName":[],"name":"Msg"}},"args":[]}}}]}}}]}}}}}}}},"declaration":{"range":[16,1,16,97],"value":{"name":{"range":[16,1,16,5],"value":"init"},"arguments":[{"range":[16,6,16,7],"value":{"type":"all","all":{}}}],"expression":{"range":[16,10,16,97],"value":{"type":"tupled","tupled":[{"range":[16,11,16,57],"value":{"type":"application","application":[{"range":[16,11,16,16],"value":{"type":"functionOrValue","functionOrValue":{"moduleName":[],"name":"Model"}}},{"range":[16,17,16,51],"value":{"type":"parenthesized","parenthesized":{"range":[16,18,16,50],"value":{"type":"application","application":[{"range":[16,18,16,19],"value":{"type":"functionOrValue","functionOrValue":{"moduleName":[],"name":"T"}}},{"range":[16,20,16,28],"value":{"type":"functionOrValue","functionOrValue":{"moduleName":["Time"],"name":"utc"}}},{"range":[16,28,16,50],"value":{"type":"parenthesized","parenthesized":{"range":[16,29,16,49],"value":{"type":"application","application":[{"range":[16,29,16,47],"value":{"type":"functionOrValue","functionOrValue":{"moduleName":["Time"],"name":"millisToPosix"}}},{"range":[16,48,16,49],"value":{"type":"integer","integer":0}}]}}}}]}}}},{"range":[16,52,16,57],"value":{"type":"functionOrValue","functionOrValue":{"moduleName":[],"name":"False"}}}]}},{"range":[16,59,16,96],"value":{"type":"application","application":[{"range":[16,59,16,71],"value":{"type":"functionOrValue","functionOrValue":{"moduleName":["Task"],"name":"perform"}}},{"range":[16,72,16,86],"value":{"type":"functionOrValue","functionOrValue":{"moduleName":[],"name":"AdjustTimeZone"}}},{"range":[16,87,16,96],"value":{"type":"functionOrValue","functionOrValue":{"moduleName":["Time"],"name":"here"}}}]}}]}}}}}}},{"range":[18,1,18,63],"value":{"type":"typedecl","typedecl":{"documentation":null,"name":{"range":[18,6,18,9],"value":"Msg"},"generics":[],"constructors":[{"range":[18,12,18,27],"value":{"name":{"range":[18,12,18,16],"value":"Tick"},"arguments":[{"range":[18,17,18,27],"value":{"type":"typed","typed":{"moduleNameAndName":{"range":[18,17,18,27],"value":{"moduleName":["Time"],"name":"Posix"}},"args":[]}}}]}},{"range":[18,30,18,54],"value":{"name":{"range":[18,30,18,44],"value":"AdjustTimeZone"},"arguments":[{"range":[18,45,18,54],"value":{"type":"typed","typed":{"moduleNameAndName":{"range":[18,45,18,54],"value":{"moduleName":["Time"],"name":"Zone"}},"args":[]}}}]}},{"range":[18,57,18,63],"value":{"name":{"range":[18,57,18,63],"value":"Toggle"},"arguments":[]}}]}}},{"range":[20,1,38,61],"value":{"type":"function","function":{"documentation":null,"signature":{"range":[20,1,20,41],"value":{"name":{"range":[20,1,20,7],"value":"update"},"typeAnnotation":{"range":[20,9,20,41],"value":{"type":"function","function":{"left":{"range":[20,9,20,12],"value":{"type":"typed","typed":{"moduleNameAndName":{"range":[20,9,20,12],"value":{"moduleName":[],"name":"Msg"}},"args":[]}}},"right":{"range":[20,16,20,41],"value":{"type":"function","function":{"left":{"range":[20,16,20,21],"value":{"type":"typed","typed":{"moduleNameAndName":{"range":[20,16,20,21],"value":{"moduleName":[],"name":"Model"}},"args":[]}}},"right":{"range":[20,25,20,41],"value":{"type":"tupled","tupled":{"values":[{"range":[20,26,20,31],"value":{"type":"typed","typed":{"moduleNameAndName":{"range":[20,26,20,31],"value":{"moduleName":[],"name":"Model"}},"args":[]}}},{"range":[20,33,20,40],"value":{"type":"typed","typed":{"moduleNameAndName":{"range":[20,33,20,36],"value":{"moduleName":[],"name":"Cmd"}},"args":[{"range":[20,37,20,40],"value":{"type":"typed","typed":{"moduleNameAndName":{"range":[20,37,20,40],"value":{"moduleName":[],"name":"Msg"}},"args":[]}}}]}}}]}}}}}}}}}}},"declaration":{"range":[21,1,38,61],"value":{"name":{"range":[21,1,21,7],"value":"update"},"arguments":[{"range":[21,8,21,11],"value":{"type":"var","var":{"value":"msg"}}},{"range":[21,12,21,17],"value":{"type":"var","var":{"value":"model"}}}],"expression":{"range":[22,5,38,61],"value":{"type":"case","case":{"cases":[{"pattern":{"range":[23,9,23,21],"value":{"type":"named","named":{"qualified":{"moduleName":[],"name":"Tick"},"patterns":[{"range":[23,14,23,21],"value":{"type":"var","var":{"value":"newTime"}}}]}}},"expression":{"range":[24,13,30,9],"value":{"type":"let","let":{"declarations":[{"range":[25,17,26,13],"value":{"type":"function","function":{"documentation":null,"signature":null,"declaration":{"range":[25,17,25,39],"value":{"name":{"range":[25,17,25,25],"value":"oldValue"},"arguments":[],"expression":{"range":[25,33,25,39],"value":{"type":"recordAccess","recordAccess":{"expression":{"range":[25,28,25,33],"value":{"type":"functionOrValue","functionOrValue":{"moduleName":[],"name":"model"}}},"name":{"range":[25,34,25,39],"value":"value"}}}}}}}}}],"expression":{"range":[27,17,29,18],"value":{"type":"tupled","tupled":[{"range":[27,18,27,65],"value":{"type":"recordUpdate","recordUpdate":{"name":{"range":[27,20,27,25],"value":"model"},"updates":[{"range":[27,28,27,64],"value":{"field":{"range":[27,28,27,33],"value":"value"},"expression":{"range":[27,36,27,64],"value":{"type":"recordUpdate","recordUpdate":{"name":{"range":[27,38,27,46],"value":"oldValue"},"updates":[{"range":[27,49,27,63],"value":{"field":{"range":[27,49,27,53],"value":"time"},"expression":{"range":[27,56,27,63],"value":{"type":"functionOrValue","functionOrValue":{"moduleName":[],"name":"newTime"}}}}}]}}}}}]}}},{"range":[28,19,28,27],"value":{"type":"functionOrValue","functionOrValue":{"moduleName":["Cmd"],"name":"none"}}}]}}}}}},{"pattern":{"range":[30,9,30,31],"value":{"type":"named","named":{"qualified":{"moduleName":[],"name":"AdjustTimeZone"},"patterns":[{"range":[30,24,30,31],"value":{"type":"var","var":{"value":"newZone"}}}]}}},"expression":{"range":[31,13,37,9],"value":{"type":"let","let":{"declarations":[{"range":[32,17,33,13],"value":{"type":"function","function":{"documentation":null,"signature":null,"declaration":{"range":[32,17,32,39],"value":{"name":{"range":[32,17,32,25],"value":"oldValue"},"arguments":[],"expression":{"range":[32,33,32,39],"value":{"type":"recordAccess","recordAccess":{"expression":{"range":[32,28,32,33],"value":{"type":"functionOrValue","functionOrValue":{"moduleName":[],"name":"model"}}},"name":{"range":[32,34,32,39],"value":"value"}}}}}}}}}],"expression":{"range":[34,17,36,18],"value":{"type":"tupled","tupled":[{"range":[34,18,34,65],"value":{"type":"recordUpdate","recordUpdate":{"name":{"range":[34,20,34,25],"value":"model"},"updates":[{"range":[34,28,34,64],"value":{"field":{"range":[34,28,34,33],"value":"value"},"expression":{"range":[34,36,34,64],"value":{"type":"recordUpdate","recordUpdate":{"name":{"range":[34,38,34,46],"value":"oldValue"},"updates":[{"range":[34,49,34,63],"value":{"field":{"range":[34,49,34,53],"value":"zone"},"expression":{"range":[34,56,34,63],"value":{"type":"functionOrValue","functionOrValue":{"moduleName":[],"name":"newZone"}}}}}]}}}}}]}}},{"range":[35,19,35,27],"value":{"type":"functionOrValue","functionOrValue":{"moduleName":["Cmd"],"name":"none"}}}]}}}}}},{"pattern":{"range":[37,9,37,15],"value":{"type":"named","named":{"qualified":{"moduleName":[],"name":"Toggle"},"patterns":[]}}},"expression":{"range":[38,13,38,61],"value":{"type":"tupled","tupled":[{"range":[38,14,38,50],"value":{"type":"recordUpdate","recordUpdate":{"name":{"range":[38,16,38,21],"value":"model"},"updates":[{"range":[38,24,38,49],"value":{"field":{"range":[38,24,38,30],"value":"paused"},"expression":{"range":[38,33,38,49],"value":{"type":"application","application":[{"range":[38,33,38,36],"value":{"type":"functionOrValue","functionOrValue":{"moduleName":[],"name":"not"}}},{"range":[38,42,38,49],"value":{"type":"recordAccess","recordAccess":{"expression":{"range":[38,37,38,42],"value":{"type":"functionOrValue","functionOrValue":{"moduleName":[],"name":"model"}}},"name":{"range":[38,43,38,49],"value":"paused"}}}}]}}}}]}}},{"range":[38,52,38,60],"value":{"type":"functionOrValue","functionOrValue":{"moduleName":["Cmd"],"name":"none"}}}]}}}],"expression":{"range":[22,10,22,13],"value":{"type":"functionOrValue","functionOrValue":{"moduleName":[],"name":"msg"}}}}}}}}}}},{"range":[41,1,49,1],"value":{"type":"function","function":{"documentation":null,"signature":{"range":[41,1,41,32],"value":{"name":{"range":[41,1,41,14],"value":"subscriptions"},"typeAnnotation":{"range":[41,16,41,32],"value":{"type":"function","function":{"left":{"range":[41,16,41,21],"value":{"type":"typed","typed":{"moduleNameAndName":{"range":[41,16,41,21],"value":{"moduleName":[],"name":"Model"}},"args":[]}}},"right":{"range":[41,25,41,32],"value":{"type":"typed","typed":{"moduleNameAndName":{"range":[41,25,41,28],"value":{"moduleName":[],"name":"Sub"}},"args":[{"range":[41,29,41,32],"value":{"type":"typed","typed":{"moduleNameAndName":{"range":[41,29,41,32],"value":{"moduleName":[],"name":"Msg"}},"args":[]}}}]}}}}}}}},"declaration":{"range":[42,1,49,1],"value":{"name":{"range":[42,1,42,14],"value":"subscriptions"},"arguments":[{"range":[42,15,42,20],"value":{"type":"var","var":{"value":"model"}}}],"expression":{"range":[43,5,49,1],"value":{"type":"ifBlock","ifBlock":{"clause":{"range":[43,13,43,20],"value":{"type":"recordAccess","recordAccess":{"expression":{"range":[43,8,43,13],"value":{"type":"functionOrValue","functionOrValue":{"moduleName":[],"name":"model"}}},"name":{"range":[43,14,43,20],"value":"paused"}}}},"then":{"range":[44,9,44,17],"value":{"type":"functionOrValue","functionOrValue":{"moduleName":["Sub"],"name":"none"}}},"else":{"range":[46,9,46,29],"value":{"type":"application","application":[{"range":[46,9,46,19],"value":{"type":"functionOrValue","functionOrValue":{"moduleName":["Time"],"name":"every"}}},{"range":[46,20,46,24],"value":{"type":"integer","integer":1000}},{"range":[46,25,46,29],"value":{"type":"functionOrValue","functionOrValue":{"moduleName":[],"name":"Tick"}}}]}}}}}}}}}},{"range":[49,1,59,6],"value":{"type":"function","function":{"documentation":null,"signature":{"range":[49,1,49,24],"value":{"name":{"range":[49,1,49,5],"value":"view"},"typeAnnotation":{"range":[49,7,49,24],"value":{"type":"function","function":{"left":{"range":[49,7,49,12],"value":{"type":"typed","typed":{"moduleNameAndName":{"range":[49,7,49,12],"value":{"moduleName":[],"name":"Model"}},"args":[]}}},"right":{"range":[49,16,49,24],"value":{"type":"typed","typed":{"moduleNameAndName":{"range":[49,16,49,20],"value":{"moduleName":[],"name":"Html"}},"args":[{"range":[49,21,49,24],"value":{"type":"typed","typed":{"moduleNameAndName":{"range":[49,21,49,24],"value":{"moduleName":[],"name":"Msg"}},"args":[]}}}]}}}}}}}},"declaration":{"range":[50,1,59,6],"value":{"name":{"range":[50,1,50,5],"value":"view"},"arguments":[{"range":[50,6,50,11],"value":{"type":"var","var":{"value":"model"}}}],"expression":{"range":[51,5,59,6],"value":{"type":"application","application":[{"range":[51,5,51,8],"value":{"type":"functionOrValue","functionOrValue":{"moduleName":[],"name":"div"}}},{"range":[51,9,51,11],"value":{"type":"list","list":[]}},{"range":[51,12,59,6],"value":{"type":"list","list":[{"range":[52,9,52,80],"value":{"type":"application","application":[{"range":[52,9,52,15],"value":{"type":"functionOrValue","functionOrValue":{"moduleName":[],"name":"button"}}},{"range":[52,16,52,34],"value":{"type":"list","list":[{"range":[52,18,52,32],"value":{"type":"application","application":[{"range":[52,18,52,25],"value":{"type":"functionOrValue","functionOrValue":{"moduleName":[],"name":"onClick"}}},{"range":[52,26,52,32],"value":{"type":"functionOrValue","functionOrValue":{"moduleName":[],"name":"Toggle"}}}]}}]}},{"range":[52,35,52,80],"value":{"type":"list","list":[{"range":[52,37,52,79],"value":{"type":"application","application":[{"range":[52,37,52,41],"value":{"type":"functionOrValue","functionOrValue":{"moduleName":[],"name":"text"}}},{"range":[52,42,52,79],"value":{"type":"parenthesized","parenthesized":{"range":[52,43,52,78],"value":{"type":"ifBlock","ifBlock":{"clause":{"range":[52,51,52,58],"value":{"type":"recordAccess","recordAccess":{"expression":{"range":[52,46,52,51],"value":{"type":"functionOrValue","functionOrValue":{"moduleName":[],"name":"model"}}},"name":{"range":[52,52,52,58],"value":"paused"}}}},"then":{"range":[52,64,52,68],"value":{"type":"literal","literal":"继续"}},"else":{"range":[52,74,52,78],"value":{"type":"literal","literal":"暂停"}}}}}}}]}}]}}]}},{"range":[53,9,59,5],"value":{"type":"let","let":{"declarations":[{"range":[54,13,55,13],"value":{"type":"function","function":{"documentation":null,"signature":null,"declaration":{"range":[54,13,54,87],"value":{"name":{"range":[54,13,54,17],"value":"hour"},"arguments":[],"expression":{"range":[54,23,54,87],"value":{"type":"application","application":[{"range":[54,23,54,37],"value":{"type":"functionOrValue","functionOrValue":{"moduleName":["String"],"name":"fromInt"}}},{"range":[54,38,54,87],"value":{"type":"parenthesized","parenthesized":{"range":[54,39,54,86],"value":{"type":"application","application":[{"range":[54,39,54,50],"value":{"type":"functionOrValue","functionOrValue":{"moduleName":["Time"],"name":"toHour"}}},{"range":[54,64,54,69],"value":{"type":"recordAccess","recordAccess":{"expression":{"range":[54,58,54,64],"value":{"type":"recordAccess","recordAccess":{"expression":{"range":[54,53,54,58],"value":{"type":"functionOrValue","functionOrValue":{"moduleName":[],"name":"model"}}},"name":{"range":[54,59,54,64],"value":"value"}}}},"name":{"range":[54,65,54,69],"value":"zone"}}}},{"range":[54,81,54,86],"value":{"type":"recordAccess","recordAccess":{"expression":{"range":[54,75,54,81],"value":{"type":"recordAccess","recordAccess":{"expression":{"range":[54,70,54,75],"value":{"type":"functionOrValue","functionOrValue":{"moduleName":[],"name":"model"}}},"name":{"range":[54,76,54,81],"value":"value"}}}},"name":{"range":[54,82,54,86],"value":"time"}}}}]}}}}]}}}}}}},{"range":[55,13,56,13],"value":{"type":"function","function":{"documentation":null,"signature":null,"declaration":{"range":[55,13,55,87],"value":{"name":{"range":[55,13,55,19],"value":"minute"},"arguments":[],"expression":{"range":[55,23,55,87],"value":{"type":"application","application":[{"range":[55,23,55,37],"value":{"type":"functionOrValue","functionOrValue":{"moduleName":["String"],"name":"fromInt"}}},{"range":[55,38,55,87],"value":{"type":"parenthesized","parenthesized":{"range":[55,39,55,86],"value":{"type":"application","application":[{"range":[55,39,55,52],"value":{"type":"functionOrValue","functionOrValue":{"moduleName":["Time"],"name":"toMinute"}}},{"range":[55,64,55,69],"value":{"type":"recordAccess","recordAccess":{"expression":{"range":[55,58,55,64],"value":{"type":"recordAccess","recordAccess":{"expression":{"range":[55,53,55,58],"value":{"type":"functionOrValue","functionOrValue":{"moduleName":[],"name":"model"}}},"name":{"range":[55,59,55,64],"value":"value"}}}},"name":{"range":[55,65,55,69],"value":"zone"}}}},{"range":[55,81,55,86],"value":{"type":"recordAccess","recordAccess":{"expression":{"range":[55,75,55,81],"value":{"type":"recordAccess","recordAccess":{"expression":{"range":[55,70,55,75],"value":{"type":"functionOrValue","functionOrValue":{"moduleName":[],"name":"model"}}},"name":{"range":[55,76,55,81],"value":"value"}}}},"name":{"range":[55,82,55,86],"value":"time"}}}}]}}}}]}}}}}}},{"range":[56,13,57,9],"value":{"type":"function","function":{"documentation":null,"signature":null,"declaration":{"range":[56,13,56,87],"value":{"name":{"range":[56,13,56,19],"value":"second"},"arguments":[],"expression":{"range":[56,23,56,87],"value":{"type":"application","application":[{"range":[56,23,56,37],"value":{"type":"functionOrValue","functionOrValue":{"moduleName":["String"],"name":"fromInt"}}},{"range":[56,38,56,87],"value":{"type":"parenthesized","parenthesized":{"range":[56,39,56,86],"value":{"type":"application","application":[{"range":[56,39,56,52],"value":{"type":"functionOrValue","functionOrValue":{"moduleName":["Time"],"name":"toSecond"}}},{"range":[56,64,56,69],"value":{"type":"recordAccess","recordAccess":{"expression":{"range":[56,58,56,64],"value":{"type":"recordAccess","recordAccess":{"expression":{"range":[56,53,56,58],"value":{"type":"functionOrValue","functionOrValue":{"moduleName":[],"name":"model"}}},"name":{"range":[56,59,56,64],"value":"value"}}}},"name":{"range":[56,65,56,69],"value":"zone"}}}},{"range":[56,81,56,86],"value":{"type":"recordAccess","recordAccess":{"expression":{"range":[56,75,56,81],"value":{"type":"recordAccess","recordAccess":{"expression":{"range":[56,70,56,75],"value":{"type":"functionOrValue","functionOrValue":{"moduleName":[],"name":"model"}}},"name":{"range":[56,76,56,81],"value":"value"}}}},"name":{"range":[56,82,56,86],"value":"time"}}}}]}}}}]}}}}}}}],"expression":{"range":[58,9,58,64],"value":{"type":"application","application":[{"range":[58,9,58,11],"value":{"type":"functionOrValue","functionOrValue":{"moduleName":[],"name":"h1"}}},{"range":[58,12,58,14],"value":{"type":"list","list":[]}},{"range":[58,15,58,64],"value":{"type":"list","list":[{"range":[58,17,58,63],"value":{"type":"application","application":[{"range":[58,17,58,21],"value":{"type":"functionOrValue","functionOrValue":{"moduleName":[],"name":"text"}}},{"range":[58,22,58,63],"value":{"type":"parenthesized","parenthesized":{"range":[58,24,58,62],"value":{"type":"application","application":[{"range":[58,24,58,28],"value":{"type":"functionOrValue","functionOrValue":{"moduleName":[],"name":"hour"}}},{"range":[58,29,58,31],"value":{"type":"operator","operator":"++"}},{"range":[58,32,58,35],"value":{"type":"literal","literal":":"}},{"range":[58,36,58,38],"value":{"type":"operator","operator":"++"}},{"range":[58,39,58,45],"value":{"type":"functionOrValue","functionOrValue":{"moduleName":[],"name":"minute"}}},{"range":[58,46,58,48],"value":{"type":"operator","operator":"++"}},{"range":[58,49,58,52],"value":{"type":"literal","literal":":"}},{"range":[58,53,58,55],"value":{"type":"operator","operator":"++"}},{"range":[58,56,58,62],"value":{"type":"functionOrValue","functionOrValue":{"moduleName":[],"name":"second"}}}]}}}}]}}]}}]}}}}}]}}]}}}}}}}],"comments":[]}