{"moduleDefinition":{"range":[2,1,2,31],"value":{"type":"normal","normal":{"moduleName":{"range":[2,8,2,17],"value":["TextField"]},"exposingList":{"range":[2,18,2,31],"value":{"type":"all","all":[2,28,2,30]}}}}},"imports":[{"range":[4,1,4,15],"value":{"moduleName":{"range":[4,8,4,15],"value":["Browser"]},"moduleAlias":null,"exposingList":null}},{"range":[5,1,5,57],"value":{"moduleName":{"range":[5,8,5,12],"value":["Html"]},"moduleAlias":null,"exposingList":{"range":[5,13,5,57],"value":{"type":"explicit","explicit":[{"range":[5,23,5,27],"value":{"type":"typeOrAlias","typeOrAlias":{"name":"Html"}}},{"range":[5,29,5,38],"value":{"type":"typeOrAlias","typeOrAlias":{"name":"Attribute"}}},{"range":[5,40,5,43],"value":{"type":"function","function":{"name":"div"}}},{"range":[5,45,5,50],"value":{"type":"function","function":{"name":"input"}}},{"range":[5,52,5,56],"value":{"type":"function","function":{"name":"text"}}}]}}}},{"range":[6,1,6,37],"value":{"moduleName":{"range":[6,8,6,23],"value":["Html","Attributes"]},"moduleAlias":null,"exposingList":{"range":[6,24,6,37],"value":{"type":"all","all":[6,34,6,36]}}}},{"range":[7,1,7,38],"value":{"moduleName":{"range":[7,8,7,19],"value":["Html","Events"]},"moduleAlias":null,"exposingList":{"range":[7,20,7,38],"value":{"type":"explicit","explicit":[{"range":[7,30,7,37],"value":{"type":"function","function":{"name":"onInput"}}}]}}}}],"declarations":[{"range":[9,1,9,68],"value":{"type":"function","function":{"documentation":null,"signature":null,"declaration":{"range":[9,1,9,68],"value":{"name":{"range":[9,1,9,5],"value":"main"},"arguments":[],"expression":{"range":[9,8,9,68],"value":{"type":"application","application":[{"range":[9,8,9,23],"value":{"type":"functionOrValue","functionOrValue":{"moduleName":["Browser"],"name":"sandbox"}}},{"range":[9,24,9,68],"value":{"type":"record","record":[{"range":[9,26,9,37],"value":{"field":{"range":[9,26,9,30],"value":"init"},"expression":{"range":[9,33,9,37],"value":{"type":"functionOrValue","functionOrValue":{"moduleName":[],"name":"init"}}}}},{"range":[9,39,9,54],"value":{"field":{"range":[9,39,9,45],"value":"update"},"expression":{"range":[9,48,9,54],"value":{"type":"functionOrValue","functionOrValue":{"moduleName":[],"name":"update"}}}}},{"range":[9,56,9,67],"value":{"field":{"range":[9,56,9,60],"value":"view"},"expression":{"range":[9,63,9,67],"value":{"type":"functionOrValue","functionOrValue":{"moduleName":[],"name":"view"}}}}}]}}]}}}}}}},{"range":[11,1,12,24],"value":{"type":"typeAlias","typeAlias":{"documentation":null,"name":{"range":[11,12,11,17],"value":"Model"},"generics":[],"typeAnnotation":{"range":[12,5,12,24],"value":{"type":"record","record":{"value":[{"range":[12,7,12,22],"value":{"name":{"range":[12,7,12,14],"value":"content"},"typeAnnotation":{"range":[12,16,12,22],"value":{"type":"typed","typed":{"moduleNameAndName":{"range":[12,16,12,22],"value":{"moduleName":[],"name":"String"}},"args":[]}}}}}]}}}}}},{"range":[14,1,15,24],"value":{"type":"function","function":{"documentation":null,"signature":{"range":[14,1,14,13],"value":{"name":{"range":[14,1,14,5],"value":"init"},"typeAnnotation":{"range":[14,8,14,13],"value":{"type":"typed","typed":{"moduleNameAndName":{"range":[14,8,14,13],"value":{"moduleName":[],"name":"Model"}},"args":[]}}}}},"declaration":{"range":[15,1,15,24],"value":{"name":{"range":[15,1,15,5],"value":"init"},"arguments":[],"expression":{"range":[15,8,15,24],"value":{"type":"record","record":[{"range":[15,10,15,22],"value":{"field":{"range":[15,10,15,17],"value":"content"},"expression":{"range":[15,20,15,22],"value":{"type":"literal","literal":""}}}}]}}}}}}},{"range":[18,1,18,25],"value":{"type":"typedecl","typedecl":{"documentation":null,"name":{"range":[18,6,18,9],"value":"Msg"},"generics":[],"constructors":[{"range":[18,12,18,25],"value":{"name":{"range":[18,12,18,18],"value":"Change"},"arguments":[{"range":[18,19,18,25],"value":{"type":"typed","typed":{"moduleNameAndName":{"range":[18,19,18,25],"value":{"moduleName":[],"name":"String"}},"args":[]}}}]}}]}}},{"range":[20,1,24,45],"value":{"type":"function","function":{"documentation":null,"signature":{"range":[20,1,20,30],"value":{"name":{"range":[20,1,20,7],"value":"update"},"typeAnnotation":{"range":[20,9,20,30],"value":{"type":"function","function":{"left":{"range":[20,9,20,12],"value":{"type":"typed","typed":{"moduleNameAndName":{"range":[20,9,20,12],"value":{"moduleName":[],"name":"Msg"}},"args":[]}}},"right":{"range":[20,16,20,30],"value":{"type":"function","function":{"left":{"range":[20,16,20,21],"value":{"type":"typed","typed":{"moduleNameAndName":{"range":[20,16,20,21],"value":{"moduleName":[],"name":"Model"}},"args":[]}}},"right":{"range":[20,25,20,30],"value":{"type":"typed","typed":{"moduleNameAndName":{"range":[20,25,20,30],"value":{"moduleName":[],"name":"Model"}},"args":[]}}}}}}}}}}},"declaration":{"range":[21,1,24,45],"value":{"name":{"range":[21,1,21,7],"value":"update"},"arguments":[{"range":[21,8,21,11],"value":{"type":"var","var":{"value":"msg"}}},{"range":[21,12,21,17],"value":{"type":"var","var":{"value":"model"}}}],"expression":{"range":[22,5,24,45],"value":{"type":"case","case":{"cases":[{"pattern":{"range":[23,9,23,26],"value":{"type":"named","named":{"qualified":{"moduleName":[],"name":"Change"},"patterns":[{"range":[23,16,23,26],"value":{"type":"var","var":{"value":"newContent"}}}]}}},"expression":{"range":[24,13,24,45],"value":{"type":"recordUpdate","recordUpdate":{"name":{"range":[24,15,24,20],"value":"model"},"updates":[{"range":[24,23,24,44],"value":{"field":{"range":[24,23,24,30],"value":"content"},"expression":{"range":[24,33,24,43],"value":{"type":"functionOrValue","functionOrValue":{"moduleName":[],"name":"newContent"}}}}}]}}}}],"expression":{"range":[22,10,22,13],"value":{"type":"functionOrValue","functionOrValue":{"moduleName":[],"name":"msg"}}}}}}}}}}},{"range":[26,1,31,6],"value":{"type":"function","function":{"documentation":null,"signature":{"range":[26,1,26,24],"value":{"name":{"range":[26,1,26,5],"value":"view"},"typeAnnotation":{"range":[26,7,26,24],"value":{"type":"function","function":{"left":{"range":[26,7,26,12],"value":{"type":"typed","typed":{"moduleNameAndName":{"range":[26,7,26,12],"value":{"moduleName":[],"name":"Model"}},"args":[]}}},"right":{"range":[26,16,26,24],"value":{"type":"typed","typed":{"moduleNameAndName":{"range":[26,16,26,20],"value":{"moduleName":[],"name":"Html"}},"args":[{"range":[26,21,26,24],"value":{"type":"typed","typed":{"moduleNameAndName":{"range":[26,21,26,24],"value":{"moduleName":[],"name":"Msg"}},"args":[]}}}]}}}}}}}},"declaration":{"range":[27,1,31,6],"value":{"name":{"range":[27,1,27,5],"value":"view"},"arguments":[{"range":[27,6,27,11],"value":{"type":"var","var":{"value":"model"}}}],"expression":{"range":[28,5,31,6],"value":{"type":"application","application":[{"range":[28,5,28,8],"value":{"type":"functionOrValue","functionOrValue":{"moduleName":[],"name":"div"}}},{"range":[28,9,28,11],"value":{"type":"list","list":[]}},{"range":[29,5,31,6],"value":{"type":"list","list":[{"range":[29,7,29,85],"value":{"type":"application","application":[{"range":[29,7,29,12],"value":{"type":"functionOrValue","functionOrValue":{"moduleName":[],"name":"input"}}},{"range":[29,13,29,82],"value":{"type":"list","list":[{"range":[29,15,29,44],"value":{"type":"application","application":[{"range":[29,15,29,26],"value":{"type":"functionOrValue","functionOrValue":{"moduleName":[],"name":"placeholder"}}},{"range":[29,27,29,44],"value":{"type":"literal","literal":"Text to reverse"}}]}},{"range":[29,46,29,65],"value":{"type":"application","application":[{"range":[29,46,29,51],"value":{"type":"functionOrValue","functionOrValue":{"moduleName":[],"name":"value"}}},{"range":[29,57,29,65],"value":{"type":"recordAccess","recordAccess":{"expression":{"range":[29,52,29,57],"value":{"type":"functionOrValue","functionOrValue":{"moduleName":[],"name":"model"}}},"name":{"range":[29,58,29,65],"value":"content"}}}}]}},{"range":[29,67,29,81],"value":{"type":"application","application":[{"range":[29,67,29,74],"value":{"type":"functionOrValue","functionOrValue":{"moduleName":[],"name":"onInput"}}},{"range":[29,75,29,81],"value":{"type":"functionOrValue","functionOrValue":{"moduleName":[],"name":"Change"}}}]}}]}},{"range":[29,83,29,85],"value":{"type":"list","list":[]}}]}},{"range":[30,7,30,52],"value":{"type":"application","application":[{"range":[30,7,30,10],"value":{"type":"functionOrValue","functionOrValue":{"moduleName":[],"name":"div"}}},{"range":[30,11,30,13],"value":{"type":"list","list":[]}},{"range":[30,14,30,52],"value":{"type":"list","list":[{"range":[30,16,30,51],"value":{"type":"application","application":[{"range":[30,16,30,20],"value":{"type":"functionOrValue","functionOrValue":{"moduleName":[],"name":"text"}}},{"range":[30,21,30,51],"value":{"type":"parenthesized","parenthesized":{"range":[30,22,30,50],"value":{"type":"application","application":[{"range":[30,22,30,36],"value":{"type":"functionOrValue","functionOrValue":{"moduleName":["String"],"name":"reverse"}}},{"range":[30,42,30,50],"value":{"type":"recordAccess","recordAccess":{"expression":{"range":[30,37,30,42],"value":{"type":"functionOrValue","functionOrValue":{"moduleName":[],"name":"model"}}},"name":{"range":[30,43,30,50],"value":"content"}}}}]}}}}]}}]}}]}}]}}]}}}}}}}],"comments":[]}