{"moduleDefinition":{"range":[2,1,2,26],"value":{"type":"normal","normal":{"moduleName":{"range":[2,8,2,12],"value":["Form"]},"exposingList":{"range":[2,13,2,26],"value":{"type":"all","all":[2,23,2,25]}}}}},"imports":[{"range":[6,1,6,15],"value":{"moduleName":{"range":[6,8,6,15],"value":["Browser"]},"moduleAlias":null,"exposingList":null}},{"range":[7,1,7,29],"value":{"moduleName":{"range":[7,8,7,15],"value":["Element"]},"moduleAlias":null,"exposingList":{"range":[7,16,7,29],"value":{"type":"all","all":[7,26,7,28]}}}},{"range":[8,1,8,40],"value":{"moduleName":{"range":[8,8,8,26],"value":["Element","Background"]},"moduleAlias":{"range":[8,30,8,40],"value":["Background"]},"exposingList":null}},{"range":[9,1,9,32],"value":{"moduleName":{"range":[9,8,9,22],"value":["Element","Border"]},"moduleAlias":{"range":[9,26,9,32],"value":["Border"]},"exposingList":null}},{"range":[10,1,10,28],"value":{"moduleName":{"range":[10,8,10,20],"value":["Element","Font"]},"moduleAlias":{"range":[10,24,10,28],"value":["Font"]},"exposingList":null}},{"range":[11,1,11,30],"value":{"moduleName":{"range":[11,8,11,21],"value":["Element","Input"]},"moduleAlias":{"range":[11,25,11,30],"value":["Input"]},"exposingList":null}},{"range":[12,1,12,32],"value":{"moduleName":{"range":[12,8,12,22],"value":["Element","Region"]},"moduleAlias":{"range":[12,26,12,32],"value":["Region"]},"exposingList":null}}],"declarations":[{"range":[15,1,16,22],"value":{"type":"function","function":{"documentation":null,"signature":null,"declaration":{"range":[15,1,16,22],"value":{"name":{"range":[15,1,15,6],"value":"white"},"arguments":[],"expression":{"range":[16,5,16,22],"value":{"type":"application","application":[{"range":[16,5,16,16],"value":{"type":"functionOrValue","functionOrValue":{"moduleName":["Element"],"name":"rgb"}}},{"range":[16,17,16,18],"value":{"type":"integer","integer":1}},{"range":[16,19,16,20],"value":{"type":"integer","integer":1}},{"range":[16,21,16,22],"value":{"type":"integer","integer":1}}]}}}}}}},{"range":[19,1,20,28],"value":{"type":"function","function":{"documentation":null,"signature":null,"declaration":{"range":[19,1,20,28],"value":{"name":{"range":[19,1,19,5],"value":"grey"},"arguments":[],"expression":{"range":[20,5,20,28],"value":{"type":"application","application":[{"range":[20,5,20,16],"value":{"type":"functionOrValue","functionOrValue":{"moduleName":["Element"],"name":"rgb"}}},{"range":[20,17,20,20],"value":{"type":"float","float":0.9}},{"range":[20,21,20,24],"value":{"type":"float","float":0.9}},{"range":[20,25,20,28],"value":{"type":"float","float":0.9}}]}}}}}}},{"range":[23,1,24,24],"value":{"type":"function","function":{"documentation":null,"signature":null,"declaration":{"range":[23,1,24,24],"value":{"name":{"range":[23,1,23,5],"value":"blue"},"arguments":[],"expression":{"range":[24,5,24,24],"value":{"type":"application","application":[{"range":[24,5,24,16],"value":{"type":"functionOrValue","functionOrValue":{"moduleName":["Element"],"name":"rgb"}}},{"range":[24,17,24,18],"value":{"type":"integer","integer":0}},{"range":[24,19,24,20],"value":{"type":"integer","integer":0}},{"range":[24,21,24,24],"value":{"type":"float","float":0.8}}]}}}}}}},{"range":[27,1,28,24],"value":{"type":"function","function":{"documentation":null,"signature":null,"declaration":{"range":[27,1,28,24],"value":{"name":{"range":[27,1,27,4],"value":"red"},"arguments":[],"expression":{"range":[28,5,28,24],"value":{"type":"application","application":[{"range":[28,5,28,16],"value":{"type":"functionOrValue","functionOrValue":{"moduleName":["Element"],"name":"rgb"}}},{"range":[28,17,28,20],"value":{"type":"float","float":0.8}},{"range":[28,21,28,22],"value":{"type":"integer","integer":0}},{"range":[28,23,28,24],"value":{"type":"integer","integer":0}}]}}}}}}},{"range":[31,1,32,24],"value":{"type":"function","function":{"documentation":null,"signature":null,"declaration":{"range":[31,1,32,24],"value":{"name":{"range":[31,1,31,9],"value":"darkBlue"},"arguments":[],"expression":{"range":[32,5,32,24],"value":{"type":"application","application":[{"range":[32,5,32,16],"value":{"type":"functionOrValue","functionOrValue":{"moduleName":["Element"],"name":"rgb"}}},{"range":[32,17,32,18],"value":{"type":"integer","integer":0}},{"range":[32,19,32,20],"value":{"type":"integer","integer":0}},{"range":[32,21,32,24],"value":{"type":"float","float":0.9}}]}}}}}}},{"range":[35,1,40,10],"value":{"type":"function","function":{"documentation":null,"signature":null,"declaration":{"range":[35,1,40,10],"value":{"name":{"range":[35,1,35,5],"value":"main"},"arguments":[],"expression":{"range":[36,5,40,10],"value":{"type":"application","application":[{"range":[36,5,36,20],"value":{"type":"functionOrValue","functionOrValue":{"moduleName":["Browser"],"name":"sandbox"}}},{"range":[37,9,40,10],"value":{"type":"record","record":[{"range":[37,11,37,22],"value":{"field":{"range":[37,11,37,15],"value":"init"},"expression":{"range":[37,18,37,22],"value":{"type":"functionOrValue","functionOrValue":{"moduleName":[],"name":"init"}}}}},{"range":[38,11,39,9],"value":{"field":{"range":[38,11,38,15],"value":"view"},"expression":{"range":[38,18,38,22],"value":{"type":"functionOrValue","functionOrValue":{"moduleName":[],"name":"view"}}}}},{"range":[39,11,40,9],"value":{"field":{"range":[39,11,39,17],"value":"update"},"expression":{"range":[39,20,39,26],"value":{"type":"functionOrValue","functionOrValue":{"moduleName":[],"name":"update"}}}}}]}}]}}}}}}},{"range":[43,1,50,6],"value":{"type":"function","function":{"documentation":null,"signature":null,"declaration":{"range":[43,1,50,6],"value":{"name":{"range":[43,1,43,5],"value":"init"},"arguments":[],"expression":{"range":[44,5,50,6],"value":{"type":"record","record":[{"range":[44,7,44,20],"value":{"field":{"range":[44,7,44,15],"value":"username"},"expression":{"range":[44,18,44,20],"value":{"type":"literal","literal":""}}}},{"range":[45,7,46,5],"value":{"field":{"range":[45,7,45,15],"value":"password"},"expression":{"range":[45,18,45,20],"value":{"type":"literal","literal":""}}}},{"range":[46,7,47,5],"value":{"field":{"range":[46,7,46,15],"value":"agreeTOS"},"expression":{"range":[46,18,46,23],"value":{"type":"functionOrValue","functionOrValue":{"moduleName":[],"name":"False"}}}}},{"range":[47,7,48,5],"value":{"field":{"range":[47,7,47,14],"value":"comment"},"expression":{"range":[47,17,47,48],"value":{"type":"literal","literal":"Extra hot sauce?\n\n\nYes pls"}}}},{"range":[48,7,49,5],"value":{"field":{"range":[48,7,48,12],"value":"lunch"},"expression":{"range":[48,15,48,19],"value":{"type":"functionOrValue","functionOrValue":{"moduleName":[],"name":"Gyro"}}}}},{"range":[49,7,50,5],"value":{"field":{"range":[49,7,49,16],"value":"spiciness"},"expression":{"range":[49,19,49,20],"value":{"type":"integer","integer":2}}}}]}}}}}}},{"range":[53,1,60,6],"value":{"type":"typeAlias","typeAlias":{"documentation":null,"name":{"range":[53,12,53,16],"value":"Form"},"generics":[],"typeAnnotation":{"range":[54,5,60,6],"value":{"type":"record","record":{"value":[{"range":[54,7,54,24],"value":{"name":{"range":[54,7,54,15],"value":"username"},"typeAnnotation":{"range":[54,18,54,24],"value":{"type":"typed","typed":{"moduleNameAndName":{"range":[54,18,54,24],"value":{"moduleName":[],"name":"String"}},"args":[]}}}}},{"range":[55,5,56,5],"value":{"name":{"range":[55,7,55,15],"value":"password"},"typeAnnotation":{"range":[55,18,55,24],"value":{"type":"typed","typed":{"moduleNameAndName":{"range":[55,18,55,24],"value":{"moduleName":[],"name":"String"}},"args":[]}}}}},{"range":[56,5,57,5],"value":{"name":{"range":[56,7,56,15],"value":"agreeTOS"},"typeAnnotation":{"range":[56,18,56,22],"value":{"type":"typed","typed":{"moduleNameAndName":{"range":[56,18,56,22],"value":{"moduleName":[],"name":"Bool"}},"args":[]}}}}},{"range":[57,5,58,5],"value":{"name":{"range":[57,7,57,14],"value":"comment"},"typeAnnotation":{"range":[57,17,57,23],"value":{"type":"typed","typed":{"moduleNameAndName":{"range":[57,17,57,23],"value":{"moduleName":[],"name":"String"}},"args":[]}}}}},{"range":[58,5,59,5],"value":{"name":{"range":[58,7,58,12],"value":"lunch"},"typeAnnotation":{"range":[58,15,58,20],"value":{"type":"typed","typed":{"moduleNameAndName":{"range":[58,15,58,20],"value":{"moduleName":[],"name":"Lunch"}},"args":[]}}}}},{"range":[59,5,60,5],"value":{"name":{"range":[59,7,59,16],"value":"spiciness"},"typeAnnotation":{"range":[59,19,59,24],"value":{"type":"typed","typed":{"moduleNameAndName":{"range":[59,19,59,24],"value":{"moduleName":[],"name":"Float"}},"args":[]}}}}}]}}}}}},{"range":[63,1,64,18],"value":{"type":"typedecl","typedecl":{"documentation":null,"name":{"range":[63,6,63,9],"value":"Msg"},"generics":[],"constructors":[{"range":[64,7,64,18],"value":{"name":{"range":[64,7,64,13],"value":"Update"},"arguments":[{"range":[64,14,64,18],"value":{"type":"typed","typed":{"moduleNameAndName":{"range":[64,14,64,18],"value":{"moduleName":[],"name":"Form"}},"args":[]}}}]}}]}}},{"range":[67,1,70,16],"value":{"type":"function","function":{"documentation":null,"signature":null,"declaration":{"range":[67,1,70,16],"value":{"name":{"range":[67,1,67,7],"value":"update"},"arguments":[{"range":[67,8,67,11],"value":{"type":"var","var":{"value":"msg"}}},{"range":[67,12,67,17],"value":{"type":"var","var":{"value":"model"}}}],"expression":{"range":[68,5,70,16],"value":{"type":"case","case":{"cases":[{"pattern":{"range":[69,9,69,19],"value":{"type":"named","named":{"qualified":{"moduleName":[],"name":"Update"},"patterns":[{"range":[69,16,69,19],"value":{"type":"var","var":{"value":"new"}}}]}}},"expression":{"range":[70,13,70,16],"value":{"type":"functionOrValue","functionOrValue":{"moduleName":[],"name":"new"}}}}],"expression":{"range":[68,10,68,29],"value":{"type":"application","application":[{"range":[68,10,68,19],"value":{"type":"functionOrValue","functionOrValue":{"moduleName":["Debug"],"name":"log"}}},{"range":[68,20,68,25],"value":{"type":"literal","literal":"msg"}},{"range":[68,26,68,29],"value":{"type":"functionOrValue","functionOrValue":{"moduleName":[],"name":"msg"}}}]}}}}}}}}}},{"range":[73,1,76,11],"value":{"type":"typedecl","typedecl":{"documentation":null,"name":{"range":[73,6,73,11],"value":"Lunch"},"generics":[],"constructors":[{"range":[74,7,74,14],"value":{"name":{"range":[74,7,74,14],"value":"Burrito"},"arguments":[]}},{"range":[75,7,75,11],"value":{"name":{"range":[75,7,75,11],"value":"Taco"},"arguments":[]}},{"range":[76,7,76,11],"value":{"name":{"range":[76,7,76,11],"value":"Gyro"},"arguments":[]}}]}}},{"range":[79,1,204,14],"value":{"type":"function","function":{"documentation":null,"signature":null,"declaration":{"range":[79,1,204,14],"value":{"name":{"range":[79,1,79,5],"value":"view"},"arguments":[{"range":[79,6,79,11],"value":{"type":"var","var":{"value":"model"}}}],"expression":{"range":[80,5,204,14],"value":{"type":"application","application":[{"range":[80,5,80,19],"value":{"type":"functionOrValue","functionOrValue":{"moduleName":["Element"],"name":"layout"}}},{"range":[81,9,82,10],"value":{"type":"list","list":[{"range":[81,11,81,23],"value":{"type":"application","application":[{"range":[81,11,81,20],"value":{"type":"functionOrValue","functionOrValue":{"moduleName":["Font"],"name":"size"}}},{"range":[81,21,81,23],"value":{"type":"integer","integer":20}}]}}]}},{"range":[83,5,83,7],"value":{"type":"operator","operator":"<|"}},{"range":[84,9,84,23],"value":{"type":"functionOrValue","functionOrValue":{"moduleName":["Element"],"name":"column"}}},{"range":[84,24,84,119],"value":{"type":"list","list":[{"range":[84,26,84,40],"value":{"type":"application","application":[{"range":[84,26,84,31],"value":{"type":"functionOrValue","functionOrValue":{"moduleName":[],"name":"width"}}},{"range":[84,32,84,40],"value":{"type":"parenthesized","parenthesized":{"range":[84,33,84,39],"value":{"type":"application","application":[{"range":[84,33,84,35],"value":{"type":"functionOrValue","functionOrValue":{"moduleName":[],"name":"px"}}},{"range":[84,36,84,39],"value":{"type":"integer","integer":800}}]}}}}]}},{"range":[84,42,84,55],"value":{"type":"application","application":[{"range":[84,42,84,48],"value":{"type":"functionOrValue","functionOrValue":{"moduleName":[],"name":"height"}}},{"range":[84,49,84,55],"value":{"type":"functionOrValue","functionOrValue":{"moduleName":[],"name":"shrink"}}}]}},{"range":[84,57,84,64],"value":{"type":"functionOrValue","functionOrValue":{"moduleName":[],"name":"centerY"}}},{"range":[84,66,84,73],"value":{"type":"functionOrValue","functionOrValue":{"moduleName":[],"name":"centerX"}}},{"range":[84,75,84,85],"value":{"type":"application","application":[{"range":[84,75,84,82],"value":{"type":"functionOrValue","functionOrValue":{"moduleName":[],"name":"spacing"}}},{"range":[84,83,84,85],"value":{"type":"integer","integer":36}}]}},{"range":[84,87,84,97],"value":{"type":"application","application":[{"range":[84,87,84,94],"value":{"type":"functionOrValue","functionOrValue":{"moduleName":[],"name":"padding"}}},{"range":[84,95,84,97],"value":{"type":"integer","integer":10}}]}},{"range":[84,99,84,117],"value":{"type":"application","application":[{"range":[84,99,84,106],"value":{"type":"functionOrValue","functionOrValue":{"moduleName":[],"name":"explain"}}},{"range":[84,107,84,117],"value":{"type":"functionOrValue","functionOrValue":{"moduleName":["Debug"],"name":"todo"}}}]}}]}},{"range":[85,13,204,14],"value":{"type":"list","list":[{"range":[85,15,90,73],"value":{"type":"application","application":[{"range":[85,15,85,17],"value":{"type":"functionOrValue","functionOrValue":{"moduleName":[],"name":"el"}}},{"range":[86,17,89,18],"value":{"type":"list","list":[{"range":[86,19,86,35],"value":{"type":"application","application":[{"range":[86,19,86,33],"value":{"type":"functionOrValue","functionOrValue":{"moduleName":["Region"],"name":"heading"}}},{"range":[86,34,86,35],"value":{"type":"integer","integer":1}}]}},{"range":[87,19,87,28],"value":{"type":"functionOrValue","functionOrValue":{"moduleName":[],"name":"alignLeft"}}},{"range":[88,19,88,31],"value":{"type":"application","application":[{"range":[88,19,88,28],"value":{"type":"functionOrValue","functionOrValue":{"moduleName":["Font"],"name":"size"}}},{"range":[88,29,88,31],"value":{"type":"integer","integer":36}}]}}]}},{"range":[90,17,90,73],"value":{"type":"parenthesized","parenthesized":{"range":[90,18,90,72],"value":{"type":"application","application":[{"range":[90,18,90,22],"value":{"type":"functionOrValue","functionOrValue":{"moduleName":[],"name":"text"}}},{"range":[90,23,90,72],"value":{"type":"literal","literal":"Welcome to the Stylish Elephants Lunch Emporium"}}]}}}}]}},{"range":[91,15,104,18],"value":{"type":"application","application":[{"range":[91,15,91,26],"value":{"type":"functionOrValue","functionOrValue":{"moduleName":["Input"],"name":"radio"}}},{"range":[92,17,95,18],"value":{"type":"list","list":[{"range":[92,19,92,29],"value":{"type":"application","application":[{"range":[92,19,92,26],"value":{"type":"functionOrValue","functionOrValue":{"moduleName":[],"name":"spacing"}}},{"range":[92,27,92,29],"value":{"type":"integer","integer":12}}]}},{"range":[93,19,93,40],"value":{"type":"application","application":[{"range":[93,19,93,35],"value":{"type":"functionOrValue","functionOrValue":{"moduleName":["Background"],"name":"color"}}},{"range":[93,36,93,40],"value":{"type":"functionOrValue","functionOrValue":{"moduleName":[],"name":"grey"}}}]}},{"range":[94,19,94,31],"value":{"type":"application","application":[{"range":[94,19,94,28],"value":{"type":"functionOrValue","functionOrValue":{"moduleName":["Font"],"name":"size"}}},{"range":[94,29,94,31],"value":{"type":"integer","integer":30}}]}}]}},{"range":[96,17,104,18],"value":{"type":"record","record":[{"range":[96,19,96,46],"value":{"field":{"range":[96,19,96,27],"value":"selected"},"expression":{"range":[96,30,96,46],"value":{"type":"application","application":[{"range":[96,30,96,34],"value":{"type":"functionOrValue","functionOrValue":{"moduleName":[],"name":"Just"}}},{"range":[96,40,96,46],"value":{"type":"recordAccess","recordAccess":{"expression":{"range":[96,35,96,40],"value":{"type":"functionOrValue","functionOrValue":{"moduleName":[],"name":"model"}}},"name":{"range":[96,41,96,46],"value":"lunch"}}}}]}}}},{"range":[97,19,98,17],"value":{"field":{"range":[97,19,97,27],"value":"onChange"},"expression":{"range":[97,30,98,17],"value":{"type":"lambda","lambda":{"patterns":[{"range":[97,31,97,34],"value":{"type":"var","var":{"value":"new"}}}],"expression":{"range":[97,38,97,68],"value":{"type":"application","application":[{"range":[97,38,97,44],"value":{"type":"functionOrValue","functionOrValue":{"moduleName":[],"name":"Update"}}},{"range":[97,45,97,68],"value":{"type":"recordUpdate","recordUpdate":{"name":{"range":[97,47,97,52],"value":"model"},"updates":[{"range":[97,55,97,67],"value":{"field":{"range":[97,55,97,60],"value":"lunch"},"expression":{"range":[97,63,97,66],"value":{"type":"functionOrValue","functionOrValue":{"moduleName":[],"name":"new"}}}}}]}}}]}}}}}}},{"range":[98,19,99,17],"value":{"field":{"range":[98,19,98,24],"value":"label"},"expression":{"range":[98,27,98,116],"value":{"type":"application","application":[{"range":[98,27,98,43],"value":{"type":"functionOrValue","functionOrValue":{"moduleName":["Input"],"name":"labelAbove"}}},{"range":[98,44,98,76],"value":{"type":"list","list":[{"range":[98,46,98,58],"value":{"type":"application","application":[{"range":[98,46,98,55],"value":{"type":"functionOrValue","functionOrValue":{"moduleName":["Font"],"name":"size"}}},{"range":[98,56,98,58],"value":{"type":"integer","integer":30}}]}},{"range":[98,60,98,74],"value":{"type":"application","application":[{"range":[98,60,98,69],"value":{"type":"functionOrValue","functionOrValue":{"moduleName":[],"name":"paddingXY"}}},{"range":[98,70,98,71],"value":{"type":"integer","integer":0}},{"range":[98,72,98,74],"value":{"type":"integer","integer":12}}]}}]}},{"range":[98,77,98,116],"value":{"type":"parenthesized","parenthesized":{"range":[98,78,98,115],"value":{"type":"application","application":[{"range":[98,78,98,82],"value":{"type":"functionOrValue","functionOrValue":{"moduleName":[],"name":"text"}}},{"range":[98,83,98,115],"value":{"type":"literal","literal":"What would you like for lunch?"}}]}}}}]}}}},{"range":[99,19,104,17],"value":{"field":{"range":[99,19,99,26],"value":"options"},"expression":{"range":[100,21,103,22],"value":{"type":"list","list":[{"range":[100,23,100,54],"value":{"type":"application","application":[{"range":[100,23,100,35],"value":{"type":"functionOrValue","functionOrValue":{"moduleName":["Input"],"name":"option"}}},{"range":[100,36,100,40],"value":{"type":"functionOrValue","functionOrValue":{"moduleName":[],"name":"Gyro"}}},{"range":[100,41,100,54],"value":{"type":"parenthesized","parenthesized":{"range":[100,42,100,53],"value":{"type":"application","application":[{"range":[100,42,100,46],"value":{"type":"functionOrValue","functionOrValue":{"moduleName":[],"name":"text"}}},{"range":[100,47,100,53],"value":{"type":"literal","literal":"Gyro"}}]}}}}]}},{"range":[101,23,101,60],"value":{"type":"application","application":[{"range":[101,23,101,35],"value":{"type":"functionOrValue","functionOrValue":{"moduleName":["Input"],"name":"option"}}},{"range":[101,36,101,43],"value":{"type":"functionOrValue","functionOrValue":{"moduleName":[],"name":"Burrito"}}},{"range":[101,44,101,60],"value":{"type":"parenthesized","parenthesized":{"range":[101,45,101,59],"value":{"type":"application","application":[{"range":[101,45,101,49],"value":{"type":"functionOrValue","functionOrValue":{"moduleName":[],"name":"text"}}},{"range":[101,50,101,59],"value":{"type":"literal","literal":"Burrito"}}]}}}}]}},{"range":[102,23,102,54],"value":{"type":"application","application":[{"range":[102,23,102,35],"value":{"type":"functionOrValue","functionOrValue":{"moduleName":["Input"],"name":"option"}}},{"range":[102,36,102,40],"value":{"type":"functionOrValue","functionOrValue":{"moduleName":[],"name":"Taco"}}},{"range":[102,41,102,54],"value":{"type":"parenthesized","parenthesized":{"range":[102,42,102,53],"value":{"type":"application","application":[{"range":[102,42,102,46],"value":{"type":"functionOrValue","functionOrValue":{"moduleName":[],"name":"text"}}},{"range":[102,47,102,53],"value":{"type":"literal","literal":"Taco"}}]}}}}]}}]}}}}]}}]}},{"range":[105,15,122,18],"value":{"type":"application","application":[{"range":[105,15,105,29],"value":{"type":"functionOrValue","functionOrValue":{"moduleName":["Input"],"name":"username"}}},{"range":[106,17,117,18],"value":{"type":"list","list":[{"range":[106,19,106,28],"value":{"type":"application","application":[{"range":[106,19,106,26],"value":{"type":"functionOrValue","functionOrValue":{"moduleName":[],"name":"spacing"}}},{"range":[106,27,106,28],"value":{"type":"integer","integer":2}}]}},{"range":[107,21,107,31],"value":{"type":"application","application":[{"range":[107,21,107,28],"value":{"type":"functionOrValue","functionOrValue":{"moduleName":[],"name":"padding"}}},{"range":[107,29,107,31],"value":{"type":"integer","integer":66}}]}},{"range":[108,19,116,22],"value":{"type":"application","application":[{"range":[108,19,108,24],"value":{"type":"functionOrValue","functionOrValue":{"moduleName":[],"name":"below"}}},{"range":[109,21,116,22],"value":{"type":"parenthesized","parenthesized":{"range":[109,22,115,51],"value":{"type":"application","application":[{"range":[109,22,109,24],"value":{"type":"functionOrValue","functionOrValue":{"moduleName":[],"name":"el"}}},{"range":[110,25,114,26],"value":{"type":"list","list":[{"range":[110,27,110,41],"value":{"type":"application","application":[{"range":[110,27,110,37],"value":{"type":"functionOrValue","functionOrValue":{"moduleName":["Font"],"name":"color"}}},{"range":[110,38,110,41],"value":{"type":"functionOrValue","functionOrValue":{"moduleName":[],"name":"red"}}}]}},{"range":[111,27,111,39],"value":{"type":"application","application":[{"range":[111,27,111,36],"value":{"type":"functionOrValue","functionOrValue":{"moduleName":["Font"],"name":"size"}}},{"range":[111,37,111,39],"value":{"type":"integer","integer":14}}]}},{"range":[112,27,112,37],"value":{"type":"functionOrValue","functionOrValue":{"moduleName":[],"name":"alignRight"}}},{"range":[113,27,113,37],"value":{"type":"application","application":[{"range":[113,27,113,35],"value":{"type":"functionOrValue","functionOrValue":{"moduleName":[],"name":"moveDown"}}},{"range":[113,36,113,37],"value":{"type":"integer","integer":6}}]}}]}},{"range":[115,25,115,51],"value":{"type":"parenthesized","parenthesized":{"range":[115,26,115,50],"value":{"type":"application","application":[{"range":[115,26,115,30],"value":{"type":"functionOrValue","functionOrValue":{"moduleName":[],"name":"text"}}},{"range":[115,31,115,50],"value":{"type":"literal","literal":"This one is wrong"}}]}}}}]}}}}]}}]}},{"range":[118,17,122,18],"value":{"type":"record","record":[{"range":[118,19,118,40],"value":{"field":{"range":[118,19,118,23],"value":"text"},"expression":{"range":[118,31,118,40],"value":{"type":"recordAccess","recordAccess":{"expression":{"range":[118,26,118,31],"value":{"type":"functionOrValue","functionOrValue":{"moduleName":[],"name":"model"}}},"name":{"range":[118,32,118,40],"value":"username"}}}}}},{"range":[119,19,120,17],"value":{"field":{"range":[119,19,119,30],"value":"placeholder"},"expression":{"range":[119,33,119,78],"value":{"type":"application","application":[{"range":[119,33,119,37],"value":{"type":"functionOrValue","functionOrValue":{"moduleName":[],"name":"Just"}}},{"range":[119,38,119,78],"value":{"type":"parenthesized","parenthesized":{"range":[119,39,119,77],"value":{"type":"application","application":[{"range":[119,39,119,56],"value":{"type":"functionOrValue","functionOrValue":{"moduleName":["Input"],"name":"placeholder"}}},{"range":[119,57,119,59],"value":{"type":"list","list":[]}},{"range":[119,60,119,77],"value":{"type":"parenthesized","parenthesized":{"range":[119,61,119,76],"value":{"type":"application","application":[{"range":[119,61,119,65],"value":{"type":"functionOrValue","functionOrValue":{"moduleName":[],"name":"text"}}},{"range":[119,66,119,76],"value":{"type":"literal","literal":"username"}}]}}}}]}}}}]}}}},{"range":[120,19,121,17],"value":{"field":{"range":[120,19,120,27],"value":"onChange"},"expression":{"range":[120,30,121,17],"value":{"type":"lambda","lambda":{"patterns":[{"range":[120,31,120,34],"value":{"type":"var","var":{"value":"new"}}}],"expression":{"range":[120,38,120,71],"value":{"type":"application","application":[{"range":[120,38,120,44],"value":{"type":"functionOrValue","functionOrValue":{"moduleName":[],"name":"Update"}}},{"range":[120,45,120,71],"value":{"type":"recordUpdate","recordUpdate":{"name":{"range":[120,47,120,52],"value":"model"},"updates":[{"range":[120,55,120,70],"value":{"field":{"range":[120,55,120,63],"value":"username"},"expression":{"range":[120,66,120,69],"value":{"type":"functionOrValue","functionOrValue":{"moduleName":[],"name":"new"}}}}}]}}}]}}}}}}},{"range":[121,19,122,17],"value":{"field":{"range":[121,19,121,24],"value":"label"},"expression":{"range":[121,27,121,78],"value":{"type":"application","application":[{"range":[121,27,121,43],"value":{"type":"functionOrValue","functionOrValue":{"moduleName":["Input"],"name":"labelAbove"}}},{"range":[121,44,121,60],"value":{"type":"list","list":[{"range":[121,46,121,58],"value":{"type":"application","application":[{"range":[121,46,121,55],"value":{"type":"functionOrValue","functionOrValue":{"moduleName":["Font"],"name":"size"}}},{"range":[121,56,121,58],"value":{"type":"integer","integer":14}}]}}]}},{"range":[121,61,121,78],"value":{"type":"parenthesized","parenthesized":{"range":[121,62,121,77],"value":{"type":"application","application":[{"range":[121,62,121,66],"value":{"type":"functionOrValue","functionOrValue":{"moduleName":[],"name":"text"}}},{"range":[121,67,121,77],"value":{"type":"literal","literal":"Username"}}]}}}}]}}}}]}}]}},{"range":[123,15,129,18],"value":{"type":"application","application":[{"range":[123,15,123,36],"value":{"type":"functionOrValue","functionOrValue":{"moduleName":["Input"],"name":"currentPassword"}}},{"range":[123,37,123,65],"value":{"type":"list","list":[{"range":[123,39,123,49],"value":{"type":"application","application":[{"range":[123,39,123,46],"value":{"type":"functionOrValue","functionOrValue":{"moduleName":[],"name":"spacing"}}},{"range":[123,47,123,49],"value":{"type":"integer","integer":12}}]}},{"range":[123,51,123,63],"value":{"type":"application","application":[{"range":[123,51,123,56],"value":{"type":"functionOrValue","functionOrValue":{"moduleName":[],"name":"width"}}},{"range":[123,57,123,63],"value":{"type":"functionOrValue","functionOrValue":{"moduleName":[],"name":"shrink"}}}]}}]}},{"range":[124,17,129,18],"value":{"type":"record","record":[{"range":[124,19,124,40],"value":{"field":{"range":[124,19,124,23],"value":"text"},"expression":{"range":[124,31,124,40],"value":{"type":"recordAccess","recordAccess":{"expression":{"range":[124,26,124,31],"value":{"type":"functionOrValue","functionOrValue":{"moduleName":[],"name":"model"}}},"name":{"range":[124,32,124,40],"value":"password"}}}}}},{"range":[125,19,126,17],"value":{"field":{"range":[125,19,125,30],"value":"placeholder"},"expression":{"range":[125,33,125,40],"value":{"type":"functionOrValue","functionOrValue":{"moduleName":[],"name":"Nothing"}}}}},{"range":[126,19,127,17],"value":{"field":{"range":[126,19,126,27],"value":"onChange"},"expression":{"range":[126,30,127,17],"value":{"type":"lambda","lambda":{"patterns":[{"range":[126,31,126,34],"value":{"type":"var","var":{"value":"new"}}}],"expression":{"range":[126,38,126,71],"value":{"type":"application","application":[{"range":[126,38,126,44],"value":{"type":"functionOrValue","functionOrValue":{"moduleName":[],"name":"Update"}}},{"range":[126,45,126,71],"value":{"type":"recordUpdate","recordUpdate":{"name":{"range":[126,47,126,52],"value":"model"},"updates":[{"range":[126,55,126,70],"value":{"field":{"range":[126,55,126,63],"value":"password"},"expression":{"range":[126,66,126,69],"value":{"type":"functionOrValue","functionOrValue":{"moduleName":[],"name":"new"}}}}}]}}}]}}}}}}},{"range":[127,19,128,17],"value":{"field":{"range":[127,19,127,24],"value":"label"},"expression":{"range":[127,27,127,78],"value":{"type":"application","application":[{"range":[127,27,127,43],"value":{"type":"functionOrValue","functionOrValue":{"moduleName":["Input"],"name":"labelAbove"}}},{"range":[127,44,127,60],"value":{"type":"list","list":[{"range":[127,46,127,58],"value":{"type":"application","application":[{"range":[127,46,127,55],"value":{"type":"functionOrValue","functionOrValue":{"moduleName":["Font"],"name":"size"}}},{"range":[127,56,127,58],"value":{"type":"integer","integer":14}}]}}]}},{"range":[127,61,127,78],"value":{"type":"parenthesized","parenthesized":{"range":[127,62,127,77],"value":{"type":"application","application":[{"range":[127,62,127,66],"value":{"type":"functionOrValue","functionOrValue":{"moduleName":[],"name":"text"}}},{"range":[127,67,127,77],"value":{"type":"literal","literal":"Password"}}]}}}}]}}}},{"range":[128,19,129,17],"value":{"field":{"range":[128,19,128,23],"value":"show"},"expression":{"range":[128,26,128,31],"value":{"type":"functionOrValue","functionOrValue":{"moduleName":[],"name":"False"}}}}}]}}]}},{"range":[130,15,141,18],"value":{"type":"application","application":[{"range":[130,15,130,30],"value":{"type":"functionOrValue","functionOrValue":{"moduleName":["Input"],"name":"multiline"}}},{"range":[131,17,135,18],"value":{"type":"list","list":[{"range":[131,19,131,32],"value":{"type":"application","application":[{"range":[131,19,131,25],"value":{"type":"functionOrValue","functionOrValue":{"moduleName":[],"name":"height"}}},{"range":[131,26,131,32],"value":{"type":"functionOrValue","functionOrValue":{"moduleName":[],"name":"shrink"}}}]}},{"range":[132,19,132,29],"value":{"type":"application","application":[{"range":[132,19,132,26],"value":{"type":"functionOrValue","functionOrValue":{"moduleName":[],"name":"spacing"}}},{"range":[132,27,132,29],"value":{"type":"integer","integer":12}}]}}]}},{"range":[136,17,141,18],"value":{"type":"record","record":[{"range":[136,19,136,39],"value":{"field":{"range":[136,19,136,23],"value":"text"},"expression":{"range":[136,31,136,39],"value":{"type":"recordAccess","recordAccess":{"expression":{"range":[136,26,136,31],"value":{"type":"functionOrValue","functionOrValue":{"moduleName":[],"name":"model"}}},"name":{"range":[136,32,136,39],"value":"comment"}}}}}},{"range":[137,19,138,17],"value":{"field":{"range":[137,19,137,30],"value":"placeholder"},"expression":{"range":[137,33,137,99],"value":{"type":"application","application":[{"range":[137,33,137,37],"value":{"type":"functionOrValue","functionOrValue":{"moduleName":[],"name":"Just"}}},{"range":[137,38,137,99],"value":{"type":"parenthesized","parenthesized":{"range":[137,39,137,98],"value":{"type":"application","application":[{"range":[137,39,137,56],"value":{"type":"functionOrValue","functionOrValue":{"moduleName":["Input"],"name":"placeholder"}}},{"range":[137,57,137,59],"value":{"type":"list","list":[]}},{"range":[137,60,137,98],"value":{"type":"parenthesized","parenthesized":{"range":[137,61,137,97],"value":{"type":"application","application":[{"range":[137,61,137,65],"value":{"type":"functionOrValue","functionOrValue":{"moduleName":[],"name":"text"}}},{"range":[137,66,137,97],"value":{"type":"literal","literal":"Extra hot sauce?\n\n\nYes pls"}}]}}}}]}}}}]}}}},{"range":[138,19,139,17],"value":{"field":{"range":[138,19,138,27],"value":"onChange"},"expression":{"range":[138,30,139,17],"value":{"type":"lambda","lambda":{"patterns":[{"range":[138,31,138,34],"value":{"type":"var","var":{"value":"new"}}}],"expression":{"range":[138,38,138,70],"value":{"type":"application","application":[{"range":[138,38,138,44],"value":{"type":"functionOrValue","functionOrValue":{"moduleName":[],"name":"Update"}}},{"range":[138,45,138,70],"value":{"type":"recordUpdate","recordUpdate":{"name":{"range":[138,47,138,52],"value":"model"},"updates":[{"range":[138,55,138,69],"value":{"field":{"range":[138,55,138,62],"value":"comment"},"expression":{"range":[138,65,138,68],"value":{"type":"functionOrValue","functionOrValue":{"moduleName":[],"name":"new"}}}}}]}}}]}}}}}}},{"range":[139,19,140,17],"value":{"field":{"range":[139,19,139,24],"value":"label"},"expression":{"range":[139,27,139,86],"value":{"type":"application","application":[{"range":[139,27,139,43],"value":{"type":"functionOrValue","functionOrValue":{"moduleName":["Input"],"name":"labelAbove"}}},{"range":[139,44,139,60],"value":{"type":"list","list":[{"range":[139,46,139,58],"value":{"type":"application","application":[{"range":[139,46,139,55],"value":{"type":"functionOrValue","functionOrValue":{"moduleName":["Font"],"name":"size"}}},{"range":[139,56,139,58],"value":{"type":"integer","integer":14}}]}}]}},{"range":[139,61,139,86],"value":{"type":"parenthesized","parenthesized":{"range":[139,62,139,85],"value":{"type":"application","application":[{"range":[139,62,139,66],"value":{"type":"functionOrValue","functionOrValue":{"moduleName":[],"name":"text"}}},{"range":[139,67,139,85],"value":{"type":"literal","literal":"Leave a comment!"}}]}}}}]}}}},{"range":[140,19,141,17],"value":{"field":{"range":[140,19,140,29],"value":"spellcheck"},"expression":{"range":[140,32,140,37],"value":{"type":"functionOrValue","functionOrValue":{"moduleName":[],"name":"False"}}}}}]}}]}},{"range":[142,15,147,18],"value":{"type":"application","application":[{"range":[142,15,142,29],"value":{"type":"functionOrValue","functionOrValue":{"moduleName":["Input"],"name":"checkbox"}}},{"range":[142,30,142,32],"value":{"type":"list","list":[]}},{"range":[143,17,147,18],"value":{"type":"record","record":[{"range":[143,19,143,43],"value":{"field":{"range":[143,19,143,26],"value":"checked"},"expression":{"range":[143,34,143,43],"value":{"type":"recordAccess","recordAccess":{"expression":{"range":[143,29,143,34],"value":{"type":"functionOrValue","functionOrValue":{"moduleName":[],"name":"model"}}},"name":{"range":[143,35,143,43],"value":"agreeTOS"}}}}}},{"range":[144,19,145,17],"value":{"field":{"range":[144,19,144,27],"value":"onChange"},"expression":{"range":[144,30,145,17],"value":{"type":"lambda","lambda":{"patterns":[{"range":[144,31,144,34],"value":{"type":"var","var":{"value":"new"}}}],"expression":{"range":[144,38,144,71],"value":{"type":"application","application":[{"range":[144,38,144,44],"value":{"type":"functionOrValue","functionOrValue":{"moduleName":[],"name":"Update"}}},{"range":[144,45,144,71],"value":{"type":"recordUpdate","recordUpdate":{"name":{"range":[144,47,144,52],"value":"model"},"updates":[{"range":[144,55,144,70],"value":{"field":{"range":[144,55,144,63],"value":"agreeTOS"},"expression":{"range":[144,66,144,69],"value":{"type":"functionOrValue","functionOrValue":{"moduleName":[],"name":"new"}}}}}]}}}]}}}}}}},{"range":[145,19,146,17],"value":{"field":{"range":[145,19,145,23],"value":"icon"},"expression":{"range":[145,26,145,47],"value":{"type":"functionOrValue","functionOrValue":{"moduleName":["Input"],"name":"defaultCheckbox"}}}}},{"range":[146,19,147,17],"value":{"field":{"range":[146,19,146,24],"value":"label"},"expression":{"range":[146,27,146,81],"value":{"type":"application","application":[{"range":[146,27,146,43],"value":{"type":"functionOrValue","functionOrValue":{"moduleName":["Input"],"name":"labelRight"}}},{"range":[146,44,146,46],"value":{"type":"list","list":[]}},{"range":[146,47,146,81],"value":{"type":"parenthesized","parenthesized":{"range":[146,48,146,80],"value":{"type":"application","application":[{"range":[146,48,146,52],"value":{"type":"functionOrValue","functionOrValue":{"moduleName":[],"name":"text"}}},{"range":[146,53,146,80],"value":{"type":"literal","literal":"Agree to Terms of Service"}}]}}}}]}}}}]}}]}},{"range":[148,15,169,18],"value":{"type":"application","application":[{"range":[148,15,148,27],"value":{"type":"functionOrValue","functionOrValue":{"moduleName":["Input"],"name":"slider"}}},{"range":[149,17,160,18],"value":{"type":"list","list":[{"range":[149,19,149,49],"value":{"type":"application","application":[{"range":[149,19,149,33],"value":{"type":"functionOrValue","functionOrValue":{"moduleName":["Element"],"name":"height"}}},{"range":[149,34,149,49],"value":{"type":"parenthesized","parenthesized":{"range":[149,35,149,48],"value":{"type":"application","application":[{"range":[149,35,149,45],"value":{"type":"functionOrValue","functionOrValue":{"moduleName":["Element"],"name":"px"}}},{"range":[149,46,149,48],"value":{"type":"integer","integer":30}}]}}}}]}},{"range":[150,19,159,22],"value":{"type":"application","application":[{"range":[150,19,150,40],"value":{"type":"functionOrValue","functionOrValue":{"moduleName":["Element"],"name":"behindContent"}}},{"range":[151,21,159,22],"value":{"type":"parenthesized","parenthesized":{"range":[151,22,158,37],"value":{"type":"application","application":[{"range":[151,22,151,32],"value":{"type":"functionOrValue","functionOrValue":{"moduleName":["Element"],"name":"el"}}},{"range":[152,25,157,26],"value":{"type":"list","list":[{"range":[152,27,152,53],"value":{"type":"application","application":[{"range":[152,27,152,40],"value":{"type":"functionOrValue","functionOrValue":{"moduleName":["Element"],"name":"width"}}},{"range":[152,41,152,53],"value":{"type":"functionOrValue","functionOrValue":{"moduleName":["Element"],"name":"fill"}}}]}},{"range":[153,27,153,56],"value":{"type":"application","application":[{"range":[153,27,153,41],"value":{"type":"functionOrValue","functionOrValue":{"moduleName":["Element"],"name":"height"}}},{"range":[153,42,153,56],"value":{"type":"parenthesized","parenthesized":{"range":[153,43,153,55],"value":{"type":"application","application":[{"range":[153,43,153,53],"value":{"type":"functionOrValue","functionOrValue":{"moduleName":["Element"],"name":"px"}}},{"range":[153,54,153,55],"value":{"type":"integer","integer":2}}]}}}}]}},{"range":[154,27,154,42],"value":{"type":"functionOrValue","functionOrValue":{"moduleName":["Element"],"name":"centerY"}}},{"range":[155,27,155,48],"value":{"type":"application","application":[{"range":[155,27,155,43],"value":{"type":"functionOrValue","functionOrValue":{"moduleName":["Background"],"name":"color"}}},{"range":[155,44,155,48],"value":{"type":"functionOrValue","functionOrValue":{"moduleName":[],"name":"grey"}}}]}},{"range":[156,27,156,43],"value":{"type":"application","application":[{"range":[156,27,156,41],"value":{"type":"functionOrValue","functionOrValue":{"moduleName":["Border"],"name":"rounded"}}},{"range":[156,42,156,43],"value":{"type":"integer","integer":2}}]}}]}},{"range":[158,25,158,37],"value":{"type":"functionOrValue","functionOrValue":{"moduleName":["Element"],"name":"none"}}}]}}}}]}}]}},{"range":[161,17,169,18],"value":{"type":"record","record":[{"range":[161,19,162,17],"value":{"field":{"range":[161,19,161,27],"value":"onChange"},"expression":{"range":[161,30,162,17],"value":{"type":"lambda","lambda":{"patterns":[{"range":[161,31,161,34],"value":{"type":"var","var":{"value":"new"}}}],"expression":{"range":[161,38,161,72],"value":{"type":"application","application":[{"range":[161,38,161,44],"value":{"type":"functionOrValue","functionOrValue":{"moduleName":[],"name":"Update"}}},{"range":[161,45,161,72],"value":{"type":"recordUpdate","recordUpdate":{"name":{"range":[161,47,161,52],"value":"model"},"updates":[{"range":[161,55,161,71],"value":{"field":{"range":[161,55,161,64],"value":"spiciness"},"expression":{"range":[161,67,161,70],"value":{"type":"functionOrValue","functionOrValue":{"moduleName":[],"name":"new"}}}}}]}}}]}}}}}}},{"range":[162,19,163,17],"value":{"field":{"range":[162,19,162,24],"value":"label"},"expression":{"range":[162,27,162,105],"value":{"type":"application","application":[{"range":[162,27,162,43],"value":{"type":"functionOrValue","functionOrValue":{"moduleName":["Input"],"name":"labelAbove"}}},{"range":[162,44,162,46],"value":{"type":"list","list":[]}},{"range":[162,47,162,105],"value":{"type":"parenthesized","parenthesized":{"range":[162,48,162,104],"value":{"type":"application","application":[{"range":[162,48,162,52],"value":{"type":"functionOrValue","functionOrValue":{"moduleName":[],"name":"text"}}},{"range":[162,53,162,104],"value":{"type":"parenthesized","parenthesized":{"range":[162,54,162,103],"value":{"type":"application","application":[{"range":[162,54,162,67],"value":{"type":"literal","literal":"Spiciness: "}},{"range":[162,68,162,70],"value":{"type":"operator","operator":"++"}},{"range":[162,71,162,87],"value":{"type":"functionOrValue","functionOrValue":{"moduleName":["String"],"name":"fromFloat"}}},{"range":[162,93,162,103],"value":{"type":"recordAccess","recordAccess":{"expression":{"range":[162,88,162,93],"value":{"type":"functionOrValue","functionOrValue":{"moduleName":[],"name":"model"}}},"name":{"range":[162,94,162,103],"value":"spiciness"}}}}]}}}}]}}}}]}}}},{"range":[163,19,164,17],"value":{"field":{"range":[163,19,163,22],"value":"min"},"expression":{"range":[163,25,163,26],"value":{"type":"integer","integer":0}}}},{"range":[164,19,165,17],"value":{"field":{"range":[164,19,164,22],"value":"max"},"expression":{"range":[164,25,164,28],"value":{"type":"float","float":3.2}}}},{"range":[165,19,166,17],"value":{"field":{"range":[165,19,165,23],"value":"step"},"expression":{"range":[165,26,165,33],"value":{"type":"functionOrValue","functionOrValue":{"moduleName":[],"name":"Nothing"}}}}},{"range":[166,19,167,17],"value":{"field":{"range":[166,19,166,24],"value":"value"},"expression":{"range":[166,32,166,42],"value":{"type":"recordAccess","recordAccess":{"expression":{"range":[166,27,166,32],"value":{"type":"functionOrValue","functionOrValue":{"moduleName":[],"name":"model"}}},"name":{"range":[166,33,166,42],"value":"spiciness"}}}}}},{"range":[167,19,169,17],"value":{"field":{"range":[167,19,167,24],"value":"thumb"},"expression":{"range":[168,21,168,39],"value":{"type":"functionOrValue","functionOrValue":{"moduleName":["Input"],"name":"defaultThumb"}}}}}]}}]}},{"range":[170,15,192,18],"value":{"type":"application","application":[{"range":[170,15,170,27],"value":{"type":"functionOrValue","functionOrValue":{"moduleName":["Input"],"name":"slider"}}},{"range":[171,17,183,18],"value":{"type":"list","list":[{"range":[171,19,171,48],"value":{"type":"application","application":[{"range":[171,19,171,32],"value":{"type":"functionOrValue","functionOrValue":{"moduleName":["Element"],"name":"width"}}},{"range":[171,33,171,48],"value":{"type":"parenthesized","parenthesized":{"range":[171,34,171,47],"value":{"type":"application","application":[{"range":[171,34,171,44],"value":{"type":"functionOrValue","functionOrValue":{"moduleName":["Element"],"name":"px"}}},{"range":[171,45,171,47],"value":{"type":"integer","integer":40}}]}}}}]}},{"range":[172,19,172,50],"value":{"type":"application","application":[{"range":[172,19,172,33],"value":{"type":"functionOrValue","functionOrValue":{"moduleName":["Element"],"name":"height"}}},{"range":[172,34,172,50],"value":{"type":"parenthesized","parenthesized":{"range":[172,35,172,49],"value":{"type":"application","application":[{"range":[172,35,172,45],"value":{"type":"functionOrValue","functionOrValue":{"moduleName":["Element"],"name":"px"}}},{"range":[172,46,172,49],"value":{"type":"integer","integer":200}}]}}}}]}},{"range":[173,19,182,22],"value":{"type":"application","application":[{"range":[173,19,173,40],"value":{"type":"functionOrValue","functionOrValue":{"moduleName":["Element"],"name":"behindContent"}}},{"range":[174,21,182,22],"value":{"type":"parenthesized","parenthesized":{"range":[174,22,181,37],"value":{"type":"application","application":[{"range":[174,22,174,32],"value":{"type":"functionOrValue","functionOrValue":{"moduleName":["Element"],"name":"el"}}},{"range":[175,25,180,26],"value":{"type":"list","list":[{"range":[175,27,175,54],"value":{"type":"application","application":[{"range":[175,27,175,41],"value":{"type":"functionOrValue","functionOrValue":{"moduleName":["Element"],"name":"height"}}},{"range":[175,42,175,54],"value":{"type":"functionOrValue","functionOrValue":{"moduleName":["Element"],"name":"fill"}}}]}},{"range":[176,27,176,55],"value":{"type":"application","application":[{"range":[176,27,176,40],"value":{"type":"functionOrValue","functionOrValue":{"moduleName":["Element"],"name":"width"}}},{"range":[176,41,176,55],"value":{"type":"parenthesized","parenthesized":{"range":[176,42,176,54],"value":{"type":"application","application":[{"range":[176,42,176,52],"value":{"type":"functionOrValue","functionOrValue":{"moduleName":["Element"],"name":"px"}}},{"range":[176,53,176,54],"value":{"type":"integer","integer":2}}]}}}}]}},{"range":[177,27,177,42],"value":{"type":"functionOrValue","functionOrValue":{"moduleName":["Element"],"name":"centerX"}}},{"range":[178,27,178,48],"value":{"type":"application","application":[{"range":[178,27,178,43],"value":{"type":"functionOrValue","functionOrValue":{"moduleName":["Background"],"name":"color"}}},{"range":[178,44,178,48],"value":{"type":"functionOrValue","functionOrValue":{"moduleName":[],"name":"grey"}}}]}},{"range":[179,27,179,43],"value":{"type":"application","application":[{"range":[179,27,179,41],"value":{"type":"functionOrValue","functionOrValue":{"moduleName":["Border"],"name":"rounded"}}},{"range":[179,42,179,43],"value":{"type":"integer","integer":2}}]}}]}},{"range":[181,25,181,37],"value":{"type":"functionOrValue","functionOrValue":{"moduleName":["Element"],"name":"none"}}}]}}}}]}}]}},{"range":[184,17,192,18],"value":{"type":"record","record":[{"range":[184,19,185,17],"value":{"field":{"range":[184,19,184,27],"value":"onChange"},"expression":{"range":[184,30,185,17],"value":{"type":"lambda","lambda":{"patterns":[{"range":[184,31,184,34],"value":{"type":"var","var":{"value":"new"}}}],"expression":{"range":[184,38,184,72],"value":{"type":"application","application":[{"range":[184,38,184,44],"value":{"type":"functionOrValue","functionOrValue":{"moduleName":[],"name":"Update"}}},{"range":[184,45,184,72],"value":{"type":"recordUpdate","recordUpdate":{"name":{"range":[184,47,184,52],"value":"model"},"updates":[{"range":[184,55,184,71],"value":{"field":{"range":[184,55,184,64],"value":"spiciness"},"expression":{"range":[184,67,184,70],"value":{"type":"functionOrValue","functionOrValue":{"moduleName":[],"name":"new"}}}}}]}}}]}}}}}}},{"range":[185,19,186,17],"value":{"field":{"range":[185,19,185,24],"value":"label"},"expression":{"range":[185,27,185,105],"value":{"type":"application","application":[{"range":[185,27,185,43],"value":{"type":"functionOrValue","functionOrValue":{"moduleName":["Input"],"name":"labelAbove"}}},{"range":[185,44,185,46],"value":{"type":"list","list":[]}},{"range":[185,47,185,105],"value":{"type":"parenthesized","parenthesized":{"range":[185,48,185,104],"value":{"type":"application","application":[{"range":[185,48,185,52],"value":{"type":"functionOrValue","functionOrValue":{"moduleName":[],"name":"text"}}},{"range":[185,53,185,104],"value":{"type":"parenthesized","parenthesized":{"range":[185,54,185,103],"value":{"type":"application","application":[{"range":[185,54,185,67],"value":{"type":"literal","literal":"Spiciness: "}},{"range":[185,68,185,70],"value":{"type":"operator","operator":"++"}},{"range":[185,71,185,87],"value":{"type":"functionOrValue","functionOrValue":{"moduleName":["String"],"name":"fromFloat"}}},{"range":[185,93,185,103],"value":{"type":"recordAccess","recordAccess":{"expression":{"range":[185,88,185,93],"value":{"type":"functionOrValue","functionOrValue":{"moduleName":[],"name":"model"}}},"name":{"range":[185,94,185,103],"value":"spiciness"}}}}]}}}}]}}}}]}}}},{"range":[186,19,187,17],"value":{"field":{"range":[186,19,186,22],"value":"min"},"expression":{"range":[186,25,186,26],"value":{"type":"integer","integer":0}}}},{"range":[187,19,188,17],"value":{"field":{"range":[187,19,187,22],"value":"max"},"expression":{"range":[187,25,187,28],"value":{"type":"float","float":3.2}}}},{"range":[188,19,189,17],"value":{"field":{"range":[188,19,188,23],"value":"step"},"expression":{"range":[188,26,188,33],"value":{"type":"functionOrValue","functionOrValue":{"moduleName":[],"name":"Nothing"}}}}},{"range":[189,19,190,17],"value":{"field":{"range":[189,19,189,24],"value":"value"},"expression":{"range":[189,32,189,42],"value":{"type":"recordAccess","recordAccess":{"expression":{"range":[189,27,189,32],"value":{"type":"functionOrValue","functionOrValue":{"moduleName":[],"name":"model"}}},"name":{"range":[189,33,189,42],"value":"spiciness"}}}}}},{"range":[190,19,192,17],"value":{"field":{"range":[190,19,190,24],"value":"thumb"},"expression":{"range":[191,21,191,39],"value":{"type":"functionOrValue","functionOrValue":{"moduleName":["Input"],"name":"defaultThumb"}}}}}]}}]}},{"range":[193,15,203,18],"value":{"type":"application","application":[{"range":[193,15,193,27],"value":{"type":"functionOrValue","functionOrValue":{"moduleName":["Input"],"name":"button"}}},{"range":[194,17,200,18],"value":{"type":"list","list":[{"range":[194,19,194,40],"value":{"type":"application","application":[{"range":[194,19,194,35],"value":{"type":"functionOrValue","functionOrValue":{"moduleName":["Background"],"name":"color"}}},{"range":[194,36,194,40],"value":{"type":"functionOrValue","functionOrValue":{"moduleName":[],"name":"blue"}}}]}},{"range":[195,19,195,35],"value":{"type":"application","application":[{"range":[195,19,195,29],"value":{"type":"functionOrValue","functionOrValue":{"moduleName":["Font"],"name":"color"}}},{"range":[195,30,195,35],"value":{"type":"functionOrValue","functionOrValue":{"moduleName":[],"name":"white"}}}]}},{"range":[196,19,196,40],"value":{"type":"application","application":[{"range":[196,19,196,31],"value":{"type":"functionOrValue","functionOrValue":{"moduleName":["Border"],"name":"color"}}},{"range":[196,32,196,40],"value":{"type":"functionOrValue","functionOrValue":{"moduleName":[],"name":"darkBlue"}}}]}},{"range":[197,19,197,34],"value":{"type":"application","application":[{"range":[197,19,197,28],"value":{"type":"functionOrValue","functionOrValue":{"moduleName":[],"name":"paddingXY"}}},{"range":[197,29,197,31],"value":{"type":"integer","integer":32}},{"range":[197,32,197,34],"value":{"type":"integer","integer":16}}]}},{"range":[198,19,198,35],"value":{"type":"application","application":[{"range":[198,19,198,33],"value":{"type":"functionOrValue","functionOrValue":{"moduleName":["Border"],"name":"rounded"}}},{"range":[198,34,198,35],"value":{"type":"integer","integer":3}}]}},{"range":[199,19,199,29],"value":{"type":"application","application":[{"range":[199,19,199,24],"value":{"type":"functionOrValue","functionOrValue":{"moduleName":[],"name":"width"}}},{"range":[199,25,199,29],"value":{"type":"functionOrValue","functionOrValue":{"moduleName":[],"name":"fill"}}}]}}]}},{"range":[201,17,203,18],"value":{"type":"record","record":[{"range":[201,19,201,36],"value":{"field":{"range":[201,19,201,26],"value":"onPress"},"expression":{"range":[201,29,201,36],"value":{"type":"functionOrValue","functionOrValue":{"moduleName":[],"name":"Nothing"}}}}},{"range":[202,19,203,17],"value":{"field":{"range":[202,19,202,24],"value":"label"},"expression":{"range":[202,27,202,65],"value":{"type":"application","application":[{"range":[202,27,202,39],"value":{"type":"functionOrValue","functionOrValue":{"moduleName":["Element"],"name":"text"}}},{"range":[202,40,202,65],"value":{"type":"literal","literal":"Place your lunch order!"}}]}}}}]}}]}}]}}]}}}}}}}],"comments":[{"range":[134,17,134,31],"value":"-- , padding 6"},{"range":[4,1,4,7],"value":"{-| -}"}]}