{"moduleDefinition":{"range":[2,1,2,26],"value":{"type":"normal","normal":{"moduleName":{"range":[2,8,2,12],"value":["Form"]},"exposingList":{"range":[2,13,2,26],"value":{"type":"all","all":[2,23,2,25]}}}}},"imports":[{"range":[6,1,6,15],"value":{"moduleName":{"range":[6,8,6,15],"value":["Browser"]},"moduleAlias":null,"exposingList":null}},{"range":[7,1,7,29],"value":{"moduleName":{"range":[7,8,7,15],"value":["Element"]},"moduleAlias":null,"exposingList":{"range":[7,16,7,29],"value":{"type":"all","all":[7,26,7,28]}}}},{"range":[8,1,8,40],"value":{"moduleName":{"range":[8,8,8,26],"value":["Element","Background"]},"moduleAlias":{"range":[8,30,8,40],"value":["Background"]},"exposingList":null}},{"range":[9,1,9,32],"value":{"moduleName":{"range":[9,8,9,22],"value":["Element","Border"]},"moduleAlias":{"range":[9,26,9,32],"value":["Border"]},"exposingList":null}},{"range":[10,1,10,28],"value":{"moduleName":{"range":[10,8,10,20],"value":["Element","Font"]},"moduleAlias":{"range":[10,24,10,28],"value":["Font"]},"exposingList":null}},{"range":[11,1,11,30],"value":{"moduleName":{"range":[11,8,11,21],"value":["Element","Input"]},"moduleAlias":{"range":[11,25,11,30],"value":["Input"]},"exposingList":null}},{"range":[12,1,12,32],"value":{"moduleName":{"range":[12,8,12,22],"value":["Element","Region"]},"moduleAlias":{"range":[12,26,12,32],"value":["Region"]},"exposingList":null}}],"declarations":[{"range":[15,1,16,22],"value":{"type":"function","function":{"documentation":null,"signature":null,"declaration":{"range":[15,1,16,22],"value":{"name":{"range":[15,1,15,6],"value":"white"},"arguments":[],"expression":{"range":[16,5,16,22],"value":{"type":"application","application":[{"range":[16,5,16,16],"value":{"type":"functionOrValue","functionOrValue":{"moduleName":["Element"],"name":"rgb"}}},{"range":[16,17,16,18],"value":{"type":"integer","integer":1}},{"range":[16,19,16,20],"value":{"type":"integer","integer":1}},{"range":[16,21,16,22],"value":{"type":"integer","integer":1}}]}}}}}}},{"range":[19,1,20,28],"value":{"type":"function","function":{"documentation":null,"signature":null,"declaration":{"range":[19,1,20,28],"value":{"name":{"range":[19,1,19,5],"value":"grey"},"arguments":[],"expression":{"range":[20,5,20,28],"value":{"type":"application","application":[{"range":[20,5,20,16],"value":{"type":"functionOrValue","functionOrValue":{"moduleName":["Element"],"name":"rgb"}}},{"range":[20,17,20,20],"value":{"type":"float","float":0.9}},{"range":[20,21,20,24],"value":{"type":"float","float":0.9}},{"range":[20,25,20,28],"value":{"type":"float","float":0.9}}]}}}}}}},{"range":[23,1,24,24],"value":{"type":"function","function":{"documentation":null,"signature":null,"declaration":{"range":[23,1,24,24],"value":{"name":{"range":[23,1,23,5],"value":"blue"},"arguments":[],"expression":{"range":[24,5,24,24],"value":{"type":"application","application":[{"range":[24,5,24,16],"value":{"type":"functionOrValue","functionOrValue":{"moduleName":["Element"],"name":"rgb"}}},{"range":[24,17,24,18],"value":{"type":"integer","integer":0}},{"range":[24,19,24,20],"value":{"type":"integer","integer":0}},{"range":[24,21,24,24],"value":{"type":"float","float":0.8}}]}}}}}}},{"range":[27,1,28,24],"value":{"type":"function","function":{"documentation":null,"signature":null,"declaration":{"range":[27,1,28,24],"value":{"name":{"range":[27,1,27,4],"value":"red"},"arguments":[],"expression":{"range":[28,5,28,24],"value":{"type":"application","application":[{"range":[28,5,28,16],"value":{"type":"functionOrValue","functionOrValue":{"moduleName":["Element"],"name":"rgb"}}},{"range":[28,17,28,20],"value":{"type":"float","float":0.8}},{"range":[28,21,28,22],"value":{"type":"integer","integer":0}},{"range":[28,23,28,24],"value":{"type":"integer","integer":0}}]}}}}}}},{"range":[31,1,32,24],"value":{"type":"function","function":{"documentation":null,"signature":null,"declaration":{"range":[31,1,32,24],"value":{"name":{"range":[31,1,31,9],"value":"darkBlue"},"arguments":[],"expression":{"range":[32,5,32,24],"value":{"type":"application","application":[{"range":[32,5,32,16],"value":{"type":"functionOrValue","functionOrValue":{"moduleName":["Element"],"name":"rgb"}}},{"range":[32,17,32,18],"value":{"type":"integer","integer":0}},{"range":[32,19,32,20],"value":{"type":"integer","integer":0}},{"range":[32,21,32,24],"value":{"type":"float","float":0.9}}]}}}}}}},{"range":[35,1,40,10],"value":{"type":"function","function":{"documentation":null,"signature":null,"declaration":{"range":[35,1,40,10],"value":{"name":{"range":[35,1,35,5],"value":"main"},"arguments":[],"expression":{"range":[36,5,40,10],"value":{"type":"application","application":[{"range":[36,5,36,20],"value":{"type":"functionOrValue","functionOrValue":{"moduleName":["Browser"],"name":"sandbox"}}},{"range":[37,9,40,10],"value":{"type":"record","record":[{"range":[37,11,37,22],"value":{"field":{"range":[37,11,37,15],"value":"init"},"expression":{"range":[37,18,37,22],"value":{"type":"functionOrValue","functionOrValue":{"moduleName":[],"name":"init"}}}}},{"range":[38,11,39,9],"value":{"field":{"range":[38,11,38,15],"value":"view"},"expression":{"range":[38,18,38,22],"value":{"type":"functionOrValue","functionOrValue":{"moduleName":[],"name":"view"}}}}},{"range":[39,11,40,9],"value":{"field":{"range":[39,11,39,17],"value":"update"},"expression":{"range":[39,20,39,26],"value":{"type":"functionOrValue","functionOrValue":{"moduleName":[],"name":"update"}}}}}]}}]}}}}}}},{"range":[43,1,50,6],"value":{"type":"function","function":{"documentation":null,"signature":null,"declaration":{"range":[43,1,50,6],"value":{"name":{"range":[43,1,43,5],"value":"init"},"arguments":[],"expression":{"range":[44,5,50,6],"value":{"type":"record","record":[{"range":[44,7,44,20],"value":{"field":{"range":[44,7,44,15],"value":"username"},"expression":{"range":[44,18,44,20],"value":{"type":"literal","literal":""}}}},{"range":[45,7,46,5],"value":{"field":{"range":[45,7,45,15],"value":"password"},"expression":{"range":[45,18,45,20],"value":{"type":"literal","literal":""}}}},{"range":[46,7,47,5],"value":{"field":{"range":[46,7,46,15],"value":"agreeTOS"},"expression":{"range":[46,18,46,23],"value":{"type":"functionOrValue","functionOrValue":{"moduleName":[],"name":"False"}}}}},{"range":[47,7,48,5],"value":{"field":{"range":[47,7,47,14],"value":"comment"},"expression":{"range":[47,17,47,48],"value":{"type":"literal","literal":"Extra hot sauce?\n\n\nYes pls"}}}},{"range":[48,7,49,5],"value":{"field":{"range":[48,7,48,12],"value":"lunch"},"expression":{"range":[48,15,48,19],"value":{"type":"functionOrValue","functionOrValue":{"moduleName":[],"name":"Gyro"}}}}},{"range":[49,7,50,5],"value":{"field":{"range":[49,7,49,16],"value":"spiciness"},"expression":{"range":[49,19,49,20],"value":{"type":"integer","integer":2}}}}]}}}}}}},{"range":[53,1,60,6],"value":{"type":"typeAlias","typeAlias":{"documentation":null,"name":{"range":[53,12,53,16],"value":"Form"},"generics":[],"typeAnnotation":{"range":[54,5,60,6],"value":{"type":"record","record":{"value":[{"range":[54,7,54,24],"value":{"name":{"range":[54,7,54,15],"value":"username"},"typeAnnotation":{"range":[54,18,54,24],"value":{"type":"typed","typed":{"moduleNameAndName":{"range":[54,18,54,24],"value":{"moduleName":[],"name":"String"}},"args":[]}}}}},{"range":[55,5,56,5],"value":{"name":{"range":[55,7,55,15],"value":"password"},"typeAnnotation":{"range":[55,18,55,24],"value":{"type":"typed","typed":{"moduleNameAndName":{"range":[55,18,55,24],"value":{"moduleName":[],"name":"String"}},"args":[]}}}}},{"range":[56,5,57,5],"value":{"name":{"range":[56,7,56,15],"value":"agreeTOS"},"typeAnnotation":{"range":[56,18,56,22],"value":{"type":"typed","typed":{"moduleNameAndName":{"range":[56,18,56,22],"value":{"moduleName":[],"name":"Bool"}},"args":[]}}}}},{"range":[57,5,58,5],"value":{"name":{"range":[57,7,57,14],"value":"comment"},"typeAnnotation":{"range":[57,17,57,23],"value":{"type":"typed","typed":{"moduleNameAndName":{"range":[57,17,57,23],"value":{"moduleName":[],"name":"String"}},"args":[]}}}}},{"range":[58,5,59,5],"value":{"name":{"range":[58,7,58,12],"value":"lunch"},"typeAnnotation":{"range":[58,15,58,20],"value":{"type":"typed","typed":{"moduleNameAndName":{"range":[58,15,58,20],"value":{"moduleName":[],"name":"Lunch"}},"args":[]}}}}},{"range":[59,5,60,5],"value":{"name":{"range":[59,7,59,16],"value":"spiciness"},"typeAnnotation":{"range":[59,19,59,24],"value":{"type":"typed","typed":{"moduleNameAndName":{"range":[59,19,59,24],"value":{"moduleName":[],"name":"Float"}},"args":[]}}}}}]}}}}}},{"range":[63,1,64,18],"value":{"type":"typedecl","typedecl":{"documentation":null,"name":{"range":[63,6,63,9],"value":"Msg"},"generics":[],"constructors":[{"range":[64,7,64,18],"value":{"name":{"range":[64,7,64,13],"value":"Update"},"arguments":[{"range":[64,14,64,18],"value":{"type":"typed","typed":{"moduleNameAndName":{"range":[64,14,64,18],"value":{"moduleName":[],"name":"Form"}},"args":[]}}}]}}]}}},{"range":[67,1,70,16],"value":{"type":"function","function":{"documentation":null,"signature":null,"declaration":{"range":[67,1,70,16],"value":{"name":{"range":[67,1,67,7],"value":"update"},"arguments":[{"range":[67,8,67,11],"value":{"type":"var","var":{"value":"msg"}}},{"range":[67,12,67,17],"value":{"type":"var","var":{"value":"model"}}}],"expression":{"range":[68,5,70,16],"value":{"type":"case","case":{"cases":[{"pattern":{"range":[69,9,69,19],"value":{"type":"named","named":{"qualified":{"moduleName":[],"name":"Update"},"patterns":[{"range":[69,16,69,19],"value":{"type":"var","var":{"value":"new"}}}]}}},"expression":{"range":[70,13,70,16],"value":{"type":"functionOrValue","functionOrValue":{"moduleName":[],"name":"new"}}}}],"expression":{"range":[68,10,68,29],"value":{"type":"application","application":[{"range":[68,10,68,19],"value":{"type":"functionOrValue","functionOrValue":{"moduleName":["Debug"],"name":"log"}}},{"range":[68,20,68,25],"value":{"type":"literal","literal":"msg"}},{"range":[68,26,68,29],"value":{"type":"functionOrValue","functionOrValue":{"moduleName":[],"name":"msg"}}}]}}}}}}}}}},{"range":[73,1,76,11],"value":{"type":"typedecl","typedecl":{"documentation":null,"name":{"range":[73,6,73,11],"value":"Lunch"},"generics":[],"constructors":[{"range":[74,7,74,14],"value":{"name":{"range":[74,7,74,14],"value":"Burrito"},"arguments":[]}},{"range":[75,7,75,11],"value":{"name":{"range":[75,7,75,11],"value":"Taco"},"arguments":[]}},{"range":[76,7,76,11],"value":{"name":{"range":[76,7,76,11],"value":"Gyro"},"arguments":[]}}]}}},{"range":[79,1,203,14],"value":{"type":"function","function":{"documentation":null,"signature":null,"declaration":{"range":[79,1,203,14],"value":{"name":{"range":[79,1,79,5],"value":"view"},"arguments":[{"range":[79,6,79,11],"value":{"type":"var","var":{"value":"model"}}}],"expression":{"range":[80,5,203,14],"value":{"type":"application","application":[{"range":[80,5,80,19],"value":{"type":"functionOrValue","functionOrValue":{"moduleName":["Element"],"name":"layout"}}},{"range":[81,9,82,10],"value":{"type":"list","list":[{"range":[81,11,81,23],"value":{"type":"application","application":[{"range":[81,11,81,20],"value":{"type":"functionOrValue","functionOrValue":{"moduleName":["Font"],"name":"size"}}},{"range":[81,21,81,23],"value":{"type":"integer","integer":20}}]}}]}},{"range":[83,5,83,7],"value":{"type":"operator","operator":"<|"}},{"range":[84,9,84,23],"value":{"type":"functionOrValue","functionOrValue":{"moduleName":["Element"],"name":"column"}}},{"range":[84,24,84,119],"value":{"type":"list","list":[{"range":[84,26,84,40],"value":{"type":"application","application":[{"range":[84,26,84,31],"value":{"type":"functionOrValue","functionOrValue":{"moduleName":[],"name":"width"}}},{"range":[84,32,84,40],"value":{"type":"parenthesized","parenthesized":{"range":[84,33,84,39],"value":{"type":"application","application":[{"range":[84,33,84,35],"value":{"type":"functionOrValue","functionOrValue":{"moduleName":[],"name":"px"}}},{"range":[84,36,84,39],"value":{"type":"integer","integer":800}}]}}}}]}},{"range":[84,42,84,55],"value":{"type":"application","application":[{"range":[84,42,84,48],"value":{"type":"functionOrValue","functionOrValue":{"moduleName":[],"name":"height"}}},{"range":[84,49,84,55],"value":{"type":"functionOrValue","functionOrValue":{"moduleName":[],"name":"shrink"}}}]}},{"range":[84,57,84,64],"value":{"type":"functionOrValue","functionOrValue":{"moduleName":[],"name":"centerY"}}},{"range":[84,66,84,73],"value":{"type":"functionOrValue","functionOrValue":{"moduleName":[],"name":"centerX"}}},{"range":[84,75,84,85],"value":{"type":"application","application":[{"range":[84,75,84,82],"value":{"type":"functionOrValue","functionOrValue":{"moduleName":[],"name":"spacing"}}},{"range":[84,83,84,85],"value":{"type":"integer","integer":36}}]}},{"range":[84,87,84,97],"value":{"type":"application","application":[{"range":[84,87,84,94],"value":{"type":"functionOrValue","functionOrValue":{"moduleName":[],"name":"padding"}}},{"range":[84,95,84,97],"value":{"type":"integer","integer":10}}]}},{"range":[84,99,84,117],"value":{"type":"application","application":[{"range":[84,99,84,106],"value":{"type":"functionOrValue","functionOrValue":{"moduleName":[],"name":"explain"}}},{"range":[84,107,84,117],"value":{"type":"functionOrValue","functionOrValue":{"moduleName":["Debug"],"name":"todo"}}}]}}]}},{"range":[85,13,203,14],"value":{"type":"list","list":[{"range":[85,15,90,73],"value":{"type":"application","application":[{"range":[85,15,85,17],"value":{"type":"functionOrValue","functionOrValue":{"moduleName":[],"name":"el"}}},{"range":[86,17,89,18],"value":{"type":"list","list":[{"range":[86,19,86,35],"value":{"type":"application","application":[{"range":[86,19,86,33],"value":{"type":"functionOrValue","functionOrValue":{"moduleName":["Region"],"name":"heading"}}},{"range":[86,34,86,35],"value":{"type":"integer","integer":1}}]}},{"range":[87,19,87,28],"value":{"type":"functionOrValue","functionOrValue":{"moduleName":[],"name":"alignLeft"}}},{"range":[88,19,88,31],"value":{"type":"application","application":[{"range":[88,19,88,28],"value":{"type":"functionOrValue","functionOrValue":{"moduleName":["Font"],"name":"size"}}},{"range":[88,29,88,31],"value":{"type":"integer","integer":36}}]}}]}},{"range":[90,17,90,73],"value":{"type":"parenthesized","parenthesized":{"range":[90,18,90,72],"value":{"type":"application","application":[{"range":[90,18,90,22],"value":{"type":"functionOrValue","functionOrValue":{"moduleName":[],"name":"text"}}},{"range":[90,23,90,72],"value":{"type":"literal","literal":"Welcome to the Stylish Elephants Lunch Emporium"}}]}}}}]}},{"range":[91,15,104,18],"value":{"type":"application","application":[{"range":[91,15,91,26],"value":{"type":"functionOrValue","functionOrValue":{"moduleName":["Input"],"name":"radio"}}},{"range":[92,17,95,18],"value":{"type":"list","list":[{"range":[92,19,92,29],"value":{"type":"application","application":[{"range":[92,19,92,26],"value":{"type":"functionOrValue","functionOrValue":{"moduleName":[],"name":"spacing"}}},{"range":[92,27,92,29],"value":{"type":"integer","integer":12}}]}},{"range":[93,19,93,40],"value":{"type":"application","application":[{"range":[93,19,93,35],"value":{"type":"functionOrValue","functionOrValue":{"moduleName":["Background"],"name":"color"}}},{"range":[93,36,93,40],"value":{"type":"functionOrValue","functionOrValue":{"moduleName":[],"name":"grey"}}}]}},{"range":[94,19,94,31],"value":{"type":"application","application":[{"range":[94,19,94,28],"value":{"type":"functionOrValue","functionOrValue":{"moduleName":["Font"],"name":"size"}}},{"range":[94,29,94,31],"value":{"type":"integer","integer":30}}]}}]}},{"range":[96,17,104,18],"value":{"type":"record","record":[{"range":[96,19,96,46],"value":{"field":{"range":[96,19,96,27],"value":"selected"},"expression":{"range":[96,30,96,46],"value":{"type":"application","application":[{"range":[96,30,96,34],"value":{"type":"functionOrValue","functionOrValue":{"moduleName":[],"name":"Just"}}},{"range":[96,40,96,46],"value":{"type":"recordAccess","recordAccess":{"expression":{"range":[96,35,96,40],"value":{"type":"functionOrValue","functionOrValue":{"moduleName":[],"name":"model"}}},"name":{"range":[96,41,96,46],"value":"lunch"}}}}]}}}},{"range":[97,19,98,17],"value":{"field":{"range":[97,19,97,27],"value":"onChange"},"expression":{"range":[97,30,98,17],"value":{"type":"lambda","lambda":{"patterns":[{"range":[97,31,97,34],"value":{"type":"var","var":{"value":"new"}}}],"expression":{"range":[97,38,97,68],"value":{"type":"application","application":[{"range":[97,38,97,44],"value":{"type":"functionOrValue","functionOrValue":{"moduleName":[],"name":"Update"}}},{"range":[97,45,97,68],"value":{"type":"recordUpdate","recordUpdate":{"name":{"range":[97,47,97,52],"value":"model"},"updates":[{"range":[97,55,97,67],"value":{"field":{"range":[97,55,97,60],"value":"lunch"},"expression":{"range":[97,63,97,66],"value":{"type":"functionOrValue","functionOrValue":{"moduleName":[],"name":"new"}}}}}]}}}]}}}}}}},{"range":[98,19,99,17],"value":{"field":{"range":[98,19,98,24],"value":"label"},"expression":{"range":[98,27,98,116],"value":{"type":"application","application":[{"range":[98,27,98,43],"value":{"type":"functionOrValue","functionOrValue":{"moduleName":["Input"],"name":"labelAbove"}}},{"range":[98,44,98,76],"value":{"type":"list","list":[{"range":[98,46,98,58],"value":{"type":"application","application":[{"range":[98,46,98,55],"value":{"type":"functionOrValue","functionOrValue":{"moduleName":["Font"],"name":"size"}}},{"range":[98,56,98,58],"value":{"type":"integer","integer":30}}]}},{"range":[98,60,98,74],"value":{"type":"application","application":[{"range":[98,60,98,69],"value":{"type":"functionOrValue","functionOrValue":{"moduleName":[],"name":"paddingXY"}}},{"range":[98,70,98,71],"value":{"type":"integer","integer":0}},{"range":[98,72,98,74],"value":{"type":"integer","integer":12}}]}}]}},{"range":[98,77,98,116],"value":{"type":"parenthesized","parenthesized":{"range":[98,78,98,115],"value":{"type":"application","application":[{"range":[98,78,98,82],"value":{"type":"functionOrValue","functionOrValue":{"moduleName":[],"name":"text"}}},{"range":[98,83,98,115],"value":{"type":"literal","literal":"What would you like for lunch?"}}]}}}}]}}}},{"range":[99,19,104,17],"value":{"field":{"range":[99,19,99,26],"value":"options"},"expression":{"range":[100,21,103,22],"value":{"type":"list","list":[{"range":[100,23,100,54],"value":{"type":"application","application":[{"range":[100,23,100,35],"value":{"type":"functionOrValue","functionOrValue":{"moduleName":["Input"],"name":"option"}}},{"range":[100,36,100,40],"value":{"type":"functionOrValue","functionOrValue":{"moduleName":[],"name":"Gyro"}}},{"range":[100,41,100,54],"value":{"type":"parenthesized","parenthesized":{"range":[100,42,100,53],"value":{"type":"application","application":[{"range":[100,42,100,46],"value":{"type":"functionOrValue","functionOrValue":{"moduleName":[],"name":"text"}}},{"range":[100,47,100,53],"value":{"type":"literal","literal":"Gyro"}}]}}}}]}},{"range":[101,23,101,60],"value":{"type":"application","application":[{"range":[101,23,101,35],"value":{"type":"functionOrValue","functionOrValue":{"moduleName":["Input"],"name":"option"}}},{"range":[101,36,101,43],"value":{"type":"functionOrValue","functionOrValue":{"moduleName":[],"name":"Burrito"}}},{"range":[101,44,101,60],"value":{"type":"parenthesized","parenthesized":{"range":[101,45,101,59],"value":{"type":"application","application":[{"range":[101,45,101,49],"value":{"type":"functionOrValue","functionOrValue":{"moduleName":[],"name":"text"}}},{"range":[101,50,101,59],"value":{"type":"literal","literal":"Burrito"}}]}}}}]}},{"range":[102,23,102,54],"value":{"type":"application","application":[{"range":[102,23,102,35],"value":{"type":"functionOrValue","functionOrValue":{"moduleName":["Input"],"name":"option"}}},{"range":[102,36,102,40],"value":{"type":"functionOrValue","functionOrValue":{"moduleName":[],"name":"Taco"}}},{"range":[102,41,102,54],"value":{"type":"parenthesized","parenthesized":{"range":[102,42,102,53],"value":{"type":"application","application":[{"range":[102,42,102,46],"value":{"type":"functionOrValue","functionOrValue":{"moduleName":[],"name":"text"}}},{"range":[102,47,102,53],"value":{"type":"literal","literal":"Taco"}}]}}}}]}}]}}}}]}}]}},{"range":[105,15,121,18],"value":{"type":"application","application":[{"range":[105,15,105,29],"value":{"type":"functionOrValue","functionOrValue":{"moduleName":["Input"],"name":"username"}}},{"range":[106,17,116,18],"value":{"type":"list","list":[{"range":[106,19,106,29],"value":{"type":"application","application":[{"range":[106,19,106,26],"value":{"type":"functionOrValue","functionOrValue":{"moduleName":[],"name":"spacing"}}},{"range":[106,27,106,29],"value":{"type":"integer","integer":12}}]}},{"range":[107,19,115,22],"value":{"type":"application","application":[{"range":[107,19,107,24],"value":{"type":"functionOrValue","functionOrValue":{"moduleName":[],"name":"below"}}},{"range":[108,21,115,22],"value":{"type":"parenthesized","parenthesized":{"range":[108,22,114,51],"value":{"type":"application","application":[{"range":[108,22,108,24],"value":{"type":"functionOrValue","functionOrValue":{"moduleName":[],"name":"el"}}},{"range":[109,25,113,26],"value":{"type":"list","list":[{"range":[109,27,109,41],"value":{"type":"application","application":[{"range":[109,27,109,37],"value":{"type":"functionOrValue","functionOrValue":{"moduleName":["Font"],"name":"color"}}},{"range":[109,38,109,41],"value":{"type":"functionOrValue","functionOrValue":{"moduleName":[],"name":"red"}}}]}},{"range":[110,27,110,39],"value":{"type":"application","application":[{"range":[110,27,110,36],"value":{"type":"functionOrValue","functionOrValue":{"moduleName":["Font"],"name":"size"}}},{"range":[110,37,110,39],"value":{"type":"integer","integer":14}}]}},{"range":[111,27,111,37],"value":{"type":"functionOrValue","functionOrValue":{"moduleName":[],"name":"alignRight"}}},{"range":[112,27,112,37],"value":{"type":"application","application":[{"range":[112,27,112,35],"value":{"type":"functionOrValue","functionOrValue":{"moduleName":[],"name":"moveDown"}}},{"range":[112,36,112,37],"value":{"type":"integer","integer":6}}]}}]}},{"range":[114,25,114,51],"value":{"type":"parenthesized","parenthesized":{"range":[114,26,114,50],"value":{"type":"application","application":[{"range":[114,26,114,30],"value":{"type":"functionOrValue","functionOrValue":{"moduleName":[],"name":"text"}}},{"range":[114,31,114,50],"value":{"type":"literal","literal":"This one is wrong"}}]}}}}]}}}}]}}]}},{"range":[117,17,121,18],"value":{"type":"record","record":[{"range":[117,19,117,40],"value":{"field":{"range":[117,19,117,23],"value":"text"},"expression":{"range":[117,31,117,40],"value":{"type":"recordAccess","recordAccess":{"expression":{"range":[117,26,117,31],"value":{"type":"functionOrValue","functionOrValue":{"moduleName":[],"name":"model"}}},"name":{"range":[117,32,117,40],"value":"username"}}}}}},{"range":[118,19,119,17],"value":{"field":{"range":[118,19,118,30],"value":"placeholder"},"expression":{"range":[118,33,118,78],"value":{"type":"application","application":[{"range":[118,33,118,37],"value":{"type":"functionOrValue","functionOrValue":{"moduleName":[],"name":"Just"}}},{"range":[118,38,118,78],"value":{"type":"parenthesized","parenthesized":{"range":[118,39,118,77],"value":{"type":"application","application":[{"range":[118,39,118,56],"value":{"type":"functionOrValue","functionOrValue":{"moduleName":["Input"],"name":"placeholder"}}},{"range":[118,57,118,59],"value":{"type":"list","list":[]}},{"range":[118,60,118,77],"value":{"type":"parenthesized","parenthesized":{"range":[118,61,118,76],"value":{"type":"application","application":[{"range":[118,61,118,65],"value":{"type":"functionOrValue","functionOrValue":{"moduleName":[],"name":"text"}}},{"range":[118,66,118,76],"value":{"type":"literal","literal":"username"}}]}}}}]}}}}]}}}},{"range":[119,19,120,17],"value":{"field":{"range":[119,19,119,27],"value":"onChange"},"expression":{"range":[119,30,120,17],"value":{"type":"lambda","lambda":{"patterns":[{"range":[119,31,119,34],"value":{"type":"var","var":{"value":"new"}}}],"expression":{"range":[119,38,119,71],"value":{"type":"application","application":[{"range":[119,38,119,44],"value":{"type":"functionOrValue","functionOrValue":{"moduleName":[],"name":"Update"}}},{"range":[119,45,119,71],"value":{"type":"recordUpdate","recordUpdate":{"name":{"range":[119,47,119,52],"value":"model"},"updates":[{"range":[119,55,119,70],"value":{"field":{"range":[119,55,119,63],"value":"username"},"expression":{"range":[119,66,119,69],"value":{"type":"functionOrValue","functionOrValue":{"moduleName":[],"name":"new"}}}}}]}}}]}}}}}}},{"range":[120,19,121,17],"value":{"field":{"range":[120,19,120,24],"value":"label"},"expression":{"range":[120,27,120,78],"value":{"type":"application","application":[{"range":[120,27,120,43],"value":{"type":"functionOrValue","functionOrValue":{"moduleName":["Input"],"name":"labelAbove"}}},{"range":[120,44,120,60],"value":{"type":"list","list":[{"range":[120,46,120,58],"value":{"type":"application","application":[{"range":[120,46,120,55],"value":{"type":"functionOrValue","functionOrValue":{"moduleName":["Font"],"name":"size"}}},{"range":[120,56,120,58],"value":{"type":"integer","integer":14}}]}}]}},{"range":[120,61,120,78],"value":{"type":"parenthesized","parenthesized":{"range":[120,62,120,77],"value":{"type":"application","application":[{"range":[120,62,120,66],"value":{"type":"functionOrValue","functionOrValue":{"moduleName":[],"name":"text"}}},{"range":[120,67,120,77],"value":{"type":"literal","literal":"Username"}}]}}}}]}}}}]}}]}},{"range":[122,15,128,18],"value":{"type":"application","application":[{"range":[122,15,122,36],"value":{"type":"functionOrValue","functionOrValue":{"moduleName":["Input"],"name":"currentPassword"}}},{"range":[122,37,122,65],"value":{"type":"list","list":[{"range":[122,39,122,49],"value":{"type":"application","application":[{"range":[122,39,122,46],"value":{"type":"functionOrValue","functionOrValue":{"moduleName":[],"name":"spacing"}}},{"range":[122,47,122,49],"value":{"type":"integer","integer":12}}]}},{"range":[122,51,122,63],"value":{"type":"application","application":[{"range":[122,51,122,56],"value":{"type":"functionOrValue","functionOrValue":{"moduleName":[],"name":"width"}}},{"range":[122,57,122,63],"value":{"type":"functionOrValue","functionOrValue":{"moduleName":[],"name":"shrink"}}}]}}]}},{"range":[123,17,128,18],"value":{"type":"record","record":[{"range":[123,19,123,40],"value":{"field":{"range":[123,19,123,23],"value":"text"},"expression":{"range":[123,31,123,40],"value":{"type":"recordAccess","recordAccess":{"expression":{"range":[123,26,123,31],"value":{"type":"functionOrValue","functionOrValue":{"moduleName":[],"name":"model"}}},"name":{"range":[123,32,123,40],"value":"password"}}}}}},{"range":[124,19,125,17],"value":{"field":{"range":[124,19,124,30],"value":"placeholder"},"expression":{"range":[124,33,124,40],"value":{"type":"functionOrValue","functionOrValue":{"moduleName":[],"name":"Nothing"}}}}},{"range":[125,19,126,17],"value":{"field":{"range":[125,19,125,27],"value":"onChange"},"expression":{"range":[125,30,126,17],"value":{"type":"lambda","lambda":{"patterns":[{"range":[125,31,125,34],"value":{"type":"var","var":{"value":"new"}}}],"expression":{"range":[125,38,125,71],"value":{"type":"application","application":[{"range":[125,38,125,44],"value":{"type":"functionOrValue","functionOrValue":{"moduleName":[],"name":"Update"}}},{"range":[125,45,125,71],"value":{"type":"recordUpdate","recordUpdate":{"name":{"range":[125,47,125,52],"value":"model"},"updates":[{"range":[125,55,125,70],"value":{"field":{"range":[125,55,125,63],"value":"password"},"expression":{"range":[125,66,125,69],"value":{"type":"functionOrValue","functionOrValue":{"moduleName":[],"name":"new"}}}}}]}}}]}}}}}}},{"range":[126,19,127,17],"value":{"field":{"range":[126,19,126,24],"value":"label"},"expression":{"range":[126,27,126,78],"value":{"type":"application","application":[{"range":[126,27,126,43],"value":{"type":"functionOrValue","functionOrValue":{"moduleName":["Input"],"name":"labelAbove"}}},{"range":[126,44,126,60],"value":{"type":"list","list":[{"range":[126,46,126,58],"value":{"type":"application","application":[{"range":[126,46,126,55],"value":{"type":"functionOrValue","functionOrValue":{"moduleName":["Font"],"name":"size"}}},{"range":[126,56,126,58],"value":{"type":"integer","integer":14}}]}}]}},{"range":[126,61,126,78],"value":{"type":"parenthesized","parenthesized":{"range":[126,62,126,77],"value":{"type":"application","application":[{"range":[126,62,126,66],"value":{"type":"functionOrValue","functionOrValue":{"moduleName":[],"name":"text"}}},{"range":[126,67,126,77],"value":{"type":"literal","literal":"Password"}}]}}}}]}}}},{"range":[127,19,128,17],"value":{"field":{"range":[127,19,127,23],"value":"show"},"expression":{"range":[127,26,127,31],"value":{"type":"functionOrValue","functionOrValue":{"moduleName":[],"name":"False"}}}}}]}}]}},{"range":[129,15,140,18],"value":{"type":"application","application":[{"range":[129,15,129,30],"value":{"type":"functionOrValue","functionOrValue":{"moduleName":["Input"],"name":"multiline"}}},{"range":[130,17,134,18],"value":{"type":"list","list":[{"range":[130,19,130,32],"value":{"type":"application","application":[{"range":[130,19,130,25],"value":{"type":"functionOrValue","functionOrValue":{"moduleName":[],"name":"height"}}},{"range":[130,26,130,32],"value":{"type":"functionOrValue","functionOrValue":{"moduleName":[],"name":"shrink"}}}]}},{"range":[131,19,131,29],"value":{"type":"application","application":[{"range":[131,19,131,26],"value":{"type":"functionOrValue","functionOrValue":{"moduleName":[],"name":"spacing"}}},{"range":[131,27,131,29],"value":{"type":"integer","integer":12}}]}}]}},{"range":[135,17,140,18],"value":{"type":"record","record":[{"range":[135,19,135,39],"value":{"field":{"range":[135,19,135,23],"value":"text"},"expression":{"range":[135,31,135,39],"value":{"type":"recordAccess","recordAccess":{"expression":{"range":[135,26,135,31],"value":{"type":"functionOrValue","functionOrValue":{"moduleName":[],"name":"model"}}},"name":{"range":[135,32,135,39],"value":"comment"}}}}}},{"range":[136,19,137,17],"value":{"field":{"range":[136,19,136,30],"value":"placeholder"},"expression":{"range":[136,33,136,99],"value":{"type":"application","application":[{"range":[136,33,136,37],"value":{"type":"functionOrValue","functionOrValue":{"moduleName":[],"name":"Just"}}},{"range":[136,38,136,99],"value":{"type":"parenthesized","parenthesized":{"range":[136,39,136,98],"value":{"type":"application","application":[{"range":[136,39,136,56],"value":{"type":"functionOrValue","functionOrValue":{"moduleName":["Input"],"name":"placeholder"}}},{"range":[136,57,136,59],"value":{"type":"list","list":[]}},{"range":[136,60,136,98],"value":{"type":"parenthesized","parenthesized":{"range":[136,61,136,97],"value":{"type":"application","application":[{"range":[136,61,136,65],"value":{"type":"functionOrValue","functionOrValue":{"moduleName":[],"name":"text"}}},{"range":[136,66,136,97],"value":{"type":"literal","literal":"Extra hot sauce?\n\n\nYes pls"}}]}}}}]}}}}]}}}},{"range":[137,19,138,17],"value":{"field":{"range":[137,19,137,27],"value":"onChange"},"expression":{"range":[137,30,138,17],"value":{"type":"lambda","lambda":{"patterns":[{"range":[137,31,137,34],"value":{"type":"var","var":{"value":"new"}}}],"expression":{"range":[137,38,137,70],"value":{"type":"application","application":[{"range":[137,38,137,44],"value":{"type":"functionOrValue","functionOrValue":{"moduleName":[],"name":"Update"}}},{"range":[137,45,137,70],"value":{"type":"recordUpdate","recordUpdate":{"name":{"range":[137,47,137,52],"value":"model"},"updates":[{"range":[137,55,137,69],"value":{"field":{"range":[137,55,137,62],"value":"comment"},"expression":{"range":[137,65,137,68],"value":{"type":"functionOrValue","functionOrValue":{"moduleName":[],"name":"new"}}}}}]}}}]}}}}}}},{"range":[138,19,139,17],"value":{"field":{"range":[138,19,138,24],"value":"label"},"expression":{"range":[138,27,138,86],"value":{"type":"application","application":[{"range":[138,27,138,43],"value":{"type":"functionOrValue","functionOrValue":{"moduleName":["Input"],"name":"labelAbove"}}},{"range":[138,44,138,60],"value":{"type":"list","list":[{"range":[138,46,138,58],"value":{"type":"application","application":[{"range":[138,46,138,55],"value":{"type":"functionOrValue","functionOrValue":{"moduleName":["Font"],"name":"size"}}},{"range":[138,56,138,58],"value":{"type":"integer","integer":14}}]}}]}},{"range":[138,61,138,86],"value":{"type":"parenthesized","parenthesized":{"range":[138,62,138,85],"value":{"type":"application","application":[{"range":[138,62,138,66],"value":{"type":"functionOrValue","functionOrValue":{"moduleName":[],"name":"text"}}},{"range":[138,67,138,85],"value":{"type":"literal","literal":"Leave a comment!"}}]}}}}]}}}},{"range":[139,19,140,17],"value":{"field":{"range":[139,19,139,29],"value":"spellcheck"},"expression":{"range":[139,32,139,37],"value":{"type":"functionOrValue","functionOrValue":{"moduleName":[],"name":"False"}}}}}]}}]}},{"range":[141,15,146,18],"value":{"type":"application","application":[{"range":[141,15,141,29],"value":{"type":"functionOrValue","functionOrValue":{"moduleName":["Input"],"name":"checkbox"}}},{"range":[141,30,141,32],"value":{"type":"list","list":[]}},{"range":[142,17,146,18],"value":{"type":"record","record":[{"range":[142,19,142,43],"value":{"field":{"range":[142,19,142,26],"value":"checked"},"expression":{"range":[142,34,142,43],"value":{"type":"recordAccess","recordAccess":{"expression":{"range":[142,29,142,34],"value":{"type":"functionOrValue","functionOrValue":{"moduleName":[],"name":"model"}}},"name":{"range":[142,35,142,43],"value":"agreeTOS"}}}}}},{"range":[143,19,144,17],"value":{"field":{"range":[143,19,143,27],"value":"onChange"},"expression":{"range":[143,30,144,17],"value":{"type":"lambda","lambda":{"patterns":[{"range":[143,31,143,34],"value":{"type":"var","var":{"value":"new"}}}],"expression":{"range":[143,38,143,71],"value":{"type":"application","application":[{"range":[143,38,143,44],"value":{"type":"functionOrValue","functionOrValue":{"moduleName":[],"name":"Update"}}},{"range":[143,45,143,71],"value":{"type":"recordUpdate","recordUpdate":{"name":{"range":[143,47,143,52],"value":"model"},"updates":[{"range":[143,55,143,70],"value":{"field":{"range":[143,55,143,63],"value":"agreeTOS"},"expression":{"range":[143,66,143,69],"value":{"type":"functionOrValue","functionOrValue":{"moduleName":[],"name":"new"}}}}}]}}}]}}}}}}},{"range":[144,19,145,17],"value":{"field":{"range":[144,19,144,23],"value":"icon"},"expression":{"range":[144,26,144,47],"value":{"type":"functionOrValue","functionOrValue":{"moduleName":["Input"],"name":"defaultCheckbox"}}}}},{"range":[145,19,146,17],"value":{"field":{"range":[145,19,145,24],"value":"label"},"expression":{"range":[145,27,145,81],"value":{"type":"application","application":[{"range":[145,27,145,43],"value":{"type":"functionOrValue","functionOrValue":{"moduleName":["Input"],"name":"labelRight"}}},{"range":[145,44,145,46],"value":{"type":"list","list":[]}},{"range":[145,47,145,81],"value":{"type":"parenthesized","parenthesized":{"range":[145,48,145,80],"value":{"type":"application","application":[{"range":[145,48,145,52],"value":{"type":"functionOrValue","functionOrValue":{"moduleName":[],"name":"text"}}},{"range":[145,53,145,80],"value":{"type":"literal","literal":"Agree to Terms of Service"}}]}}}}]}}}}]}}]}},{"range":[147,15,168,18],"value":{"type":"application","application":[{"range":[147,15,147,27],"value":{"type":"functionOrValue","functionOrValue":{"moduleName":["Input"],"name":"slider"}}},{"range":[148,17,159,18],"value":{"type":"list","list":[{"range":[148,19,148,49],"value":{"type":"application","application":[{"range":[148,19,148,33],"value":{"type":"functionOrValue","functionOrValue":{"moduleName":["Element"],"name":"height"}}},{"range":[148,34,148,49],"value":{"type":"parenthesized","parenthesized":{"range":[148,35,148,48],"value":{"type":"application","application":[{"range":[148,35,148,45],"value":{"type":"functionOrValue","functionOrValue":{"moduleName":["Element"],"name":"px"}}},{"range":[148,46,148,48],"value":{"type":"integer","integer":30}}]}}}}]}},{"range":[149,19,158,22],"value":{"type":"application","application":[{"range":[149,19,149,40],"value":{"type":"functionOrValue","functionOrValue":{"moduleName":["Element"],"name":"behindContent"}}},{"range":[150,21,158,22],"value":{"type":"parenthesized","parenthesized":{"range":[150,22,157,37],"value":{"type":"application","application":[{"range":[150,22,150,32],"value":{"type":"functionOrValue","functionOrValue":{"moduleName":["Element"],"name":"el"}}},{"range":[151,25,156,26],"value":{"type":"list","list":[{"range":[151,27,151,53],"value":{"type":"application","application":[{"range":[151,27,151,40],"value":{"type":"functionOrValue","functionOrValue":{"moduleName":["Element"],"name":"width"}}},{"range":[151,41,151,53],"value":{"type":"functionOrValue","functionOrValue":{"moduleName":["Element"],"name":"fill"}}}]}},{"range":[152,27,152,56],"value":{"type":"application","application":[{"range":[152,27,152,41],"value":{"type":"functionOrValue","functionOrValue":{"moduleName":["Element"],"name":"height"}}},{"range":[152,42,152,56],"value":{"type":"parenthesized","parenthesized":{"range":[152,43,152,55],"value":{"type":"application","application":[{"range":[152,43,152,53],"value":{"type":"functionOrValue","functionOrValue":{"moduleName":["Element"],"name":"px"}}},{"range":[152,54,152,55],"value":{"type":"integer","integer":2}}]}}}}]}},{"range":[153,27,153,42],"value":{"type":"functionOrValue","functionOrValue":{"moduleName":["Element"],"name":"centerY"}}},{"range":[154,27,154,48],"value":{"type":"application","application":[{"range":[154,27,154,43],"value":{"type":"functionOrValue","functionOrValue":{"moduleName":["Background"],"name":"color"}}},{"range":[154,44,154,48],"value":{"type":"functionOrValue","functionOrValue":{"moduleName":[],"name":"grey"}}}]}},{"range":[155,27,155,43],"value":{"type":"application","application":[{"range":[155,27,155,41],"value":{"type":"functionOrValue","functionOrValue":{"moduleName":["Border"],"name":"rounded"}}},{"range":[155,42,155,43],"value":{"type":"integer","integer":2}}]}}]}},{"range":[157,25,157,37],"value":{"type":"functionOrValue","functionOrValue":{"moduleName":["Element"],"name":"none"}}}]}}}}]}}]}},{"range":[160,17,168,18],"value":{"type":"record","record":[{"range":[160,19,161,17],"value":{"field":{"range":[160,19,160,27],"value":"onChange"},"expression":{"range":[160,30,161,17],"value":{"type":"lambda","lambda":{"patterns":[{"range":[160,31,160,34],"value":{"type":"var","var":{"value":"new"}}}],"expression":{"range":[160,38,160,72],"value":{"type":"application","application":[{"range":[160,38,160,44],"value":{"type":"functionOrValue","functionOrValue":{"moduleName":[],"name":"Update"}}},{"range":[160,45,160,72],"value":{"type":"recordUpdate","recordUpdate":{"name":{"range":[160,47,160,52],"value":"model"},"updates":[{"range":[160,55,160,71],"value":{"field":{"range":[160,55,160,64],"value":"spiciness"},"expression":{"range":[160,67,160,70],"value":{"type":"functionOrValue","functionOrValue":{"moduleName":[],"name":"new"}}}}}]}}}]}}}}}}},{"range":[161,19,162,17],"value":{"field":{"range":[161,19,161,24],"value":"label"},"expression":{"range":[161,27,161,105],"value":{"type":"application","application":[{"range":[161,27,161,43],"value":{"type":"functionOrValue","functionOrValue":{"moduleName":["Input"],"name":"labelAbove"}}},{"range":[161,44,161,46],"value":{"type":"list","list":[]}},{"range":[161,47,161,105],"value":{"type":"parenthesized","parenthesized":{"range":[161,48,161,104],"value":{"type":"application","application":[{"range":[161,48,161,52],"value":{"type":"functionOrValue","functionOrValue":{"moduleName":[],"name":"text"}}},{"range":[161,53,161,104],"value":{"type":"parenthesized","parenthesized":{"range":[161,54,161,103],"value":{"type":"application","application":[{"range":[161,54,161,67],"value":{"type":"literal","literal":"Spiciness: "}},{"range":[161,68,161,70],"value":{"type":"operator","operator":"++"}},{"range":[161,71,161,87],"value":{"type":"functionOrValue","functionOrValue":{"moduleName":["String"],"name":"fromFloat"}}},{"range":[161,93,161,103],"value":{"type":"recordAccess","recordAccess":{"expression":{"range":[161,88,161,93],"value":{"type":"functionOrValue","functionOrValue":{"moduleName":[],"name":"model"}}},"name":{"range":[161,94,161,103],"value":"spiciness"}}}}]}}}}]}}}}]}}}},{"range":[162,19,163,17],"value":{"field":{"range":[162,19,162,22],"value":"min"},"expression":{"range":[162,25,162,26],"value":{"type":"integer","integer":0}}}},{"range":[163,19,164,17],"value":{"field":{"range":[163,19,163,22],"value":"max"},"expression":{"range":[163,25,163,28],"value":{"type":"float","float":3.2}}}},{"range":[164,19,165,17],"value":{"field":{"range":[164,19,164,23],"value":"step"},"expression":{"range":[164,26,164,33],"value":{"type":"functionOrValue","functionOrValue":{"moduleName":[],"name":"Nothing"}}}}},{"range":[165,19,166,17],"value":{"field":{"range":[165,19,165,24],"value":"value"},"expression":{"range":[165,32,165,42],"value":{"type":"recordAccess","recordAccess":{"expression":{"range":[165,27,165,32],"value":{"type":"functionOrValue","functionOrValue":{"moduleName":[],"name":"model"}}},"name":{"range":[165,33,165,42],"value":"spiciness"}}}}}},{"range":[166,19,168,17],"value":{"field":{"range":[166,19,166,24],"value":"thumb"},"expression":{"range":[167,21,167,39],"value":{"type":"functionOrValue","functionOrValue":{"moduleName":["Input"],"name":"defaultThumb"}}}}}]}}]}},{"range":[169,15,191,18],"value":{"type":"application","application":[{"range":[169,15,169,27],"value":{"type":"functionOrValue","functionOrValue":{"moduleName":["Input"],"name":"slider"}}},{"range":[170,17,182,18],"value":{"type":"list","list":[{"range":[170,19,170,48],"value":{"type":"application","application":[{"range":[170,19,170,32],"value":{"type":"functionOrValue","functionOrValue":{"moduleName":["Element"],"name":"width"}}},{"range":[170,33,170,48],"value":{"type":"parenthesized","parenthesized":{"range":[170,34,170,47],"value":{"type":"application","application":[{"range":[170,34,170,44],"value":{"type":"functionOrValue","functionOrValue":{"moduleName":["Element"],"name":"px"}}},{"range":[170,45,170,47],"value":{"type":"integer","integer":40}}]}}}}]}},{"range":[171,19,171,50],"value":{"type":"application","application":[{"range":[171,19,171,33],"value":{"type":"functionOrValue","functionOrValue":{"moduleName":["Element"],"name":"height"}}},{"range":[171,34,171,50],"value":{"type":"parenthesized","parenthesized":{"range":[171,35,171,49],"value":{"type":"application","application":[{"range":[171,35,171,45],"value":{"type":"functionOrValue","functionOrValue":{"moduleName":["Element"],"name":"px"}}},{"range":[171,46,171,49],"value":{"type":"integer","integer":200}}]}}}}]}},{"range":[172,19,181,22],"value":{"type":"application","application":[{"range":[172,19,172,40],"value":{"type":"functionOrValue","functionOrValue":{"moduleName":["Element"],"name":"behindContent"}}},{"range":[173,21,181,22],"value":{"type":"parenthesized","parenthesized":{"range":[173,22,180,37],"value":{"type":"application","application":[{"range":[173,22,173,32],"value":{"type":"functionOrValue","functionOrValue":{"moduleName":["Element"],"name":"el"}}},{"range":[174,25,179,26],"value":{"type":"list","list":[{"range":[174,27,174,54],"value":{"type":"application","application":[{"range":[174,27,174,41],"value":{"type":"functionOrValue","functionOrValue":{"moduleName":["Element"],"name":"height"}}},{"range":[174,42,174,54],"value":{"type":"functionOrValue","functionOrValue":{"moduleName":["Element"],"name":"fill"}}}]}},{"range":[175,27,175,55],"value":{"type":"application","application":[{"range":[175,27,175,40],"value":{"type":"functionOrValue","functionOrValue":{"moduleName":["Element"],"name":"width"}}},{"range":[175,41,175,55],"value":{"type":"parenthesized","parenthesized":{"range":[175,42,175,54],"value":{"type":"application","application":[{"range":[175,42,175,52],"value":{"type":"functionOrValue","functionOrValue":{"moduleName":["Element"],"name":"px"}}},{"range":[175,53,175,54],"value":{"type":"integer","integer":2}}]}}}}]}},{"range":[176,27,176,42],"value":{"type":"functionOrValue","functionOrValue":{"moduleName":["Element"],"name":"centerX"}}},{"range":[177,27,177,48],"value":{"type":"application","application":[{"range":[177,27,177,43],"value":{"type":"functionOrValue","functionOrValue":{"moduleName":["Background"],"name":"color"}}},{"range":[177,44,177,48],"value":{"type":"functionOrValue","functionOrValue":{"moduleName":[],"name":"grey"}}}]}},{"range":[178,27,178,43],"value":{"type":"application","application":[{"range":[178,27,178,41],"value":{"type":"functionOrValue","functionOrValue":{"moduleName":["Border"],"name":"rounded"}}},{"range":[178,42,178,43],"value":{"type":"integer","integer":2}}]}}]}},{"range":[180,25,180,37],"value":{"type":"functionOrValue","functionOrValue":{"moduleName":["Element"],"name":"none"}}}]}}}}]}}]}},{"range":[183,17,191,18],"value":{"type":"record","record":[{"range":[183,19,184,17],"value":{"field":{"range":[183,19,183,27],"value":"onChange"},"expression":{"range":[183,30,184,17],"value":{"type":"lambda","lambda":{"patterns":[{"range":[183,31,183,34],"value":{"type":"var","var":{"value":"new"}}}],"expression":{"range":[183,38,183,72],"value":{"type":"application","application":[{"range":[183,38,183,44],"value":{"type":"functionOrValue","functionOrValue":{"moduleName":[],"name":"Update"}}},{"range":[183,45,183,72],"value":{"type":"recordUpdate","recordUpdate":{"name":{"range":[183,47,183,52],"value":"model"},"updates":[{"range":[183,55,183,71],"value":{"field":{"range":[183,55,183,64],"value":"spiciness"},"expression":{"range":[183,67,183,70],"value":{"type":"functionOrValue","functionOrValue":{"moduleName":[],"name":"new"}}}}}]}}}]}}}}}}},{"range":[184,19,185,17],"value":{"field":{"range":[184,19,184,24],"value":"label"},"expression":{"range":[184,27,184,105],"value":{"type":"application","application":[{"range":[184,27,184,43],"value":{"type":"functionOrValue","functionOrValue":{"moduleName":["Input"],"name":"labelAbove"}}},{"range":[184,44,184,46],"value":{"type":"list","list":[]}},{"range":[184,47,184,105],"value":{"type":"parenthesized","parenthesized":{"range":[184,48,184,104],"value":{"type":"application","application":[{"range":[184,48,184,52],"value":{"type":"functionOrValue","functionOrValue":{"moduleName":[],"name":"text"}}},{"range":[184,53,184,104],"value":{"type":"parenthesized","parenthesized":{"range":[184,54,184,103],"value":{"type":"application","application":[{"range":[184,54,184,67],"value":{"type":"literal","literal":"Spiciness: "}},{"range":[184,68,184,70],"value":{"type":"operator","operator":"++"}},{"range":[184,71,184,87],"value":{"type":"functionOrValue","functionOrValue":{"moduleName":["String"],"name":"fromFloat"}}},{"range":[184,93,184,103],"value":{"type":"recordAccess","recordAccess":{"expression":{"range":[184,88,184,93],"value":{"type":"functionOrValue","functionOrValue":{"moduleName":[],"name":"model"}}},"name":{"range":[184,94,184,103],"value":"spiciness"}}}}]}}}}]}}}}]}}}},{"range":[185,19,186,17],"value":{"field":{"range":[185,19,185,22],"value":"min"},"expression":{"range":[185,25,185,26],"value":{"type":"integer","integer":0}}}},{"range":[186,19,187,17],"value":{"field":{"range":[186,19,186,22],"value":"max"},"expression":{"range":[186,25,186,28],"value":{"type":"float","float":3.2}}}},{"range":[187,19,188,17],"value":{"field":{"range":[187,19,187,23],"value":"step"},"expression":{"range":[187,26,187,33],"value":{"type":"functionOrValue","functionOrValue":{"moduleName":[],"name":"Nothing"}}}}},{"range":[188,19,189,17],"value":{"field":{"range":[188,19,188,24],"value":"value"},"expression":{"range":[188,32,188,42],"value":{"type":"recordAccess","recordAccess":{"expression":{"range":[188,27,188,32],"value":{"type":"functionOrValue","functionOrValue":{"moduleName":[],"name":"model"}}},"name":{"range":[188,33,188,42],"value":"spiciness"}}}}}},{"range":[189,19,191,17],"value":{"field":{"range":[189,19,189,24],"value":"thumb"},"expression":{"range":[190,21,190,39],"value":{"type":"functionOrValue","functionOrValue":{"moduleName":["Input"],"name":"defaultThumb"}}}}}]}}]}},{"range":[192,15,202,18],"value":{"type":"application","application":[{"range":[192,15,192,27],"value":{"type":"functionOrValue","functionOrValue":{"moduleName":["Input"],"name":"button"}}},{"range":[193,17,199,18],"value":{"type":"list","list":[{"range":[193,19,193,40],"value":{"type":"application","application":[{"range":[193,19,193,35],"value":{"type":"functionOrValue","functionOrValue":{"moduleName":["Background"],"name":"color"}}},{"range":[193,36,193,40],"value":{"type":"functionOrValue","functionOrValue":{"moduleName":[],"name":"blue"}}}]}},{"range":[194,19,194,35],"value":{"type":"application","application":[{"range":[194,19,194,29],"value":{"type":"functionOrValue","functionOrValue":{"moduleName":["Font"],"name":"color"}}},{"range":[194,30,194,35],"value":{"type":"functionOrValue","functionOrValue":{"moduleName":[],"name":"white"}}}]}},{"range":[195,19,195,40],"value":{"type":"application","application":[{"range":[195,19,195,31],"value":{"type":"functionOrValue","functionOrValue":{"moduleName":["Border"],"name":"color"}}},{"range":[195,32,195,40],"value":{"type":"functionOrValue","functionOrValue":{"moduleName":[],"name":"darkBlue"}}}]}},{"range":[196,19,196,34],"value":{"type":"application","application":[{"range":[196,19,196,28],"value":{"type":"functionOrValue","functionOrValue":{"moduleName":[],"name":"paddingXY"}}},{"range":[196,29,196,31],"value":{"type":"integer","integer":32}},{"range":[196,32,196,34],"value":{"type":"integer","integer":16}}]}},{"range":[197,19,197,35],"value":{"type":"application","application":[{"range":[197,19,197,33],"value":{"type":"functionOrValue","functionOrValue":{"moduleName":["Border"],"name":"rounded"}}},{"range":[197,34,197,35],"value":{"type":"integer","integer":3}}]}},{"range":[198,19,198,29],"value":{"type":"application","application":[{"range":[198,19,198,24],"value":{"type":"functionOrValue","functionOrValue":{"moduleName":[],"name":"width"}}},{"range":[198,25,198,29],"value":{"type":"functionOrValue","functionOrValue":{"moduleName":[],"name":"fill"}}}]}}]}},{"range":[200,17,202,18],"value":{"type":"record","record":[{"range":[200,19,200,36],"value":{"field":{"range":[200,19,200,26],"value":"onPress"},"expression":{"range":[200,29,200,36],"value":{"type":"functionOrValue","functionOrValue":{"moduleName":[],"name":"Nothing"}}}}},{"range":[201,19,202,17],"value":{"field":{"range":[201,19,201,24],"value":"label"},"expression":{"range":[201,27,201,65],"value":{"type":"application","application":[{"range":[201,27,201,39],"value":{"type":"functionOrValue","functionOrValue":{"moduleName":["Element"],"name":"text"}}},{"range":[201,40,201,65],"value":{"type":"literal","literal":"Place your lunch order!"}}]}}}}]}}]}}]}}]}}}}}}}],"comments":[{"range":[133,17,133,31],"value":"-- , padding 6"},{"range":[4,1,4,7],"value":"{-| -}"}]}