{"moduleDefinition":{"range":[2,1,2,24],"value":{"type":"normal","normal":{"moduleName":{"range":[2,8,2,10],"value":["UI"]},"exposingList":{"range":[2,11,2,24],"value":{"type":"all","all":[2,21,2,23]}}}}},"imports":[{"range":[9,1,9,29],"value":{"moduleName":{"range":[9,8,9,15],"value":["Element"]},"moduleAlias":null,"exposingList":{"range":[9,16,9,29],"value":{"type":"all","all":[9,26,9,28]}}}},{"range":[10,1,10,40],"value":{"moduleName":{"range":[10,8,10,26],"value":["Element","Background"]},"moduleAlias":{"range":[10,30,10,40],"value":["Background"]},"exposingList":null}},{"range":[11,1,11,32],"value":{"moduleName":{"range":[11,8,11,22],"value":["Element","Border"]},"moduleAlias":{"range":[11,26,11,32],"value":["Border"]},"exposingList":null}},{"range":[12,1,12,28],"value":{"moduleName":{"range":[12,8,12,20],"value":["Element","Font"]},"moduleAlias":{"range":[12,24,12,28],"value":["Font"]},"exposingList":null}},{"range":[13,1,13,30],"value":{"moduleName":{"range":[13,8,13,21],"value":["Element","Input"]},"moduleAlias":{"range":[13,25,13,30],"value":["Input"]},"exposingList":null}},{"range":[14,1,14,13],"value":{"moduleName":{"range":[14,8,14,13],"value":["Debug"]},"moduleAlias":null,"exposingList":null}}],"declarations":[{"range":[17,1,17,26],"value":{"type":"function","function":{"documentation":null,"signature":null,"declaration":{"range":[17,1,17,26],"value":{"name":{"range":[17,1,17,5],"value":"gray"},"arguments":[],"expression":{"range":[17,8,17,26],"value":{"type":"application","application":[{"range":[17,8,17,14],"value":{"type":"functionOrValue","functionOrValue":{"moduleName":[],"name":"rgb255"}}},{"range":[17,15,17,18],"value":{"type":"integer","integer":200}},{"range":[17,19,17,22],"value":{"type":"integer","integer":200}},{"range":[17,23,17,26],"value":{"type":"integer","integer":200}}]}}}}}}},{"range":[18,1,18,21],"value":{"type":"function","function":{"documentation":null,"signature":null,"declaration":{"range":[18,1,18,21],"value":{"name":{"range":[18,1,18,4],"value":"red"},"arguments":[],"expression":{"range":[18,7,18,21],"value":{"type":"application","application":[{"range":[18,7,18,13],"value":{"type":"functionOrValue","functionOrValue":{"moduleName":[],"name":"rgb255"}}},{"range":[18,14,18,17],"value":{"type":"integer","integer":210}},{"range":[18,18,18,19],"value":{"type":"integer","integer":0}},{"range":[18,20,18,21],"value":{"type":"integer","integer":0}}]}}}}}}},{"range":[19,1,19,22],"value":{"type":"function","function":{"documentation":null,"signature":null,"declaration":{"range":[19,1,19,22],"value":{"name":{"range":[19,1,19,5],"value":"blue"},"arguments":[],"expression":{"range":[19,8,19,22],"value":{"type":"application","application":[{"range":[19,8,19,14],"value":{"type":"functionOrValue","functionOrValue":{"moduleName":[],"name":"rgb255"}}},{"range":[19,15,19,16],"value":{"type":"integer","integer":0}},{"range":[19,17,19,18],"value":{"type":"integer","integer":0}},{"range":[19,19,19,22],"value":{"type":"integer","integer":200}}]}}}}}}},{"range":[20,1,20,27],"value":{"type":"function","function":{"documentation":null,"signature":null,"declaration":{"range":[20,1,20,27],"value":{"name":{"range":[20,1,20,6],"value":"white"},"arguments":[],"expression":{"range":[20,9,20,27],"value":{"type":"application","application":[{"range":[20,9,20,15],"value":{"type":"functionOrValue","functionOrValue":{"moduleName":[],"name":"rgb255"}}},{"range":[20,16,20,19],"value":{"type":"integer","integer":255}},{"range":[20,20,20,23],"value":{"type":"integer","integer":255}},{"range":[20,24,20,27],"value":{"type":"integer","integer":255}}]}}}}}}},{"range":[21,1,21,26],"value":{"type":"function","function":{"documentation":null,"signature":null,"declaration":{"range":[21,1,21,26],"value":{"name":{"range":[21,1,21,6],"value":"green"},"arguments":[],"expression":{"range":[21,9,21,26],"value":{"type":"application","application":[{"range":[21,9,21,15],"value":{"type":"functionOrValue","functionOrValue":{"moduleName":[],"name":"rgb255"}}},{"range":[21,16,21,18],"value":{"type":"integer","integer":86}},{"range":[21,19,21,22],"value":{"type":"integer","integer":182}},{"range":[21,23,21,26],"value":{"type":"integer","integer":139}}]}}}}}}},{"range":[23,1,24,197],"value":{"type":"function","function":{"documentation":null,"signature":{"range":[23,1,23,12],"value":{"name":{"range":[23,1,23,4],"value":"url"},"typeAnnotation":{"range":[23,6,23,12],"value":{"type":"typed","typed":{"moduleNameAndName":{"range":[23,6,23,12],"value":{"moduleName":[],"name":"String"}},"args":[]}}}}},"declaration":{"range":[24,1,24,197],"value":{"name":{"range":[24,1,24,4],"value":"url"},"arguments":[],"expression":{"range":[24,7,24,197],"value":{"type":"literal","literal":"http://bw-qm-public.oss-cn-shenzhen.aliyuncs.com/qm/entityxwzx/fieldfm/37066e44-d760-4daf-bef6-59fc5df54a14.png?x-oss-process=image/resize,m_lfit,w_1440,limit_1/auto-orient,1/quality,q_100"}}}}}}},{"range":[26,1,27,63],"value":{"type":"function","function":{"documentation":null,"signature":{"range":[26,1,26,14],"value":{"name":{"range":[26,1,26,6],"value":"title"},"typeAnnotation":{"range":[26,8,26,14],"value":{"type":"typed","typed":{"moduleNameAndName":{"range":[26,8,26,14],"value":{"moduleName":[],"name":"String"}},"args":[]}}}}},"declaration":{"range":[27,1,27,63],"value":{"name":{"range":[27,1,27,6],"value":"title"},"arguments":[],"expression":{"range":[27,9,27,63],"value":{"type":"literal","literal":"新闻资讯标题新闻资讯标题新闻资讯标题新闻资讯新闻资讯标题新闻资讯标题新闻资讯标题新闻资讯新闻资讯标题新闻"}}}}}}},{"range":[29,1,33,15],"value":{"type":"function","function":{"documentation":null,"signature":null,"declaration":{"range":[29,1,33,15],"value":{"name":{"range":[29,1,29,5],"value":"main"},"arguments":[],"expression":{"range":[30,5,33,15],"value":{"type":"application","application":[{"range":[30,5,30,19],"value":{"type":"functionOrValue","functionOrValue":{"moduleName":["Element"],"name":"layout"}}},{"range":[30,20,32,10],"value":{"type":"list","list":[{"range":[31,9,31,76],"value":{"type":"application","application":[{"range":[31,9,31,16],"value":{"type":"functionOrValue","functionOrValue":{"moduleName":[],"name":"inFront"}}},{"range":[31,17,31,19],"value":{"type":"operator","operator":"<|"}},{"range":[31,20,31,22],"value":{"type":"functionOrValue","functionOrValue":{"moduleName":[],"name":"el"}}},{"range":[31,23,31,71],"value":{"type":"list","list":[{"range":[31,25,31,35],"value":{"type":"application","application":[{"range":[31,25,31,30],"value":{"type":"functionOrValue","functionOrValue":{"moduleName":[],"name":"width"}}},{"range":[31,31,31,35],"value":{"type":"functionOrValue","functionOrValue":{"moduleName":[],"name":"fill"}}}]}},{"range":[31,37,31,47],"value":{"type":"application","application":[{"range":[31,37,31,44],"value":{"type":"functionOrValue","functionOrValue":{"moduleName":[],"name":"padding"}}},{"range":[31,45,31,47],"value":{"type":"integer","integer":10}}]}},{"range":[31,49,31,69],"value":{"type":"application","application":[{"range":[31,49,31,65],"value":{"type":"functionOrValue","functionOrValue":{"moduleName":["Background"],"name":"color"}}},{"range":[31,66,31,69],"value":{"type":"functionOrValue","functionOrValue":{"moduleName":[],"name":"red"}}}]}}]}},{"range":[31,72,31,76],"value":{"type":"functionOrValue","functionOrValue":{"moduleName":[],"name":"none"}}}]}}]}},{"range":[33,9,33,15],"value":{"type":"functionOrValue","functionOrValue":{"moduleName":[],"name":"myRow1"}}}]}}}}}}},{"range":[36,1,68,6],"value":{"type":"function","function":{"documentation":null,"signature":{"range":[36,1,36,20],"value":{"name":{"range":[36,1,36,7],"value":"myRow1"},"typeAnnotation":{"range":[36,9,36,20],"value":{"type":"typed","typed":{"moduleNameAndName":{"range":[36,9,36,16],"value":{"moduleName":[],"name":"Element"}},"args":[{"range":[36,17,36,20],"value":{"type":"generic","generic":{"value":"msg"}}}]}}}}},"declaration":{"range":[37,1,68,6],"value":{"name":{"range":[37,1,37,7],"value":"myRow1"},"arguments":[],"expression":{"range":[37,10,68,6],"value":{"type":"application","application":[{"range":[37,10,37,16],"value":{"type":"functionOrValue","functionOrValue":{"moduleName":[],"name":"column"}}},{"range":[38,5,38,30],"value":{"type":"list","list":[{"range":[38,7,38,17],"value":{"type":"application","application":[{"range":[38,7,38,14],"value":{"type":"functionOrValue","functionOrValue":{"moduleName":[],"name":"spacing"}}},{"range":[38,15,38,17],"value":{"type":"integer","integer":20}}]}},{"range":[38,19,38,29],"value":{"type":"application","application":[{"range":[38,19,38,26],"value":{"type":"functionOrValue","functionOrValue":{"moduleName":[],"name":"padding"}}},{"range":[38,27,38,29],"value":{"type":"integer","integer":32}}]}}]}},{"range":[39,5,68,6],"value":{"type":"list","list":[{"range":[40,9,40,62],"value":{"type":"application","application":[{"range":[40,9,40,11],"value":{"type":"functionOrValue","functionOrValue":{"moduleName":[],"name":"el"}}},{"range":[40,12,40,42],"value":{"type":"list","list":[{"range":[40,14,40,41],"value":{"type":"application","application":[{"range":[40,14,40,20],"value":{"type":"functionOrValue","functionOrValue":{"moduleName":[],"name":"onLeft"}}},{"range":[40,21,40,41],"value":{"type":"parenthesized","parenthesized":{"range":[40,22,40,40],"value":{"type":"application","application":[{"range":[40,22,40,26],"value":{"type":"functionOrValue","functionOrValue":{"moduleName":[],"name":"text"}}},{"range":[40,27,40,40],"value":{"type":"literal","literal":"I'm bellow!"}}]}}}}]}}]}},{"range":[40,43,40,62],"value":{"type":"parenthesized","parenthesized":{"range":[40,44,40,61],"value":{"type":"application","application":[{"range":[40,44,40,48],"value":{"type":"functionOrValue","functionOrValue":{"moduleName":[],"name":"text"}}},{"range":[40,49,40,61],"value":{"type":"literal","literal":"I'm normal"}}]}}}}]}},{"range":[41,11,43,31],"value":{"type":"application","application":[{"range":[41,11,41,13],"value":{"type":"functionOrValue","functionOrValue":{"moduleName":[],"name":"el"}}},{"range":[41,14,42,14],"value":{"type":"list","list":[]}},{"range":[43,13,43,31],"value":{"type":"parenthesized","parenthesized":{"range":[43,14,43,30],"value":{"type":"application","application":[{"range":[43,14,43,18],"value":{"type":"functionOrValue","functionOrValue":{"moduleName":[],"name":"text"}}},{"range":[43,19,43,30],"value":{"type":"literal","literal":"test none"}}]}}}}]}},{"range":[44,11,47,32],"value":{"type":"application","application":[{"range":[44,11,44,13],"value":{"type":"functionOrValue","functionOrValue":{"moduleName":[],"name":"el"}}},{"range":[44,14,46,14],"value":{"type":"list","list":[{"range":[45,13,45,69],"value":{"type":"application","application":[{"range":[45,13,45,20],"value":{"type":"functionOrValue","functionOrValue":{"moduleName":[],"name":"inFront"}}},{"range":[45,21,45,23],"value":{"type":"operator","operator":"<|"}},{"range":[45,24,45,26],"value":{"type":"functionOrValue","functionOrValue":{"moduleName":[],"name":"el"}}},{"range":[45,27,45,64],"value":{"type":"list","list":[{"range":[45,29,45,39],"value":{"type":"application","application":[{"range":[45,29,45,36],"value":{"type":"functionOrValue","functionOrValue":{"moduleName":[],"name":"padding"}}},{"range":[45,37,45,39],"value":{"type":"integer","integer":10}}]}},{"range":[45,41,45,62],"value":{"type":"application","application":[{"range":[45,41,45,57],"value":{"type":"functionOrValue","functionOrValue":{"moduleName":["Background"],"name":"color"}}},{"range":[45,58,45,62],"value":{"type":"functionOrValue","functionOrValue":{"moduleName":[],"name":"blue"}}}]}}]}},{"range":[45,65,45,69],"value":{"type":"functionOrValue","functionOrValue":{"moduleName":[],"name":"none"}}}]}}]}},{"range":[47,13,47,32],"value":{"type":"parenthesized","parenthesized":{"range":[47,14,47,31],"value":{"type":"application","application":[{"range":[47,14,47,18],"value":{"type":"functionOrValue","functionOrValue":{"moduleName":[],"name":"text"}}},{"range":[47,19,47,31],"value":{"type":"literal","literal":"test front"}}]}}}}]}},{"range":[48,11,51,33],"value":{"type":"application","application":[{"range":[48,11,48,13],"value":{"type":"functionOrValue","functionOrValue":{"moduleName":[],"name":"el"}}},{"range":[48,14,50,14],"value":{"type":"list","list":[{"range":[49,13,49,75],"value":{"type":"application","application":[{"range":[49,13,49,26],"value":{"type":"functionOrValue","functionOrValue":{"moduleName":[],"name":"behindContent"}}},{"range":[49,27,49,29],"value":{"type":"operator","operator":"<|"}},{"range":[49,30,49,32],"value":{"type":"functionOrValue","functionOrValue":{"moduleName":[],"name":"el"}}},{"range":[49,33,49,70],"value":{"type":"list","list":[{"range":[49,35,49,45],"value":{"type":"application","application":[{"range":[49,35,49,42],"value":{"type":"functionOrValue","functionOrValue":{"moduleName":[],"name":"padding"}}},{"range":[49,43,49,45],"value":{"type":"integer","integer":10}}]}},{"range":[49,47,49,68],"value":{"type":"application","application":[{"range":[49,47,49,63],"value":{"type":"functionOrValue","functionOrValue":{"moduleName":["Background"],"name":"color"}}},{"range":[49,64,49,68],"value":{"type":"functionOrValue","functionOrValue":{"moduleName":[],"name":"blue"}}}]}}]}},{"range":[49,71,49,75],"value":{"type":"functionOrValue","functionOrValue":{"moduleName":[],"name":"none"}}}]}}]}},{"range":[51,13,51,33],"value":{"type":"parenthesized","parenthesized":{"range":[51,14,51,32],"value":{"type":"application","application":[{"range":[51,14,51,18],"value":{"type":"functionOrValue","functionOrValue":{"moduleName":[],"name":"text"}}},{"range":[51,19,51,32],"value":{"type":"literal","literal":"test behind"}}]}}}}]}},{"range":[52,11,55,31],"value":{"type":"application","application":[{"range":[52,11,52,13],"value":{"type":"functionOrValue","functionOrValue":{"moduleName":[],"name":"el"}}},{"range":[52,14,54,14],"value":{"type":"list","list":[{"range":[53,13,53,68],"value":{"type":"application","application":[{"range":[53,13,53,19],"value":{"type":"functionOrValue","functionOrValue":{"moduleName":[],"name":"onLeft"}}},{"range":[53,20,53,22],"value":{"type":"operator","operator":"<|"}},{"range":[53,23,53,25],"value":{"type":"functionOrValue","functionOrValue":{"moduleName":[],"name":"el"}}},{"range":[53,26,53,63],"value":{"type":"list","list":[{"range":[53,28,53,38],"value":{"type":"application","application":[{"range":[53,28,53,35],"value":{"type":"functionOrValue","functionOrValue":{"moduleName":[],"name":"padding"}}},{"range":[53,36,53,38],"value":{"type":"integer","integer":10}}]}},{"range":[53,40,53,61],"value":{"type":"application","application":[{"range":[53,40,53,56],"value":{"type":"functionOrValue","functionOrValue":{"moduleName":["Background"],"name":"color"}}},{"range":[53,57,53,61],"value":{"type":"functionOrValue","functionOrValue":{"moduleName":[],"name":"blue"}}}]}}]}},{"range":[53,64,53,68],"value":{"type":"functionOrValue","functionOrValue":{"moduleName":[],"name":"none"}}}]}}]}},{"range":[55,13,55,31],"value":{"type":"parenthesized","parenthesized":{"range":[55,14,55,30],"value":{"type":"application","application":[{"range":[55,14,55,18],"value":{"type":"functionOrValue","functionOrValue":{"moduleName":[],"name":"text"}}},{"range":[55,19,55,30],"value":{"type":"literal","literal":"test left"}}]}}}}]}},{"range":[56,11,59,32],"value":{"type":"application","application":[{"range":[56,11,56,13],"value":{"type":"functionOrValue","functionOrValue":{"moduleName":[],"name":"el"}}},{"range":[56,14,58,14],"value":{"type":"list","list":[{"range":[57,13,57,69],"value":{"type":"application","application":[{"range":[57,13,57,20],"value":{"type":"functionOrValue","functionOrValue":{"moduleName":[],"name":"onRight"}}},{"range":[57,21,57,23],"value":{"type":"operator","operator":"<|"}},{"range":[57,24,57,26],"value":{"type":"functionOrValue","functionOrValue":{"moduleName":[],"name":"el"}}},{"range":[57,27,57,64],"value":{"type":"list","list":[{"range":[57,29,57,39],"value":{"type":"application","application":[{"range":[57,29,57,36],"value":{"type":"functionOrValue","functionOrValue":{"moduleName":[],"name":"padding"}}},{"range":[57,37,57,39],"value":{"type":"integer","integer":10}}]}},{"range":[57,41,57,62],"value":{"type":"application","application":[{"range":[57,41,57,57],"value":{"type":"functionOrValue","functionOrValue":{"moduleName":["Background"],"name":"color"}}},{"range":[57,58,57,62],"value":{"type":"functionOrValue","functionOrValue":{"moduleName":[],"name":"blue"}}}]}}]}},{"range":[57,65,57,69],"value":{"type":"functionOrValue","functionOrValue":{"moduleName":[],"name":"none"}}}]}}]}},{"range":[59,13,59,32],"value":{"type":"parenthesized","parenthesized":{"range":[59,14,59,31],"value":{"type":"application","application":[{"range":[59,14,59,18],"value":{"type":"functionOrValue","functionOrValue":{"moduleName":[],"name":"text"}}},{"range":[59,19,59,31],"value":{"type":"literal","literal":"test right"}}]}}}}]}},{"range":[60,11,63,32],"value":{"type":"application","application":[{"range":[60,11,60,13],"value":{"type":"functionOrValue","functionOrValue":{"moduleName":[],"name":"el"}}},{"range":[60,14,62,14],"value":{"type":"list","list":[{"range":[61,13,61,67],"value":{"type":"application","application":[{"range":[61,13,61,18],"value":{"type":"functionOrValue","functionOrValue":{"moduleName":[],"name":"above"}}},{"range":[61,19,61,21],"value":{"type":"operator","operator":"<|"}},{"range":[61,22,61,24],"value":{"type":"functionOrValue","functionOrValue":{"moduleName":[],"name":"el"}}},{"range":[61,25,61,62],"value":{"type":"list","list":[{"range":[61,27,61,37],"value":{"type":"application","application":[{"range":[61,27,61,34],"value":{"type":"functionOrValue","functionOrValue":{"moduleName":[],"name":"padding"}}},{"range":[61,35,61,37],"value":{"type":"integer","integer":10}}]}},{"range":[61,39,61,60],"value":{"type":"application","application":[{"range":[61,39,61,55],"value":{"type":"functionOrValue","functionOrValue":{"moduleName":["Background"],"name":"color"}}},{"range":[61,56,61,60],"value":{"type":"functionOrValue","functionOrValue":{"moduleName":[],"name":"blue"}}}]}}]}},{"range":[61,63,61,67],"value":{"type":"functionOrValue","functionOrValue":{"moduleName":[],"name":"none"}}}]}}]}},{"range":[63,13,63,32],"value":{"type":"parenthesized","parenthesized":{"range":[63,14,63,31],"value":{"type":"application","application":[{"range":[63,14,63,18],"value":{"type":"functionOrValue","functionOrValue":{"moduleName":[],"name":"text"}}},{"range":[63,19,63,31],"value":{"type":"literal","literal":"test above"}}]}}}}]}},{"range":[64,11,67,32],"value":{"type":"application","application":[{"range":[64,11,64,13],"value":{"type":"functionOrValue","functionOrValue":{"moduleName":[],"name":"el"}}},{"range":[64,14,66,14],"value":{"type":"list","list":[{"range":[65,13,65,67],"value":{"type":"application","application":[{"range":[65,13,65,18],"value":{"type":"functionOrValue","functionOrValue":{"moduleName":[],"name":"below"}}},{"range":[65,19,65,21],"value":{"type":"operator","operator":"<|"}},{"range":[65,22,65,24],"value":{"type":"functionOrValue","functionOrValue":{"moduleName":[],"name":"el"}}},{"range":[65,25,65,62],"value":{"type":"list","list":[{"range":[65,27,65,37],"value":{"type":"application","application":[{"range":[65,27,65,34],"value":{"type":"functionOrValue","functionOrValue":{"moduleName":[],"name":"padding"}}},{"range":[65,35,65,37],"value":{"type":"integer","integer":10}}]}},{"range":[65,39,65,60],"value":{"type":"application","application":[{"range":[65,39,65,55],"value":{"type":"functionOrValue","functionOrValue":{"moduleName":["Background"],"name":"color"}}},{"range":[65,56,65,60],"value":{"type":"functionOrValue","functionOrValue":{"moduleName":[],"name":"blue"}}}]}}]}},{"range":[65,63,65,67],"value":{"type":"functionOrValue","functionOrValue":{"moduleName":[],"name":"none"}}}]}}]}},{"range":[67,13,67,32],"value":{"type":"parenthesized","parenthesized":{"range":[67,14,67,31],"value":{"type":"application","application":[{"range":[67,14,67,18],"value":{"type":"functionOrValue","functionOrValue":{"moduleName":[],"name":"text"}}},{"range":[67,19,67,31],"value":{"type":"literal","literal":"test below"}}]}}}}]}}]}}]}}}}}}},{"range":[70,1,78,6],"value":{"type":"function","function":{"documentation":null,"signature":{"range":[70,1,70,19],"value":{"name":{"range":[70,1,70,6],"value":"myCol"},"typeAnnotation":{"range":[70,8,70,19],"value":{"type":"typed","typed":{"moduleNameAndName":{"range":[70,8,70,15],"value":{"moduleName":[],"name":"Element"}},"args":[{"range":[70,16,70,19],"value":{"type":"generic","generic":{"value":"msg"}}}]}}}}},"declaration":{"range":[71,1,78,6],"value":{"name":{"range":[71,1,71,6],"value":"myCol"},"arguments":[],"expression":{"range":[71,9,78,6],"value":{"type":"application","application":[{"range":[71,9,71,15],"value":{"type":"functionOrValue","functionOrValue":{"moduleName":[],"name":"column"}}},{"range":[71,16,74,6],"value":{"type":"list","list":[{"range":[72,5,72,15],"value":{"type":"application","application":[{"range":[72,5,72,10],"value":{"type":"functionOrValue","functionOrValue":{"moduleName":[],"name":"width"}}},{"range":[72,11,72,15],"value":{"type":"functionOrValue","functionOrValue":{"moduleName":[],"name":"fill"}}}]}},{"range":[73,7,73,18],"value":{"type":"application","application":[{"range":[73,7,73,13],"value":{"type":"functionOrValue","functionOrValue":{"moduleName":[],"name":"height"}}},{"range":[73,14,73,18],"value":{"type":"functionOrValue","functionOrValue":{"moduleName":[],"name":"fill"}}}]}}]}},{"range":[75,5,78,6],"value":{"type":"list","list":[{"range":[75,7,75,33],"value":{"type":"application","application":[{"range":[75,7,75,9],"value":{"type":"functionOrValue","functionOrValue":{"moduleName":[],"name":"el"}}},{"range":[75,10,75,12],"value":{"type":"list","list":[]}},{"range":[75,13,75,33],"value":{"type":"parenthesized","parenthesized":{"range":[75,14,75,32],"value":{"type":"application","application":[{"range":[75,14,75,18],"value":{"type":"functionOrValue","functionOrValue":{"moduleName":[],"name":"text"}}},{"range":[75,19,75,32],"value":{"type":"literal","literal":"HELLO WORLD"}}]}}}}]}},{"range":[76,7,76,42],"value":{"type":"application","application":[{"range":[76,7,76,9],"value":{"type":"functionOrValue","functionOrValue":{"moduleName":[],"name":"el"}}},{"range":[76,10,76,28],"value":{"type":"list","list":[{"range":[76,11,76,18],"value":{"type":"functionOrValue","functionOrValue":{"moduleName":[],"name":"centerY"}}},{"range":[76,20,76,27],"value":{"type":"functionOrValue","functionOrValue":{"moduleName":[],"name":"centerX"}}}]}},{"range":[76,29,76,42],"value":{"type":"parenthesized","parenthesized":{"range":[76,30,76,41],"value":{"type":"application","application":[{"range":[76,30,76,34],"value":{"type":"functionOrValue","functionOrValue":{"moduleName":[],"name":"text"}}},{"range":[76,35,76,41],"value":{"type":"literal","literal":"COOL"}}]}}}}]}},{"range":[77,7,77,25],"value":{"type":"application","application":[{"range":[77,7,77,9],"value":{"type":"functionOrValue","functionOrValue":{"moduleName":[],"name":"el"}}},{"range":[77,10,77,12],"value":{"type":"list","list":[]}},{"range":[77,13,77,25],"value":{"type":"parenthesized","parenthesized":{"range":[77,14,77,24],"value":{"type":"application","application":[{"range":[77,14,77,18],"value":{"type":"functionOrValue","functionOrValue":{"moduleName":[],"name":"text"}}},{"range":[77,19,77,24],"value":{"type":"literal","literal":"MAN"}}]}}}}]}}]}}]}}}}}}},{"range":[81,1,92,6],"value":{"type":"function","function":{"documentation":null,"signature":{"range":[81,1,81,19],"value":{"name":{"range":[81,1,81,6],"value":"myRow"},"typeAnnotation":{"range":[81,8,81,19],"value":{"type":"typed","typed":{"moduleNameAndName":{"range":[81,8,81,15],"value":{"moduleName":[],"name":"Element"}},"args":[{"range":[81,16,81,19],"value":{"type":"generic","generic":{"value":"msg"}}}]}}}}},"declaration":{"range":[82,1,92,6],"value":{"name":{"range":[82,1,82,6],"value":"myRow"},"arguments":[],"expression":{"range":[82,9,92,6],"value":{"type":"application","application":[{"range":[82,9,82,12],"value":{"type":"functionOrValue","functionOrValue":{"moduleName":[],"name":"row"}}},{"range":[83,5,83,35],"value":{"type":"list","list":[{"range":[83,6,83,13],"value":{"type":"functionOrValue","functionOrValue":{"moduleName":[],"name":"centerX"}}},{"range":[83,15,83,22],"value":{"type":"functionOrValue","functionOrValue":{"moduleName":[],"name":"centerY"}}},{"range":[83,24,83,34],"value":{"type":"application","application":[{"range":[83,24,83,31],"value":{"type":"functionOrValue","functionOrValue":{"moduleName":[],"name":"spacing"}}},{"range":[83,32,83,34],"value":{"type":"integer","integer":10}}]}}]}},{"range":[84,5,92,6],"value":{"type":"list","list":[{"range":[84,7,84,16],"value":{"type":"functionOrValue","functionOrValue":{"moduleName":[],"name":"myElement"}}},{"range":[85,7,85,25],"value":{"type":"application","application":[{"range":[85,7,85,10],"value":{"type":"functionOrValue","functionOrValue":{"moduleName":[],"name":"row"}}},{"range":[85,11,85,13],"value":{"type":"list","list":[]}},{"range":[85,14,85,25],"value":{"type":"list","list":[{"range":[85,15,85,24],"value":{"type":"functionOrValue","functionOrValue":{"moduleName":[],"name":"myElement"}}}]}}]}},{"range":[86,7,90,38],"value":{"type":"application","application":[{"range":[86,7,86,13],"value":{"type":"functionOrValue","functionOrValue":{"moduleName":[],"name":"column"}}},{"range":[87,9,89,10],"value":{"type":"list","list":[{"range":[88,9,88,19],"value":{"type":"application","application":[{"range":[88,9,88,14],"value":{"type":"functionOrValue","functionOrValue":{"moduleName":[],"name":"width"}}},{"range":[88,15,88,19],"value":{"type":"functionOrValue","functionOrValue":{"moduleName":[],"name":"fill"}}}]}}]}},{"range":[90,9,90,38],"value":{"type":"list","list":[{"range":[90,11,90,37],"value":{"type":"application","application":[{"range":[90,11,90,20],"value":{"type":"functionOrValue","functionOrValue":{"moduleName":[],"name":"paragraph"}}},{"range":[90,21,90,23],"value":{"type":"list","list":[]}},{"range":[90,24,90,37],"value":{"type":"list","list":[{"range":[90,26,90,36],"value":{"type":"application","application":[{"range":[90,26,90,30],"value":{"type":"functionOrValue","functionOrValue":{"moduleName":[],"name":"text"}}},{"range":[90,31,90,36],"value":{"type":"functionOrValue","functionOrValue":{"moduleName":[],"name":"title"}}}]}}]}}]}}]}}]}},{"range":[91,7,91,16],"value":{"type":"functionOrValue","functionOrValue":{"moduleName":[],"name":"myElement"}}}]}}]}}}}}}},{"range":[94,1,108,26],"value":{"type":"function","function":{"documentation":null,"signature":{"range":[94,1,94,24],"value":{"name":{"range":[94,1,94,10],"value":"myElement"},"typeAnnotation":{"range":[94,13,94,24],"value":{"type":"typed","typed":{"moduleNameAndName":{"range":[94,13,94,20],"value":{"moduleName":[],"name":"Element"}},"args":[{"range":[94,21,94,24],"value":{"type":"generic","generic":{"value":"msg"}}}]}}}}},"declaration":{"range":[95,1,108,26],"value":{"name":{"range":[95,1,95,10],"value":"myElement"},"arguments":[],"expression":{"range":[96,5,108,26],"value":{"type":"application","application":[{"range":[96,5,96,7],"value":{"type":"functionOrValue","functionOrValue":{"moduleName":[],"name":"el"}}},{"range":[97,9,107,10],"value":{"type":"list","list":[{"range":[97,11,97,27],"value":{"type":"application","application":[{"range":[97,11,97,25],"value":{"type":"functionOrValue","functionOrValue":{"moduleName":["Border"],"name":"rounded"}}},{"range":[97,26,97,27],"value":{"type":"integer","integer":4}}]}},{"range":[99,11,99,31],"value":{"type":"application","application":[{"range":[99,11,99,27],"value":{"type":"functionOrValue","functionOrValue":{"moduleName":["Background"],"name":"image"}}},{"range":[99,28,99,31],"value":{"type":"functionOrValue","functionOrValue":{"moduleName":[],"name":"url"}}}]}},{"range":[100,11,100,42],"value":{"type":"application","application":[{"range":[100,11,100,21],"value":{"type":"functionOrValue","functionOrValue":{"moduleName":["Font"],"name":"color"}}},{"range":[100,22,100,42],"value":{"type":"parenthesized","parenthesized":{"range":[100,23,100,41],"value":{"type":"application","application":[{"range":[100,23,100,29],"value":{"type":"functionOrValue","functionOrValue":{"moduleName":[],"name":"rgb255"}}},{"range":[100,30,100,33],"value":{"type":"integer","integer":255}},{"range":[100,34,100,37],"value":{"type":"integer","integer":255}},{"range":[100,38,100,41],"value":{"type":"integer","integer":255}}]}}}}]}},{"range":[102,11,102,26],"value":{"type":"application","application":[{"range":[102,11,102,16],"value":{"type":"functionOrValue","functionOrValue":{"moduleName":[],"name":"width"}}},{"range":[102,17,102,19],"value":{"type":"operator","operator":"<|"}},{"range":[102,20,102,22],"value":{"type":"functionOrValue","functionOrValue":{"moduleName":[],"name":"px"}}},{"range":[102,23,102,26],"value":{"type":"integer","integer":160}}]}},{"range":[103,11,103,27],"value":{"type":"application","application":[{"range":[103,11,103,17],"value":{"type":"functionOrValue","functionOrValue":{"moduleName":[],"name":"height"}}},{"range":[103,18,103,20],"value":{"type":"operator","operator":"<|"}},{"range":[103,21,103,23],"value":{"type":"functionOrValue","functionOrValue":{"moduleName":[],"name":"px"}}},{"range":[103,24,103,27],"value":{"type":"integer","integer":160}}]}}]}},{"range":[108,9,108,26],"value":{"type":"parenthesized","parenthesized":{"range":[108,10,108,25],"value":{"type":"application","application":[{"range":[108,10,108,14],"value":{"type":"functionOrValue","functionOrValue":{"moduleName":[],"name":"text"}}},{"range":[108,15,108,25],"value":{"type":"literal","literal":"stylish!"}}]}}}}]}}}}}}}],"comments":[{"range":[106,9,106,20],"value":"--, centerY"},{"range":[105,9,105,20],"value":"--, centerX"},{"range":[104,9,104,23],"value":"--, width fill"},{"range":[101,9,101,23],"value":"--, padding 80"},{"range":[98,9,98,48],"value":"--, Background.color (rgb255 10 160 10)"},{"range":[8,1,8,9],"value":"--     )"},{"range":[7,1,7,24],"value":"--     centerX, maximum"},{"range":[6,1,6,61],"value":"--     width, height, px, rgb255, spacing, centerY, padding,"},{"range":[5,1,5,69],"value":"--     Element, el, text, row, column, paragraph, alignRight, fill, "},{"range":[4,1,4,29],"value":"-- import Element exposing ("}]}