{"moduleDefinition":{"range":[2,1,2,24],"value":{"type":"normal","normal":{"moduleName":{"range":[2,8,2,10],"value":["UI"]},"exposingList":{"range":[2,11,2,24],"value":{"type":"all","all":[2,21,2,23]}}}}},"imports":[{"range":[9,1,9,29],"value":{"moduleName":{"range":[9,8,9,15],"value":["Element"]},"moduleAlias":null,"exposingList":{"range":[9,16,9,29],"value":{"type":"all","all":[9,26,9,28]}}}},{"range":[10,1,10,40],"value":{"moduleName":{"range":[10,8,10,26],"value":["Element","Background"]},"moduleAlias":{"range":[10,30,10,40],"value":["Background"]},"exposingList":null}},{"range":[11,1,11,32],"value":{"moduleName":{"range":[11,8,11,22],"value":["Element","Border"]},"moduleAlias":{"range":[11,26,11,32],"value":["Border"]},"exposingList":null}},{"range":[12,1,12,28],"value":{"moduleName":{"range":[12,8,12,20],"value":["Element","Font"]},"moduleAlias":{"range":[12,24,12,28],"value":["Font"]},"exposingList":null}},{"range":[13,1,13,30],"value":{"moduleName":{"range":[13,8,13,21],"value":["Element","Input"]},"moduleAlias":{"range":[13,25,13,30],"value":["Input"]},"exposingList":null}},{"range":[14,1,14,13],"value":{"moduleName":{"range":[14,8,14,13],"value":["Debug"]},"moduleAlias":null,"exposingList":null}}],"declarations":[{"range":[17,1,17,26],"value":{"type":"function","function":{"documentation":null,"signature":null,"declaration":{"range":[17,1,17,26],"value":{"name":{"range":[17,1,17,5],"value":"gray"},"arguments":[],"expression":{"range":[17,8,17,26],"value":{"type":"application","application":[{"range":[17,8,17,14],"value":{"type":"functionOrValue","functionOrValue":{"moduleName":[],"name":"rgb255"}}},{"range":[17,15,17,18],"value":{"type":"integer","integer":200}},{"range":[17,19,17,22],"value":{"type":"integer","integer":200}},{"range":[17,23,17,26],"value":{"type":"integer","integer":200}}]}}}}}}},{"range":[18,1,18,21],"value":{"type":"function","function":{"documentation":null,"signature":null,"declaration":{"range":[18,1,18,21],"value":{"name":{"range":[18,1,18,4],"value":"red"},"arguments":[],"expression":{"range":[18,7,18,21],"value":{"type":"application","application":[{"range":[18,7,18,13],"value":{"type":"functionOrValue","functionOrValue":{"moduleName":[],"name":"rgb255"}}},{"range":[18,14,18,17],"value":{"type":"integer","integer":210}},{"range":[18,18,18,19],"value":{"type":"integer","integer":0}},{"range":[18,20,18,21],"value":{"type":"integer","integer":0}}]}}}}}}},{"range":[19,1,19,27],"value":{"type":"function","function":{"documentation":null,"signature":null,"declaration":{"range":[19,1,19,27],"value":{"name":{"range":[19,1,19,6],"value":"white"},"arguments":[],"expression":{"range":[19,9,19,27],"value":{"type":"application","application":[{"range":[19,9,19,15],"value":{"type":"functionOrValue","functionOrValue":{"moduleName":[],"name":"rgb255"}}},{"range":[19,16,19,19],"value":{"type":"integer","integer":255}},{"range":[19,20,19,23],"value":{"type":"integer","integer":255}},{"range":[19,24,19,27],"value":{"type":"integer","integer":255}}]}}}}}}},{"range":[20,1,20,26],"value":{"type":"function","function":{"documentation":null,"signature":null,"declaration":{"range":[20,1,20,26],"value":{"name":{"range":[20,1,20,6],"value":"green"},"arguments":[],"expression":{"range":[20,9,20,26],"value":{"type":"application","application":[{"range":[20,9,20,15],"value":{"type":"functionOrValue","functionOrValue":{"moduleName":[],"name":"rgb255"}}},{"range":[20,16,20,18],"value":{"type":"integer","integer":86}},{"range":[20,19,20,22],"value":{"type":"integer","integer":182}},{"range":[20,23,20,26],"value":{"type":"integer","integer":139}}]}}}}}}},{"range":[22,1,23,197],"value":{"type":"function","function":{"documentation":null,"signature":{"range":[22,1,22,12],"value":{"name":{"range":[22,1,22,4],"value":"url"},"typeAnnotation":{"range":[22,6,22,12],"value":{"type":"typed","typed":{"moduleNameAndName":{"range":[22,6,22,12],"value":{"moduleName":[],"name":"String"}},"args":[]}}}}},"declaration":{"range":[23,1,23,197],"value":{"name":{"range":[23,1,23,4],"value":"url"},"arguments":[],"expression":{"range":[23,7,23,197],"value":{"type":"literal","literal":"http://bw-qm-public.oss-cn-shenzhen.aliyuncs.com/qm/entityxwzx/fieldfm/37066e44-d760-4daf-bef6-59fc5df54a14.png?x-oss-process=image/resize,m_lfit,w_1440,limit_1/auto-orient,1/quality,q_100"}}}}}}},{"range":[25,1,26,63],"value":{"type":"function","function":{"documentation":null,"signature":{"range":[25,1,25,14],"value":{"name":{"range":[25,1,25,6],"value":"title"},"typeAnnotation":{"range":[25,8,25,14],"value":{"type":"typed","typed":{"moduleNameAndName":{"range":[25,8,25,14],"value":{"moduleName":[],"name":"String"}},"args":[]}}}}},"declaration":{"range":[26,1,26,63],"value":{"name":{"range":[26,1,26,6],"value":"title"},"arguments":[],"expression":{"range":[26,9,26,63],"value":{"type":"literal","literal":"新闻资讯标题新闻资讯标题新闻资讯标题新闻资讯新闻资讯标题新闻资讯标题新闻资讯标题新闻资讯新闻资讯标题新闻"}}}}}}},{"range":[28,1,30,15],"value":{"type":"function","function":{"documentation":null,"signature":null,"declaration":{"range":[28,1,30,15],"value":{"name":{"range":[28,1,28,5],"value":"main"},"arguments":[],"expression":{"range":[29,5,30,15],"value":{"type":"application","application":[{"range":[29,5,29,19],"value":{"type":"functionOrValue","functionOrValue":{"moduleName":["Element"],"name":"layout"}}},{"range":[29,20,29,22],"value":{"type":"list","list":[]}},{"range":[30,9,30,15],"value":{"type":"functionOrValue","functionOrValue":{"moduleName":[],"name":"myRow1"}}}]}}}}}}},{"range":[33,1,34,109],"value":{"type":"function","function":{"documentation":null,"signature":{"range":[33,1,33,20],"value":{"name":{"range":[33,1,33,7],"value":"myRow1"},"typeAnnotation":{"range":[33,9,33,20],"value":{"type":"typed","typed":{"moduleNameAndName":{"range":[33,9,33,16],"value":{"moduleName":[],"name":"Element"}},"args":[{"range":[33,17,33,20],"value":{"type":"generic","generic":{"value":"msg"}}}]}}}}},"declaration":{"range":[34,1,34,109],"value":{"name":{"range":[34,1,34,7],"value":"myRow1"},"arguments":[],"expression":{"range":[34,10,34,109],"value":{"type":"application","application":[{"range":[34,10,34,13],"value":{"type":"functionOrValue","functionOrValue":{"moduleName":[],"name":"row"}}},{"range":[34,14,34,28],"value":{"type":"list","list":[{"range":[34,16,34,26],"value":{"type":"application","application":[{"range":[34,16,34,23],"value":{"type":"functionOrValue","functionOrValue":{"moduleName":[],"name":"spacing"}}},{"range":[34,24,34,26],"value":{"type":"integer","integer":10}}]}}]}},{"range":[34,29,34,109],"value":{"type":"list","list":[{"range":[34,31,34,83],"value":{"type":"application","application":[{"range":[34,31,34,33],"value":{"type":"functionOrValue","functionOrValue":{"moduleName":[],"name":"el"}}},{"range":[34,34,34,63],"value":{"type":"list","list":[{"range":[34,36,34,62],"value":{"type":"application","application":[{"range":[34,36,34,41],"value":{"type":"functionOrValue","functionOrValue":{"moduleName":[],"name":"below"}}},{"range":[34,42,34,62],"value":{"type":"parenthesized","parenthesized":{"range":[34,43,34,61],"value":{"type":"application","application":[{"range":[34,43,34,47],"value":{"type":"functionOrValue","functionOrValue":{"moduleName":[],"name":"text"}}},{"range":[34,48,34,61],"value":{"type":"literal","literal":"I'm bellow!"}}]}}}}]}}]}},{"range":[34,64,34,83],"value":{"type":"parenthesized","parenthesized":{"range":[34,65,34,82],"value":{"type":"application","application":[{"range":[34,65,34,69],"value":{"type":"functionOrValue","functionOrValue":{"moduleName":[],"name":"text"}}},{"range":[34,70,34,82],"value":{"type":"literal","literal":"I'm normal"}}]}}}}]}},{"range":[34,85,34,108],"value":{"type":"application","application":[{"range":[34,85,34,87],"value":{"type":"functionOrValue","functionOrValue":{"moduleName":[],"name":"el"}}},{"range":[34,88,34,90],"value":{"type":"list","list":[]}},{"range":[34,91,34,108],"value":{"type":"parenthesized","parenthesized":{"range":[34,92,34,107],"value":{"type":"application","application":[{"range":[34,92,34,96],"value":{"type":"functionOrValue","functionOrValue":{"moduleName":[],"name":"text"}}},{"range":[34,97,34,107],"value":{"type":"literal","literal":"I'm next"}}]}}}}]}}]}}]}}}}}}},{"range":[36,1,44,6],"value":{"type":"function","function":{"documentation":null,"signature":{"range":[36,1,36,19],"value":{"name":{"range":[36,1,36,6],"value":"myCol"},"typeAnnotation":{"range":[36,8,36,19],"value":{"type":"typed","typed":{"moduleNameAndName":{"range":[36,8,36,15],"value":{"moduleName":[],"name":"Element"}},"args":[{"range":[36,16,36,19],"value":{"type":"generic","generic":{"value":"msg"}}}]}}}}},"declaration":{"range":[37,1,44,6],"value":{"name":{"range":[37,1,37,6],"value":"myCol"},"arguments":[],"expression":{"range":[37,9,44,6],"value":{"type":"application","application":[{"range":[37,9,37,15],"value":{"type":"functionOrValue","functionOrValue":{"moduleName":[],"name":"column"}}},{"range":[37,16,40,6],"value":{"type":"list","list":[{"range":[38,5,38,15],"value":{"type":"application","application":[{"range":[38,5,38,10],"value":{"type":"functionOrValue","functionOrValue":{"moduleName":[],"name":"width"}}},{"range":[38,11,38,15],"value":{"type":"functionOrValue","functionOrValue":{"moduleName":[],"name":"fill"}}}]}},{"range":[39,7,39,18],"value":{"type":"application","application":[{"range":[39,7,39,13],"value":{"type":"functionOrValue","functionOrValue":{"moduleName":[],"name":"height"}}},{"range":[39,14,39,18],"value":{"type":"functionOrValue","functionOrValue":{"moduleName":[],"name":"fill"}}}]}}]}},{"range":[41,5,44,6],"value":{"type":"list","list":[{"range":[41,7,41,33],"value":{"type":"application","application":[{"range":[41,7,41,9],"value":{"type":"functionOrValue","functionOrValue":{"moduleName":[],"name":"el"}}},{"range":[41,10,41,12],"value":{"type":"list","list":[]}},{"range":[41,13,41,33],"value":{"type":"parenthesized","parenthesized":{"range":[41,14,41,32],"value":{"type":"application","application":[{"range":[41,14,41,18],"value":{"type":"functionOrValue","functionOrValue":{"moduleName":[],"name":"text"}}},{"range":[41,19,41,32],"value":{"type":"literal","literal":"HELLO WORLD"}}]}}}}]}},{"range":[42,7,42,42],"value":{"type":"application","application":[{"range":[42,7,42,9],"value":{"type":"functionOrValue","functionOrValue":{"moduleName":[],"name":"el"}}},{"range":[42,10,42,28],"value":{"type":"list","list":[{"range":[42,11,42,18],"value":{"type":"functionOrValue","functionOrValue":{"moduleName":[],"name":"centerY"}}},{"range":[42,20,42,27],"value":{"type":"functionOrValue","functionOrValue":{"moduleName":[],"name":"centerX"}}}]}},{"range":[42,29,42,42],"value":{"type":"parenthesized","parenthesized":{"range":[42,30,42,41],"value":{"type":"application","application":[{"range":[42,30,42,34],"value":{"type":"functionOrValue","functionOrValue":{"moduleName":[],"name":"text"}}},{"range":[42,35,42,41],"value":{"type":"literal","literal":"COOL"}}]}}}}]}},{"range":[43,7,43,25],"value":{"type":"application","application":[{"range":[43,7,43,9],"value":{"type":"functionOrValue","functionOrValue":{"moduleName":[],"name":"el"}}},{"range":[43,10,43,12],"value":{"type":"list","list":[]}},{"range":[43,13,43,25],"value":{"type":"parenthesized","parenthesized":{"range":[43,14,43,24],"value":{"type":"application","application":[{"range":[43,14,43,18],"value":{"type":"functionOrValue","functionOrValue":{"moduleName":[],"name":"text"}}},{"range":[43,19,43,24],"value":{"type":"literal","literal":"MAN"}}]}}}}]}}]}}]}}}}}}},{"range":[47,1,58,6],"value":{"type":"function","function":{"documentation":null,"signature":{"range":[47,1,47,19],"value":{"name":{"range":[47,1,47,6],"value":"myRow"},"typeAnnotation":{"range":[47,8,47,19],"value":{"type":"typed","typed":{"moduleNameAndName":{"range":[47,8,47,15],"value":{"moduleName":[],"name":"Element"}},"args":[{"range":[47,16,47,19],"value":{"type":"generic","generic":{"value":"msg"}}}]}}}}},"declaration":{"range":[48,1,58,6],"value":{"name":{"range":[48,1,48,6],"value":"myRow"},"arguments":[],"expression":{"range":[48,9,58,6],"value":{"type":"application","application":[{"range":[48,9,48,12],"value":{"type":"functionOrValue","functionOrValue":{"moduleName":[],"name":"row"}}},{"range":[49,5,49,35],"value":{"type":"list","list":[{"range":[49,6,49,13],"value":{"type":"functionOrValue","functionOrValue":{"moduleName":[],"name":"centerX"}}},{"range":[49,15,49,22],"value":{"type":"functionOrValue","functionOrValue":{"moduleName":[],"name":"centerY"}}},{"range":[49,24,49,34],"value":{"type":"application","application":[{"range":[49,24,49,31],"value":{"type":"functionOrValue","functionOrValue":{"moduleName":[],"name":"spacing"}}},{"range":[49,32,49,34],"value":{"type":"integer","integer":10}}]}}]}},{"range":[50,5,58,6],"value":{"type":"list","list":[{"range":[50,7,50,16],"value":{"type":"functionOrValue","functionOrValue":{"moduleName":[],"name":"myElement"}}},{"range":[51,7,51,25],"value":{"type":"application","application":[{"range":[51,7,51,10],"value":{"type":"functionOrValue","functionOrValue":{"moduleName":[],"name":"row"}}},{"range":[51,11,51,13],"value":{"type":"list","list":[]}},{"range":[51,14,51,25],"value":{"type":"list","list":[{"range":[51,15,51,24],"value":{"type":"functionOrValue","functionOrValue":{"moduleName":[],"name":"myElement"}}}]}}]}},{"range":[52,7,56,38],"value":{"type":"application","application":[{"range":[52,7,52,13],"value":{"type":"functionOrValue","functionOrValue":{"moduleName":[],"name":"column"}}},{"range":[53,9,55,10],"value":{"type":"list","list":[{"range":[54,9,54,19],"value":{"type":"application","application":[{"range":[54,9,54,14],"value":{"type":"functionOrValue","functionOrValue":{"moduleName":[],"name":"width"}}},{"range":[54,15,54,19],"value":{"type":"functionOrValue","functionOrValue":{"moduleName":[],"name":"fill"}}}]}}]}},{"range":[56,9,56,38],"value":{"type":"list","list":[{"range":[56,11,56,37],"value":{"type":"application","application":[{"range":[56,11,56,20],"value":{"type":"functionOrValue","functionOrValue":{"moduleName":[],"name":"paragraph"}}},{"range":[56,21,56,23],"value":{"type":"list","list":[]}},{"range":[56,24,56,37],"value":{"type":"list","list":[{"range":[56,26,56,36],"value":{"type":"application","application":[{"range":[56,26,56,30],"value":{"type":"functionOrValue","functionOrValue":{"moduleName":[],"name":"text"}}},{"range":[56,31,56,36],"value":{"type":"functionOrValue","functionOrValue":{"moduleName":[],"name":"title"}}}]}}]}}]}}]}}]}},{"range":[57,7,57,16],"value":{"type":"functionOrValue","functionOrValue":{"moduleName":[],"name":"myElement"}}}]}}]}}}}}}},{"range":[60,1,74,26],"value":{"type":"function","function":{"documentation":null,"signature":{"range":[60,1,60,24],"value":{"name":{"range":[60,1,60,10],"value":"myElement"},"typeAnnotation":{"range":[60,13,60,24],"value":{"type":"typed","typed":{"moduleNameAndName":{"range":[60,13,60,20],"value":{"moduleName":[],"name":"Element"}},"args":[{"range":[60,21,60,24],"value":{"type":"generic","generic":{"value":"msg"}}}]}}}}},"declaration":{"range":[61,1,74,26],"value":{"name":{"range":[61,1,61,10],"value":"myElement"},"arguments":[],"expression":{"range":[62,5,74,26],"value":{"type":"application","application":[{"range":[62,5,62,7],"value":{"type":"functionOrValue","functionOrValue":{"moduleName":[],"name":"el"}}},{"range":[63,9,73,10],"value":{"type":"list","list":[{"range":[63,11,63,27],"value":{"type":"application","application":[{"range":[63,11,63,25],"value":{"type":"functionOrValue","functionOrValue":{"moduleName":["Border"],"name":"rounded"}}},{"range":[63,26,63,27],"value":{"type":"integer","integer":4}}]}},{"range":[65,11,65,31],"value":{"type":"application","application":[{"range":[65,11,65,27],"value":{"type":"functionOrValue","functionOrValue":{"moduleName":["Background"],"name":"image"}}},{"range":[65,28,65,31],"value":{"type":"functionOrValue","functionOrValue":{"moduleName":[],"name":"url"}}}]}},{"range":[66,11,66,42],"value":{"type":"application","application":[{"range":[66,11,66,21],"value":{"type":"functionOrValue","functionOrValue":{"moduleName":["Font"],"name":"color"}}},{"range":[66,22,66,42],"value":{"type":"parenthesized","parenthesized":{"range":[66,23,66,41],"value":{"type":"application","application":[{"range":[66,23,66,29],"value":{"type":"functionOrValue","functionOrValue":{"moduleName":[],"name":"rgb255"}}},{"range":[66,30,66,33],"value":{"type":"integer","integer":255}},{"range":[66,34,66,37],"value":{"type":"integer","integer":255}},{"range":[66,38,66,41],"value":{"type":"integer","integer":255}}]}}}}]}},{"range":[68,11,68,26],"value":{"type":"application","application":[{"range":[68,11,68,16],"value":{"type":"functionOrValue","functionOrValue":{"moduleName":[],"name":"width"}}},{"range":[68,17,68,19],"value":{"type":"operator","operator":"<|"}},{"range":[68,20,68,22],"value":{"type":"functionOrValue","functionOrValue":{"moduleName":[],"name":"px"}}},{"range":[68,23,68,26],"value":{"type":"integer","integer":160}}]}},{"range":[69,11,69,27],"value":{"type":"application","application":[{"range":[69,11,69,17],"value":{"type":"functionOrValue","functionOrValue":{"moduleName":[],"name":"height"}}},{"range":[69,18,69,20],"value":{"type":"operator","operator":"<|"}},{"range":[69,21,69,23],"value":{"type":"functionOrValue","functionOrValue":{"moduleName":[],"name":"px"}}},{"range":[69,24,69,27],"value":{"type":"integer","integer":160}}]}}]}},{"range":[74,9,74,26],"value":{"type":"parenthesized","parenthesized":{"range":[74,10,74,25],"value":{"type":"application","application":[{"range":[74,10,74,14],"value":{"type":"functionOrValue","functionOrValue":{"moduleName":[],"name":"text"}}},{"range":[74,15,74,25],"value":{"type":"literal","literal":"stylish!"}}]}}}}]}}}}}}}],"comments":[{"range":[72,9,72,20],"value":"--, centerY"},{"range":[71,9,71,20],"value":"--, centerX"},{"range":[70,9,70,23],"value":"--, width fill"},{"range":[67,9,67,23],"value":"--, padding 80"},{"range":[64,9,64,48],"value":"--, Background.color (rgb255 10 160 10)"},{"range":[8,1,8,9],"value":"--     )"},{"range":[7,1,7,24],"value":"--     centerX, maximum"},{"range":[6,1,6,61],"value":"--     width, height, px, rgb255, spacing, centerY, padding,"},{"range":[5,1,5,69],"value":"--     Element, el, text, row, column, paragraph, alignRight, fill, "},{"range":[4,1,4,29],"value":"-- import Element exposing ("}]}