{"moduleDefinition":{"range":[2,1,2,28],"value":{"type":"normal","normal":{"moduleName":{"range":[2,8,2,12],"value":["Main"]},"exposingList":{"range":[2,13,2,28],"value":{"type":"explicit","explicit":[{"range":[2,23,2,27],"value":{"type":"function","function":{"name":"main"}}}]}}}}},"imports":[{"range":[4,1,4,15],"value":{"moduleName":{"range":[4,8,4,15],"value":["Browser"]},"moduleAlias":null,"exposingList":null}},{"range":[5,1,5,47],"value":{"moduleName":{"range":[5,8,5,12],"value":["Html"]},"moduleAlias":null,"exposingList":{"range":[5,13,5,47],"value":{"type":"explicit","explicit":[{"range":[5,23,5,27],"value":{"type":"typeOrAlias","typeOrAlias":{"name":"Html"}}},{"range":[5,29,5,35],"value":{"type":"function","function":{"name":"button"}}},{"range":[5,37,5,40],"value":{"type":"function","function":{"name":"div"}}},{"range":[5,42,5,46],"value":{"type":"function","function":{"name":"text"}}}]}}}},{"range":[7,1,7,38],"value":{"moduleName":{"range":[7,8,7,19],"value":["Html","Events"]},"moduleAlias":null,"exposingList":{"range":[7,20,7,38],"value":{"type":"explicit","explicit":[{"range":[7,30,7,37],"value":{"type":"function","function":{"name":"onClick"}}}]}}}}],"declarations":[{"range":[9,1,10,66],"value":{"type":"function","function":{"documentation":null,"signature":null,"declaration":{"range":[9,1,10,66],"value":{"name":{"range":[9,1,9,5],"value":"main"},"arguments":[],"expression":{"range":[10,5,10,66],"value":{"type":"application","application":[{"range":[10,5,10,20],"value":{"type":"functionOrValue","functionOrValue":{"moduleName":["Browser"],"name":"sandbox"}}},{"range":[10,21,10,66],"value":{"type":"record","record":[{"range":[10,23,10,34],"value":{"field":{"range":[10,23,10,27],"value":"init"},"expression":{"range":[10,30,10,34],"value":{"type":"functionOrValue","functionOrValue":{"moduleName":[],"name":"init"}}}}},{"range":[10,36,10,51],"value":{"field":{"range":[10,36,10,42],"value":"update"},"expression":{"range":[10,45,10,51],"value":{"type":"functionOrValue","functionOrValue":{"moduleName":[],"name":"update"}}}}},{"range":[10,53,10,65],"value":{"field":{"range":[10,53,10,57],"value":"view"},"expression":{"range":[10,60,10,64],"value":{"type":"functionOrValue","functionOrValue":{"moduleName":[],"name":"view"}}}}}]}}]}}}}}}},{"range":[13,1,13,24],"value":{"type":"typeAlias","typeAlias":{"documentation":null,"name":{"range":[13,12,13,17],"value":"Model"},"generics":[],"typeAnnotation":{"range":[13,21,13,24],"value":{"type":"typed","typed":{"moduleNameAndName":{"range":[13,21,13,24],"value":{"moduleName":[],"name":"Int"}},"args":[]}}}}}},{"range":[15,1,16,9],"value":{"type":"function","function":{"documentation":null,"signature":{"range":[15,1,15,13],"value":{"name":{"range":[15,1,15,5],"value":"init"},"typeAnnotation":{"range":[15,8,15,13],"value":{"type":"typed","typed":{"moduleNameAndName":{"range":[15,8,15,13],"value":{"moduleName":[],"name":"Model"}},"args":[]}}}}},"declaration":{"range":[16,1,16,9],"value":{"name":{"range":[16,1,16,5],"value":"init"},"arguments":[],"expression":{"range":[16,8,16,9],"value":{"type":"integer","integer":0}}}}}}},{"range":[18,1,18,33],"value":{"type":"typedecl","typedecl":{"documentation":null,"name":{"range":[18,6,18,9],"value":"Msg"},"generics":[],"constructors":[{"range":[18,12,18,21],"value":{"name":{"range":[18,12,18,21],"value":"Increment"},"arguments":[]}},{"range":[18,24,18,33],"value":{"name":{"range":[18,24,18,33],"value":"Decrement"},"arguments":[]}}]}}},{"range":[20,1,25,22],"value":{"type":"function","function":{"documentation":null,"signature":null,"declaration":{"range":[20,1,25,22],"value":{"name":{"range":[20,1,20,7],"value":"update"},"arguments":[{"range":[20,8,20,11],"value":{"type":"var","var":{"value":"msg"}}},{"range":[20,12,20,17],"value":{"type":"var","var":{"value":"model"}}}],"expression":{"range":[21,5,25,22],"value":{"type":"case","case":{"cases":[{"pattern":{"range":[22,9,22,18],"value":{"type":"named","named":{"qualified":{"moduleName":[],"name":"Increment"},"patterns":[]}}},"expression":{"range":[23,13,23,22],"value":{"type":"application","application":[{"range":[23,13,23,18],"value":{"type":"functionOrValue","functionOrValue":{"moduleName":[],"name":"model"}}},{"range":[23,19,23,20],"value":{"type":"operator","operator":"+"}},{"range":[23,21,23,22],"value":{"type":"integer","integer":1}}]}}},{"pattern":{"range":[24,9,24,18],"value":{"type":"named","named":{"qualified":{"moduleName":[],"name":"Decrement"},"patterns":[]}}},"expression":{"range":[25,13,25,22],"value":{"type":"application","application":[{"range":[25,13,25,18],"value":{"type":"functionOrValue","functionOrValue":{"moduleName":[],"name":"model"}}},{"range":[25,19,25,21],"value":{"type":"operator","operator":"-"}},{"range":[25,21,25,22],"value":{"type":"integer","integer":1}}]}}}],"expression":{"range":[21,10,21,13],"value":{"type":"functionOrValue","functionOrValue":{"moduleName":[],"name":"msg"}}}}}}}}}}},{"range":[27,1,33,10],"value":{"type":"function","function":{"documentation":null,"signature":{"range":[27,1,27,24],"value":{"name":{"range":[27,1,27,5],"value":"view"},"typeAnnotation":{"range":[27,7,27,24],"value":{"type":"function","function":{"left":{"range":[27,7,27,12],"value":{"type":"typed","typed":{"moduleNameAndName":{"range":[27,7,27,12],"value":{"moduleName":[],"name":"Model"}},"args":[]}}},"right":{"range":[27,16,27,24],"value":{"type":"typed","typed":{"moduleNameAndName":{"range":[27,16,27,20],"value":{"moduleName":[],"name":"Html"}},"args":[{"range":[27,21,27,24],"value":{"type":"typed","typed":{"moduleNameAndName":{"range":[27,21,27,24],"value":{"moduleName":[],"name":"Msg"}},"args":[]}}}]}}}}}}}},"declaration":{"range":[28,1,33,10],"value":{"name":{"range":[28,1,28,5],"value":"view"},"arguments":[{"range":[28,6,28,11],"value":{"type":"var","var":{"value":"model"}}}],"expression":{"range":[29,5,33,10],"value":{"type":"application","application":[{"range":[29,5,29,8],"value":{"type":"functionOrValue","functionOrValue":{"moduleName":[],"name":"div"}}},{"range":[29,9,29,11],"value":{"type":"list","list":[]}},{"range":[30,9,33,10],"value":{"type":"list","list":[{"range":[30,11,30,51],"value":{"type":"application","application":[{"range":[30,11,30,17],"value":{"type":"functionOrValue","functionOrValue":{"moduleName":[],"name":"button"}}},{"range":[30,18,30,39],"value":{"type":"list","list":[{"range":[30,20,30,37],"value":{"type":"application","application":[{"range":[30,20,30,27],"value":{"type":"functionOrValue","functionOrValue":{"moduleName":[],"name":"onClick"}}},{"range":[30,28,30,37],"value":{"type":"functionOrValue","functionOrValue":{"moduleName":[],"name":"Decrement"}}}]}}]}},{"range":[30,40,30,51],"value":{"type":"list","list":[{"range":[30,42,30,50],"value":{"type":"application","application":[{"range":[30,42,30,46],"value":{"type":"functionOrValue","functionOrValue":{"moduleName":[],"name":"text"}}},{"range":[30,47,30,50],"value":{"type":"literal","literal":"-"}}]}}]}}]}},{"range":[31,11,31,48],"value":{"type":"application","application":[{"range":[31,11,31,14],"value":{"type":"functionOrValue","functionOrValue":{"moduleName":[],"name":"div"}}},{"range":[31,15,31,17],"value":{"type":"list","list":[]}},{"range":[31,18,31,48],"value":{"type":"list","list":[{"range":[31,20,31,47],"value":{"type":"application","application":[{"range":[31,20,31,24],"value":{"type":"functionOrValue","functionOrValue":{"moduleName":[],"name":"text"}}},{"range":[31,25,31,47],"value":{"type":"parenthesized","parenthesized":{"range":[31,26,31,46],"value":{"type":"application","application":[{"range":[31,26,31,40],"value":{"type":"functionOrValue","functionOrValue":{"moduleName":["String"],"name":"fromInt"}}},{"range":[31,41,31,46],"value":{"type":"functionOrValue","functionOrValue":{"moduleName":[],"name":"model"}}}]}}}}]}}]}}]}},{"range":[32,11,32,51],"value":{"type":"application","application":[{"range":[32,11,32,17],"value":{"type":"functionOrValue","functionOrValue":{"moduleName":[],"name":"button"}}},{"range":[32,18,32,39],"value":{"type":"list","list":[{"range":[32,20,32,37],"value":{"type":"application","application":[{"range":[32,20,32,27],"value":{"type":"functionOrValue","functionOrValue":{"moduleName":[],"name":"onClick"}}},{"range":[32,28,32,37],"value":{"type":"functionOrValue","functionOrValue":{"moduleName":[],"name":"Increment"}}}]}}]}},{"range":[32,39,32,51],"value":{"type":"list","list":[{"range":[32,41,32,49],"value":{"type":"application","application":[{"range":[32,41,32,45],"value":{"type":"functionOrValue","functionOrValue":{"moduleName":[],"name":"text"}}},{"range":[32,46,32,49],"value":{"type":"literal","literal":"+"}}]}}]}}]}}]}}]}}}}}}}],"comments":[]}