{"moduleDefinition":{"range":[2,1,2,24],"value":{"type":"normal","normal":{"moduleName":{"range":[2,8,2,10],"value":["UI"]},"exposingList":{"range":[2,11,2,24],"value":{"type":"all","all":[2,21,2,23]}}}}},"imports":[{"range":[9,1,9,29],"value":{"moduleName":{"range":[9,8,9,15],"value":["Element"]},"moduleAlias":null,"exposingList":{"range":[9,16,9,29],"value":{"type":"all","all":[9,26,9,28]}}}},{"range":[10,1,10,40],"value":{"moduleName":{"range":[10,8,10,26],"value":["Element","Background"]},"moduleAlias":{"range":[10,30,10,40],"value":["Background"]},"exposingList":null}},{"range":[11,1,11,32],"value":{"moduleName":{"range":[11,8,11,22],"value":["Element","Border"]},"moduleAlias":{"range":[11,26,11,32],"value":["Border"]},"exposingList":null}},{"range":[12,1,12,28],"value":{"moduleName":{"range":[12,8,12,20],"value":["Element","Font"]},"moduleAlias":{"range":[12,24,12,28],"value":["Font"]},"exposingList":null}},{"range":[13,1,13,30],"value":{"moduleName":{"range":[13,8,13,21],"value":["Element","Input"]},"moduleAlias":{"range":[13,25,13,30],"value":["Input"]},"exposingList":null}},{"range":[14,1,14,13],"value":{"moduleName":{"range":[14,8,14,13],"value":["Debug"]},"moduleAlias":null,"exposingList":null}}],"declarations":[{"range":[18,1,18,26],"value":{"type":"function","function":{"documentation":null,"signature":null,"declaration":{"range":[18,1,18,26],"value":{"name":{"range":[18,1,18,5],"value":"gray"},"arguments":[],"expression":{"range":[18,8,18,26],"value":{"type":"application","application":[{"range":[18,8,18,14],"value":{"type":"functionOrValue","functionOrValue":{"moduleName":[],"name":"rgb255"}}},{"range":[18,15,18,18],"value":{"type":"integer","integer":200}},{"range":[18,19,18,22],"value":{"type":"integer","integer":200}},{"range":[18,23,18,26],"value":{"type":"integer","integer":200}}]}}}}}}},{"range":[19,1,19,21],"value":{"type":"function","function":{"documentation":null,"signature":null,"declaration":{"range":[19,1,19,21],"value":{"name":{"range":[19,1,19,4],"value":"red"},"arguments":[],"expression":{"range":[19,7,19,21],"value":{"type":"application","application":[{"range":[19,7,19,13],"value":{"type":"functionOrValue","functionOrValue":{"moduleName":[],"name":"rgb255"}}},{"range":[19,14,19,17],"value":{"type":"integer","integer":210}},{"range":[19,18,19,19],"value":{"type":"integer","integer":0}},{"range":[19,20,19,21],"value":{"type":"integer","integer":0}}]}}}}}}},{"range":[20,1,20,22],"value":{"type":"function","function":{"documentation":null,"signature":null,"declaration":{"range":[20,1,20,22],"value":{"name":{"range":[20,1,20,5],"value":"blue"},"arguments":[],"expression":{"range":[20,8,20,22],"value":{"type":"application","application":[{"range":[20,8,20,14],"value":{"type":"functionOrValue","functionOrValue":{"moduleName":[],"name":"rgb255"}}},{"range":[20,15,20,16],"value":{"type":"integer","integer":0}},{"range":[20,17,20,18],"value":{"type":"integer","integer":0}},{"range":[20,19,20,22],"value":{"type":"integer","integer":200}}]}}}}}}},{"range":[21,1,21,27],"value":{"type":"function","function":{"documentation":null,"signature":null,"declaration":{"range":[21,1,21,27],"value":{"name":{"range":[21,1,21,6],"value":"white"},"arguments":[],"expression":{"range":[21,9,21,27],"value":{"type":"application","application":[{"range":[21,9,21,15],"value":{"type":"functionOrValue","functionOrValue":{"moduleName":[],"name":"rgb255"}}},{"range":[21,16,21,19],"value":{"type":"integer","integer":255}},{"range":[21,20,21,23],"value":{"type":"integer","integer":255}},{"range":[21,24,21,27],"value":{"type":"integer","integer":255}}]}}}}}}},{"range":[22,1,22,26],"value":{"type":"function","function":{"documentation":null,"signature":null,"declaration":{"range":[22,1,22,26],"value":{"name":{"range":[22,1,22,6],"value":"green"},"arguments":[],"expression":{"range":[22,9,22,26],"value":{"type":"application","application":[{"range":[22,9,22,15],"value":{"type":"functionOrValue","functionOrValue":{"moduleName":[],"name":"rgb255"}}},{"range":[22,16,22,18],"value":{"type":"integer","integer":86}},{"range":[22,19,22,22],"value":{"type":"integer","integer":182}},{"range":[22,23,22,26],"value":{"type":"integer","integer":139}}]}}}}}}},{"range":[24,1,25,197],"value":{"type":"function","function":{"documentation":null,"signature":{"range":[24,1,24,12],"value":{"name":{"range":[24,1,24,4],"value":"url"},"typeAnnotation":{"range":[24,6,24,12],"value":{"type":"typed","typed":{"moduleNameAndName":{"range":[24,6,24,12],"value":{"moduleName":[],"name":"String"}},"args":[]}}}}},"declaration":{"range":[25,1,25,197],"value":{"name":{"range":[25,1,25,4],"value":"url"},"arguments":[],"expression":{"range":[25,7,25,197],"value":{"type":"literal","literal":"http://bw-qm-public.oss-cn-shenzhen.aliyuncs.com/qm/entityxwzx/fieldfm/37066e44-d760-4daf-bef6-59fc5df54a14.png?x-oss-process=image/resize,m_lfit,w_1440,limit_1/auto-orient,1/quality,q_100"}}}}}}},{"range":[27,1,28,63],"value":{"type":"function","function":{"documentation":null,"signature":{"range":[27,1,27,14],"value":{"name":{"range":[27,1,27,6],"value":"title"},"typeAnnotation":{"range":[27,8,27,14],"value":{"type":"typed","typed":{"moduleNameAndName":{"range":[27,8,27,14],"value":{"moduleName":[],"name":"String"}},"args":[]}}}}},"declaration":{"range":[28,1,28,63],"value":{"name":{"range":[28,1,28,6],"value":"title"},"arguments":[],"expression":{"range":[28,9,28,63],"value":{"type":"literal","literal":"新闻资讯标题新闻资讯标题新闻资讯标题新闻资讯新闻资讯标题新闻资讯标题新闻资讯标题新闻资讯新闻资讯标题新闻"}}}}}}},{"range":[31,1,32,18],"value":{"type":"typedecl","typedecl":{"documentation":null,"name":{"range":[31,6,31,9],"value":"Msg"},"generics":[],"constructors":[{"range":[32,5,32,18],"value":{"name":{"range":[32,5,32,11],"value":"Change"},"arguments":[{"range":[32,12,32,18],"value":{"type":"typed","typed":{"moduleNameAndName":{"range":[32,12,32,18],"value":{"moduleName":[],"name":"String"}},"args":[]}}}]}}]}}},{"range":[35,1,37,26],"value":{"type":"function","function":{"documentation":null,"signature":null,"declaration":{"range":[35,1,37,26],"value":{"name":{"range":[35,1,35,7],"value":"update"},"arguments":[{"range":[35,8,35,11],"value":{"type":"var","var":{"value":"msg"}}},{"range":[35,12,35,17],"value":{"type":"var","var":{"value":"model"}}}],"expression":{"range":[36,3,37,26],"value":{"type":"case","case":{"cases":[{"pattern":{"range":[37,5,37,17],"value":{"type":"named","named":{"qualified":{"moduleName":[],"name":"Change"},"patterns":[{"range":[37,12,37,17],"value":{"type":"var","var":{"value":"value"}}}]}}},"expression":{"range":[37,21,37,26],"value":{"type":"functionOrValue","functionOrValue":{"moduleName":[],"name":"value"}}}}],"expression":{"range":[36,8,36,11],"value":{"type":"functionOrValue","functionOrValue":{"moduleName":[],"name":"msg"}}}}}}}}}}},{"range":[40,1,49,11],"value":{"type":"function","function":{"documentation":null,"signature":null,"declaration":{"range":[40,1,49,11],"value":{"name":{"range":[40,1,40,5],"value":"main"},"arguments":[],"expression":{"range":[41,5,49,11],"value":{"type":"application","application":[{"range":[41,5,41,19],"value":{"type":"functionOrValue","functionOrValue":{"moduleName":["Element"],"name":"layout"}}},{"range":[41,20,43,6],"value":{"type":"list","list":[]}},{"range":[44,5,49,11],"value":{"type":"parenthesized","parenthesized":{"range":[44,6,49,10],"value":{"type":"application","application":[{"range":[44,6,44,12],"value":{"type":"functionOrValue","functionOrValue":{"moduleName":[],"name":"column"}}},{"range":[44,13,44,52],"value":{"type":"list","list":[{"range":[44,15,44,26],"value":{"type":"application","application":[{"range":[44,15,44,21],"value":{"type":"functionOrValue","functionOrValue":{"moduleName":[],"name":"height"}}},{"range":[44,22,44,26],"value":{"type":"functionOrValue","functionOrValue":{"moduleName":[],"name":"fill"}}}]}},{"range":[44,28,44,38],"value":{"type":"application","application":[{"range":[44,28,44,33],"value":{"type":"functionOrValue","functionOrValue":{"moduleName":[],"name":"width"}}},{"range":[44,34,44,38],"value":{"type":"functionOrValue","functionOrValue":{"moduleName":[],"name":"fill"}}}]}},{"range":[44,40,44,51],"value":{"type":"functionOrValue","functionOrValue":{"moduleName":[],"name":"spaceEvenly"}}}]}},{"range":[45,9,49,10],"value":{"type":"list","list":[{"range":[46,13,46,25],"value":{"type":"functionOrValue","functionOrValue":{"moduleName":[],"name":"myWrappedRow"}}},{"range":[47,13,47,26],"value":{"type":"functionOrValue","functionOrValue":{"moduleName":[],"name":"myWrappedRow2"}}},{"range":[48,13,48,24],"value":{"type":"functionOrValue","functionOrValue":{"moduleName":[],"name":"myDirectRow"}}}]}}]}}}}]}}}}}}},{"range":[51,1,74,39],"value":{"type":"function","function":{"documentation":null,"signature":{"range":[51,1,51,26],"value":{"name":{"range":[51,1,51,13],"value":"myWrappedRow"},"typeAnnotation":{"range":[51,15,51,26],"value":{"type":"typed","typed":{"moduleNameAndName":{"range":[51,15,51,22],"value":{"moduleName":[],"name":"Element"}},"args":[{"range":[51,23,51,26],"value":{"type":"typed","typed":{"moduleNameAndName":{"range":[51,23,51,26],"value":{"moduleName":[],"name":"Msg"}},"args":[]}}}]}}}}},"declaration":{"range":[52,1,74,39],"value":{"name":{"range":[52,1,52,13],"value":"myWrappedRow"},"arguments":[],"expression":{"range":[52,16,74,39],"value":{"type":"application","application":[{"range":[52,16,52,26],"value":{"type":"functionOrValue","functionOrValue":{"moduleName":[],"name":"wrappedRow"}}},{"range":[53,17,53,65],"value":{"type":"list","list":[{"range":[53,18,53,29],"value":{"type":"functionOrValue","functionOrValue":{"moduleName":[],"name":"spaceEvenly"}}},{"range":[53,31,53,40],"value":{"type":"application","application":[{"range":[53,31,53,38],"value":{"type":"functionOrValue","functionOrValue":{"moduleName":[],"name":"spacing"}}},{"range":[53,39,53,40],"value":{"type":"integer","integer":8}}]}},{"range":[53,42,53,64],"value":{"type":"application","application":[{"range":[53,42,53,58],"value":{"type":"functionOrValue","functionOrValue":{"moduleName":["Background"],"name":"color"}}},{"range":[53,59,53,64],"value":{"type":"functionOrValue","functionOrValue":{"moduleName":[],"name":"green"}}}]}}]}},{"range":[54,17,74,39],"value":{"type":"list","list":[{"range":[54,18,54,27],"value":{"type":"functionOrValue","functionOrValue":{"moduleName":[],"name":"myElement"}}},{"range":[55,18,55,27],"value":{"type":"functionOrValue","functionOrValue":{"moduleName":[],"name":"myElement"}}},{"range":[56,18,56,27],"value":{"type":"functionOrValue","functionOrValue":{"moduleName":[],"name":"myElement"}}},{"range":[57,18,57,27],"value":{"type":"functionOrValue","functionOrValue":{"moduleName":[],"name":"myElement"}}},{"range":[58,18,58,27],"value":{"type":"functionOrValue","functionOrValue":{"moduleName":[],"name":"myElement"}}},{"range":[59,18,59,27],"value":{"type":"functionOrValue","functionOrValue":{"moduleName":[],"name":"myElement"}}},{"range":[60,18,60,27],"value":{"type":"functionOrValue","functionOrValue":{"moduleName":[],"name":"myElement"}}},{"range":[61,18,74,38],"value":{"type":"application","application":[{"range":[61,18,61,20],"value":{"type":"functionOrValue","functionOrValue":{"moduleName":[],"name":"el"}}},{"range":[62,21,73,22],"value":{"type":"list","list":[{"range":[62,23,62,39],"value":{"type":"application","application":[{"range":[62,23,62,37],"value":{"type":"functionOrValue","functionOrValue":{"moduleName":["Border"],"name":"rounded"}}},{"range":[62,38,62,39],"value":{"type":"integer","integer":4}}]}},{"range":[65,23,65,43],"value":{"type":"application","application":[{"range":[65,23,65,39],"value":{"type":"functionOrValue","functionOrValue":{"moduleName":["Background"],"name":"image"}}},{"range":[65,40,65,43],"value":{"type":"functionOrValue","functionOrValue":{"moduleName":[],"name":"url"}}}]}},{"range":[66,23,66,54],"value":{"type":"application","application":[{"range":[66,23,66,33],"value":{"type":"functionOrValue","functionOrValue":{"moduleName":["Font"],"name":"color"}}},{"range":[66,34,66,54],"value":{"type":"parenthesized","parenthesized":{"range":[66,35,66,53],"value":{"type":"application","application":[{"range":[66,35,66,41],"value":{"type":"functionOrValue","functionOrValue":{"moduleName":[],"name":"rgb255"}}},{"range":[66,42,66,45],"value":{"type":"integer","integer":255}},{"range":[66,46,66,49],"value":{"type":"integer","integer":255}},{"range":[66,50,66,53],"value":{"type":"integer","integer":255}}]}}}}]}},{"range":[68,23,68,37],"value":{"type":"application","application":[{"range":[68,23,68,28],"value":{"type":"functionOrValue","functionOrValue":{"moduleName":[],"name":"width"}}},{"range":[68,29,68,31],"value":{"type":"operator","operator":"<|"}},{"range":[68,32,68,34],"value":{"type":"functionOrValue","functionOrValue":{"moduleName":[],"name":"px"}}},{"range":[68,35,68,37],"value":{"type":"integer","integer":80}}]}},{"range":[69,23,69,38],"value":{"type":"application","application":[{"range":[69,23,69,29],"value":{"type":"functionOrValue","functionOrValue":{"moduleName":[],"name":"height"}}},{"range":[69,30,69,32],"value":{"type":"operator","operator":"<|"}},{"range":[69,33,69,35],"value":{"type":"functionOrValue","functionOrValue":{"moduleName":[],"name":"px"}}},{"range":[69,36,69,38],"value":{"type":"integer","integer":80}}]}}]}},{"range":[74,21,74,38],"value":{"type":"parenthesized","parenthesized":{"range":[74,22,74,37],"value":{"type":"application","application":[{"range":[74,22,74,26],"value":{"type":"functionOrValue","functionOrValue":{"moduleName":[],"name":"text"}}},{"range":[74,27,74,37],"value":{"type":"literal","literal":"stylish!"}}]}}}}]}}]}}]}}}}}}},{"range":[76,1,98,28],"value":{"type":"function","function":{"documentation":null,"signature":{"range":[76,1,76,27],"value":{"name":{"range":[76,1,76,14],"value":"myWrappedRow2"},"typeAnnotation":{"range":[76,16,76,27],"value":{"type":"typed","typed":{"moduleNameAndName":{"range":[76,16,76,23],"value":{"moduleName":[],"name":"Element"}},"args":[{"range":[76,24,76,27],"value":{"type":"typed","typed":{"moduleNameAndName":{"range":[76,24,76,27],"value":{"moduleName":[],"name":"Msg"}},"args":[]}}}]}}}}},"declaration":{"range":[77,1,98,28],"value":{"name":{"range":[77,1,77,14],"value":"myWrappedRow2"},"arguments":[],"expression":{"range":[77,17,98,28],"value":{"type":"application","application":[{"range":[77,17,77,27],"value":{"type":"functionOrValue","functionOrValue":{"moduleName":[],"name":"wrappedRow"}}},{"range":[78,17,78,20],"value":{"type":"list","list":[]}},{"range":[79,17,98,28],"value":{"type":"list","list":[{"range":[79,18,79,27],"value":{"type":"functionOrValue","functionOrValue":{"moduleName":[],"name":"myElement"}}},{"range":[80,18,80,27],"value":{"type":"functionOrValue","functionOrValue":{"moduleName":[],"name":"myElement"}}},{"range":[81,18,81,27],"value":{"type":"functionOrValue","functionOrValue":{"moduleName":[],"name":"myElement"}}},{"range":[82,18,82,27],"value":{"type":"functionOrValue","functionOrValue":{"moduleName":[],"name":"myElement"}}},{"range":[83,18,95,38],"value":{"type":"application","application":[{"range":[83,18,83,20],"value":{"type":"functionOrValue","functionOrValue":{"moduleName":[],"name":"el"}}},{"range":[84,21,94,22],"value":{"type":"list","list":[{"range":[84,23,84,39],"value":{"type":"application","application":[{"range":[84,23,84,37],"value":{"type":"functionOrValue","functionOrValue":{"moduleName":["Border"],"name":"rounded"}}},{"range":[84,38,84,39],"value":{"type":"integer","integer":4}}]}},{"range":[86,23,86,43],"value":{"type":"application","application":[{"range":[86,23,86,39],"value":{"type":"functionOrValue","functionOrValue":{"moduleName":["Background"],"name":"image"}}},{"range":[86,40,86,43],"value":{"type":"functionOrValue","functionOrValue":{"moduleName":[],"name":"url"}}}]}},{"range":[87,23,87,54],"value":{"type":"application","application":[{"range":[87,23,87,33],"value":{"type":"functionOrValue","functionOrValue":{"moduleName":["Font"],"name":"color"}}},{"range":[87,34,87,54],"value":{"type":"parenthesized","parenthesized":{"range":[87,35,87,53],"value":{"type":"application","application":[{"range":[87,35,87,41],"value":{"type":"functionOrValue","functionOrValue":{"moduleName":[],"name":"rgb255"}}},{"range":[87,42,87,45],"value":{"type":"integer","integer":255}},{"range":[87,46,87,49],"value":{"type":"integer","integer":255}},{"range":[87,50,87,53],"value":{"type":"integer","integer":255}}]}}}}]}},{"range":[89,23,89,37],"value":{"type":"application","application":[{"range":[89,23,89,28],"value":{"type":"functionOrValue","functionOrValue":{"moduleName":[],"name":"width"}}},{"range":[89,29,89,31],"value":{"type":"operator","operator":"<|"}},{"range":[89,32,89,34],"value":{"type":"functionOrValue","functionOrValue":{"moduleName":[],"name":"px"}}},{"range":[89,35,89,37],"value":{"type":"integer","integer":80}}]}},{"range":[90,23,90,38],"value":{"type":"application","application":[{"range":[90,23,90,29],"value":{"type":"functionOrValue","functionOrValue":{"moduleName":[],"name":"height"}}},{"range":[90,30,90,32],"value":{"type":"operator","operator":"<|"}},{"range":[90,33,90,35],"value":{"type":"functionOrValue","functionOrValue":{"moduleName":[],"name":"px"}}},{"range":[90,36,90,38],"value":{"type":"integer","integer":80}}]}}]}},{"range":[95,21,95,38],"value":{"type":"parenthesized","parenthesized":{"range":[95,22,95,37],"value":{"type":"application","application":[{"range":[95,22,95,26],"value":{"type":"functionOrValue","functionOrValue":{"moduleName":[],"name":"text"}}},{"range":[95,27,95,37],"value":{"type":"literal","literal":"stylish!"}}]}}}}]}},{"range":[96,18,96,27],"value":{"type":"functionOrValue","functionOrValue":{"moduleName":[],"name":"myElement"}}},{"range":[97,18,97,27],"value":{"type":"functionOrValue","functionOrValue":{"moduleName":[],"name":"myElement"}}},{"range":[98,18,98,27],"value":{"type":"functionOrValue","functionOrValue":{"moduleName":[],"name":"myElement"}}}]}}]}}}}}}},{"range":[100,1,122,28],"value":{"type":"function","function":{"documentation":null,"signature":{"range":[100,1,100,25],"value":{"name":{"range":[100,1,100,12],"value":"myDirectRow"},"typeAnnotation":{"range":[100,14,100,25],"value":{"type":"typed","typed":{"moduleNameAndName":{"range":[100,14,100,21],"value":{"moduleName":[],"name":"Element"}},"args":[{"range":[100,22,100,25],"value":{"type":"typed","typed":{"moduleNameAndName":{"range":[100,22,100,25],"value":{"moduleName":[],"name":"Msg"}},"args":[]}}}]}}}}},"declaration":{"range":[101,1,122,28],"value":{"name":{"range":[101,1,101,12],"value":"myDirectRow"},"arguments":[],"expression":{"range":[101,15,122,28],"value":{"type":"application","application":[{"range":[101,15,101,18],"value":{"type":"functionOrValue","functionOrValue":{"moduleName":[],"name":"row"}}},{"range":[102,17,102,30],"value":{"type":"list","list":[{"range":[102,19,102,28],"value":{"type":"application","application":[{"range":[102,19,102,26],"value":{"type":"functionOrValue","functionOrValue":{"moduleName":[],"name":"spacing"}}},{"range":[102,27,102,28],"value":{"type":"integer","integer":8}}]}}]}},{"range":[103,17,122,28],"value":{"type":"list","list":[{"range":[103,18,103,27],"value":{"type":"functionOrValue","functionOrValue":{"moduleName":[],"name":"myElement"}}},{"range":[104,18,104,27],"value":{"type":"functionOrValue","functionOrValue":{"moduleName":[],"name":"myElement"}}},{"range":[105,18,105,27],"value":{"type":"functionOrValue","functionOrValue":{"moduleName":[],"name":"myElement"}}},{"range":[106,18,106,27],"value":{"type":"functionOrValue","functionOrValue":{"moduleName":[],"name":"myElement"}}},{"range":[107,18,119,38],"value":{"type":"application","application":[{"range":[107,18,107,20],"value":{"type":"functionOrValue","functionOrValue":{"moduleName":[],"name":"el"}}},{"range":[108,21,118,22],"value":{"type":"list","list":[{"range":[108,23,108,39],"value":{"type":"application","application":[{"range":[108,23,108,37],"value":{"type":"functionOrValue","functionOrValue":{"moduleName":["Border"],"name":"rounded"}}},{"range":[108,38,108,39],"value":{"type":"integer","integer":4}}]}},{"range":[110,23,110,43],"value":{"type":"application","application":[{"range":[110,23,110,39],"value":{"type":"functionOrValue","functionOrValue":{"moduleName":["Background"],"name":"image"}}},{"range":[110,40,110,43],"value":{"type":"functionOrValue","functionOrValue":{"moduleName":[],"name":"url"}}}]}},{"range":[111,23,111,54],"value":{"type":"application","application":[{"range":[111,23,111,33],"value":{"type":"functionOrValue","functionOrValue":{"moduleName":["Font"],"name":"color"}}},{"range":[111,34,111,54],"value":{"type":"parenthesized","parenthesized":{"range":[111,35,111,53],"value":{"type":"application","application":[{"range":[111,35,111,41],"value":{"type":"functionOrValue","functionOrValue":{"moduleName":[],"name":"rgb255"}}},{"range":[111,42,111,45],"value":{"type":"integer","integer":255}},{"range":[111,46,111,49],"value":{"type":"integer","integer":255}},{"range":[111,50,111,53],"value":{"type":"integer","integer":255}}]}}}}]}},{"range":[113,23,113,37],"value":{"type":"application","application":[{"range":[113,23,113,28],"value":{"type":"functionOrValue","functionOrValue":{"moduleName":[],"name":"width"}}},{"range":[113,29,113,31],"value":{"type":"operator","operator":"<|"}},{"range":[113,32,113,34],"value":{"type":"functionOrValue","functionOrValue":{"moduleName":[],"name":"px"}}},{"range":[113,35,113,37],"value":{"type":"integer","integer":80}}]}},{"range":[114,23,114,38],"value":{"type":"application","application":[{"range":[114,23,114,29],"value":{"type":"functionOrValue","functionOrValue":{"moduleName":[],"name":"height"}}},{"range":[114,30,114,32],"value":{"type":"operator","operator":"<|"}},{"range":[114,33,114,35],"value":{"type":"functionOrValue","functionOrValue":{"moduleName":[],"name":"px"}}},{"range":[114,36,114,38],"value":{"type":"integer","integer":80}}]}}]}},{"range":[119,21,119,38],"value":{"type":"parenthesized","parenthesized":{"range":[119,22,119,37],"value":{"type":"application","application":[{"range":[119,22,119,26],"value":{"type":"functionOrValue","functionOrValue":{"moduleName":[],"name":"text"}}},{"range":[119,27,119,37],"value":{"type":"literal","literal":"stylish!"}}]}}}}]}},{"range":[120,18,120,27],"value":{"type":"functionOrValue","functionOrValue":{"moduleName":[],"name":"myElement"}}},{"range":[121,18,121,27],"value":{"type":"functionOrValue","functionOrValue":{"moduleName":[],"name":"myElement"}}},{"range":[122,18,122,27],"value":{"type":"functionOrValue","functionOrValue":{"moduleName":[],"name":"myElement"}}}]}}]}}}}}}},{"range":[124,1,124,208],"value":{"type":"function","function":{"documentation":null,"signature":null,"declaration":{"range":[124,1,124,208],"value":{"name":{"range":[124,1,124,5],"value":"file"},"arguments":[],"expression":{"range":[124,8,124,208],"value":{"type":"literal","literal":"http://bwax-private.oss-cn-shenzhen.aliyuncs.com/cb/entityzcwd/4111db20-6792-480c-9fe1-5ade094877fb.xlsx?OSSAccessKeyId=LTAIvHO6oIk6Dh0M&Expires=1578058340&Signature=MV0cHz%2BrBjqsDPrGaqottXN6iyA%3D"}}}}}}},{"range":[126,1,142,6],"value":{"type":"function","function":{"documentation":null,"signature":{"range":[126,1,126,25],"value":{"name":{"range":[126,1,126,12],"value":"myCelMiddle"},"typeAnnotation":{"range":[126,14,126,25],"value":{"type":"typed","typed":{"moduleNameAndName":{"range":[126,14,126,21],"value":{"moduleName":[],"name":"Element"}},"args":[{"range":[126,22,126,25],"value":{"type":"typed","typed":{"moduleNameAndName":{"range":[126,22,126,25],"value":{"moduleName":[],"name":"Msg"}},"args":[]}}}]}}}}},"declaration":{"range":[127,1,142,6],"value":{"name":{"range":[127,1,127,12],"value":"myCelMiddle"},"arguments":[],"expression":{"range":[127,15,142,6],"value":{"type":"application","application":[{"range":[127,15,127,21],"value":{"type":"functionOrValue","functionOrValue":{"moduleName":[],"name":"column"}}},{"range":[127,22,127,49],"value":{"type":"list","list":[{"range":[127,24,127,35],"value":{"type":"application","application":[{"range":[127,24,127,30],"value":{"type":"functionOrValue","functionOrValue":{"moduleName":[],"name":"height"}}},{"range":[127,31,127,35],"value":{"type":"functionOrValue","functionOrValue":{"moduleName":[],"name":"fill"}}}]}},{"range":[127,37,127,47],"value":{"type":"application","application":[{"range":[127,37,127,42],"value":{"type":"functionOrValue","functionOrValue":{"moduleName":[],"name":"width"}}},{"range":[127,43,127,47],"value":{"type":"functionOrValue","functionOrValue":{"moduleName":[],"name":"fill"}}}]}}]}},{"range":[127,50,142,6],"value":{"type":"list","list":[{"range":[128,9,141,10],"value":{"type":"application","application":[{"range":[128,9,128,15],"value":{"type":"functionOrValue","functionOrValue":{"moduleName":[],"name":"column"}}},{"range":[128,16,128,55],"value":{"type":"list","list":[{"range":[128,18,128,28],"value":{"type":"application","application":[{"range":[128,18,128,25],"value":{"type":"functionOrValue","functionOrValue":{"moduleName":[],"name":"padding"}}},{"range":[128,26,128,28],"value":{"type":"integer","integer":32}}]}},{"range":[128,30,128,40],"value":{"type":"application","application":[{"range":[128,30,128,37],"value":{"type":"functionOrValue","functionOrValue":{"moduleName":[],"name":"spacing"}}},{"range":[128,38,128,40],"value":{"type":"integer","integer":16}}]}},{"range":[128,42,128,53],"value":{"type":"application","application":[{"range":[128,42,128,48],"value":{"type":"functionOrValue","functionOrValue":{"moduleName":[],"name":"height"}}},{"range":[128,49,128,53],"value":{"type":"functionOrValue","functionOrValue":{"moduleName":[],"name":"fill"}}}]}}]}},{"range":[129,9,141,10],"value":{"type":"list","list":[{"range":[130,13,138,22],"value":{"type":"application","application":[{"range":[130,13,130,15],"value":{"type":"functionOrValue","functionOrValue":{"moduleName":[],"name":"el"}}},{"range":[130,16,130,19],"value":{"type":"list","list":[]}},{"range":[130,20,130,22],"value":{"type":"operator","operator":"<|"}},{"range":[131,17,131,27],"value":{"type":"functionOrValue","functionOrValue":{"moduleName":["Input"],"name":"text"}}},{"range":[132,21,132,44],"value":{"type":"list","list":[{"range":[132,23,132,42],"value":{"type":"functionOrValue","functionOrValue":{"moduleName":["Input"],"name":"focusedOnLoad"}}}]}},{"range":[133,21,138,22],"value":{"type":"record","record":[{"range":[134,25,134,37],"value":{"field":{"range":[134,25,134,29],"value":"text"},"expression":{"range":[134,30,134,37],"value":{"type":"literal","literal":"HELLO"}}}},{"range":[135,27,136,25],"value":{"field":{"range":[135,27,135,35],"value":"onChange"},"expression":{"range":[135,36,135,42],"value":{"type":"functionOrValue","functionOrValue":{"moduleName":[],"name":"Change"}}}}},{"range":[136,27,137,25],"value":{"field":{"range":[136,27,136,32],"value":"label"},"expression":{"range":[136,33,136,67],"value":{"type":"application","application":[{"range":[136,33,136,49],"value":{"type":"functionOrValue","functionOrValue":{"moduleName":["Input"],"name":"labelAbove"}}},{"range":[136,50,136,52],"value":{"type":"list","list":[]}},{"range":[136,53,136,67],"value":{"type":"parenthesized","parenthesized":{"range":[136,54,136,66],"value":{"type":"application","application":[{"range":[136,54,136,58],"value":{"type":"functionOrValue","functionOrValue":{"moduleName":[],"name":"text"}}},{"range":[136,59,136,66],"value":{"type":"literal","literal":"Lunch"}}]}}}}]}}}},{"range":[137,27,138,21],"value":{"field":{"range":[137,27,137,38],"value":"placeholder"},"expression":{"range":[137,41,137,48],"value":{"type":"functionOrValue","functionOrValue":{"moduleName":[],"name":"Nothing"}}}}}]}}]}},{"range":[140,15,140,56],"value":{"type":"application","application":[{"range":[140,15,140,23],"value":{"type":"functionOrValue","functionOrValue":{"moduleName":[],"name":"download"}}},{"range":[140,24,140,26],"value":{"type":"list","list":[]}},{"range":[140,27,140,56],"value":{"type":"record","record":[{"range":[140,29,140,37],"value":{"field":{"range":[140,29,140,32],"value":"url"},"expression":{"range":[140,33,140,37],"value":{"type":"functionOrValue","functionOrValue":{"moduleName":[],"name":"file"}}}}},{"range":[140,39,140,55],"value":{"field":{"range":[140,39,140,44],"value":"label"},"expression":{"range":[140,45,140,54],"value":{"type":"application","application":[{"range":[140,45,140,49],"value":{"type":"functionOrValue","functionOrValue":{"moduleName":[],"name":"text"}}},{"range":[140,50,140,54],"value":{"type":"literal","literal":"下载"}}]}}}}]}}]}}]}}]}}]}}]}}}}}}},{"range":[146,1,161,14],"value":{"type":"function","function":{"documentation":null,"signature":{"range":[146,1,146,23],"value":{"name":{"range":[146,1,146,10],"value":"myFronCol"},"typeAnnotation":{"range":[146,12,146,23],"value":{"type":"typed","typed":{"moduleNameAndName":{"range":[146,12,146,19],"value":{"moduleName":[],"name":"Element"}},"args":[{"range":[146,20,146,23],"value":{"type":"generic","generic":{"value":"msg"}}}]}}}}},"declaration":{"range":[147,1,161,14],"value":{"name":{"range":[147,1,147,10],"value":"myFronCol"},"arguments":[],"expression":{"range":[147,13,161,14],"value":{"type":"application","application":[{"range":[147,13,147,19],"value":{"type":"functionOrValue","functionOrValue":{"moduleName":[],"name":"column"}}},{"range":[147,20,147,46],"value":{"type":"list","list":[{"range":[147,22,147,32],"value":{"type":"application","application":[{"range":[147,22,147,27],"value":{"type":"functionOrValue","functionOrValue":{"moduleName":[],"name":"width"}}},{"range":[147,28,147,32],"value":{"type":"functionOrValue","functionOrValue":{"moduleName":[],"name":"fill"}}}]}},{"range":[147,34,147,45],"value":{"type":"application","application":[{"range":[147,34,147,40],"value":{"type":"functionOrValue","functionOrValue":{"moduleName":[],"name":"height"}}},{"range":[147,41,147,45],"value":{"type":"functionOrValue","functionOrValue":{"moduleName":[],"name":"fill"}}}]}}]}},{"range":[148,13,161,14],"value":{"type":"list","list":[{"range":[149,13,160,18],"value":{"type":"application","application":[{"range":[149,13,149,16],"value":{"type":"functionOrValue","functionOrValue":{"moduleName":[],"name":"row"}}},{"range":[149,17,153,18],"value":{"type":"list","list":[{"range":[150,17,150,27],"value":{"type":"application","application":[{"range":[150,17,150,24],"value":{"type":"functionOrValue","functionOrValue":{"moduleName":[],"name":"padding"}}},{"range":[150,25,150,27],"value":{"type":"integer","integer":12}}]}},{"range":[151,17,151,27],"value":{"type":"application","application":[{"range":[151,17,151,22],"value":{"type":"functionOrValue","functionOrValue":{"moduleName":[],"name":"width"}}},{"range":[151,23,151,27],"value":{"type":"functionOrValue","functionOrValue":{"moduleName":[],"name":"fill"}}}]}},{"range":[152,17,152,37],"value":{"type":"application","application":[{"range":[152,17,152,33],"value":{"type":"functionOrValue","functionOrValue":{"moduleName":["Background"],"name":"color"}}},{"range":[152,34,152,37],"value":{"type":"functionOrValue","functionOrValue":{"moduleName":[],"name":"red"}}}]}}]}},{"range":[154,17,160,18],"value":{"type":"list","list":[{"range":[155,21,159,22],"value":{"type":"application","application":[{"range":[155,21,155,27],"value":{"type":"functionOrValue","functionOrValue":{"moduleName":[],"name":"column"}}},{"range":[155,28,155,30],"value":{"type":"list","list":[]}},{"range":[155,31,159,22],"value":{"type":"list","list":[{"range":[156,25,156,51],"value":{"type":"application","application":[{"range":[156,25,156,27],"value":{"type":"functionOrValue","functionOrValue":{"moduleName":[],"name":"el"}}},{"range":[156,28,156,30],"value":{"type":"list","list":[]}},{"range":[156,31,156,51],"value":{"type":"parenthesized","parenthesized":{"range":[156,32,156,50],"value":{"type":"application","application":[{"range":[156,32,156,36],"value":{"type":"functionOrValue","functionOrValue":{"moduleName":[],"name":"text"}}},{"range":[156,37,156,50],"value":{"type":"literal","literal":"HELLO WORLD"}}]}}}}]}},{"range":[157,25,157,51],"value":{"type":"application","application":[{"range":[157,25,157,27],"value":{"type":"functionOrValue","functionOrValue":{"moduleName":[],"name":"el"}}},{"range":[157,28,157,30],"value":{"type":"list","list":[]}},{"range":[157,31,157,51],"value":{"type":"parenthesized","parenthesized":{"range":[157,32,157,50],"value":{"type":"application","application":[{"range":[157,32,157,36],"value":{"type":"functionOrValue","functionOrValue":{"moduleName":[],"name":"text"}}},{"range":[157,37,157,50],"value":{"type":"literal","literal":"HELLO WORLD"}}]}}}}]}}]}}]}}]}}]}}]}}]}}}}}}},{"range":[163,1,180,14],"value":{"type":"function","function":{"documentation":null,"signature":{"range":[163,1,163,22],"value":{"name":{"range":[163,1,163,9],"value":"myRow222"},"typeAnnotation":{"range":[163,11,163,22],"value":{"type":"typed","typed":{"moduleNameAndName":{"range":[163,11,163,18],"value":{"moduleName":[],"name":"Element"}},"args":[{"range":[163,19,163,22],"value":{"type":"generic","generic":{"value":"msg"}}}]}}}}},"declaration":{"range":[164,1,180,14],"value":{"name":{"range":[164,1,164,9],"value":"myRow222"},"arguments":[],"expression":{"range":[164,12,180,14],"value":{"type":"application","application":[{"range":[164,12,164,15],"value":{"type":"functionOrValue","functionOrValue":{"moduleName":[],"name":"row"}}},{"range":[164,16,164,18],"value":{"type":"list","list":[]}},{"range":[165,13,180,14],"value":{"type":"list","list":[{"range":[166,13,166,79],"value":{"type":"application","application":[{"range":[166,13,166,15],"value":{"type":"functionOrValue","functionOrValue":{"moduleName":[],"name":"el"}}},{"range":[166,16,166,74],"value":{"type":"list","list":[{"range":[166,18,166,33],"value":{"type":"application","application":[{"range":[166,18,166,24],"value":{"type":"functionOrValue","functionOrValue":{"moduleName":[],"name":"height"}}},{"range":[166,25,166,33],"value":{"type":"parenthesized","parenthesized":{"range":[166,26,166,32],"value":{"type":"application","application":[{"range":[166,26,166,28],"value":{"type":"functionOrValue","functionOrValue":{"moduleName":[],"name":"px"}}},{"range":[166,29,166,32],"value":{"type":"integer","integer":400}}]}}}}]}},{"range":[166,35,166,49],"value":{"type":"application","application":[{"range":[166,35,166,40],"value":{"type":"functionOrValue","functionOrValue":{"moduleName":[],"name":"width"}}},{"range":[166,41,166,49],"value":{"type":"parenthesized","parenthesized":{"range":[166,42,166,48],"value":{"type":"application","application":[{"range":[166,42,166,44],"value":{"type":"functionOrValue","functionOrValue":{"moduleName":[],"name":"px"}}},{"range":[166,45,166,48],"value":{"type":"integer","integer":100}}]}}}}]}},{"range":[166,51,166,73],"value":{"type":"application","application":[{"range":[166,51,166,67],"value":{"type":"functionOrValue","functionOrValue":{"moduleName":["Background"],"name":"color"}}},{"range":[166,68,166,73],"value":{"type":"functionOrValue","functionOrValue":{"moduleName":[],"name":"green"}}}]}}]}},{"range":[166,75,166,79],"value":{"type":"functionOrValue","functionOrValue":{"moduleName":[],"name":"none"}}}]}},{"range":[167,14,179,18],"value":{"type":"application","application":[{"range":[167,14,167,20],"value":{"type":"functionOrValue","functionOrValue":{"moduleName":[],"name":"column"}}},{"range":[168,17,168,43],"value":{"type":"list","list":[{"range":[168,18,168,29],"value":{"type":"functionOrValue","functionOrValue":{"moduleName":[],"name":"spaceEvenly"}}},{"range":[168,31,168,42],"value":{"type":"application","application":[{"range":[168,31,168,37],"value":{"type":"functionOrValue","functionOrValue":{"moduleName":[],"name":"height"}}},{"range":[168,38,168,42],"value":{"type":"functionOrValue","functionOrValue":{"moduleName":[],"name":"fill"}}}]}}]}},{"range":[169,17,179,18],"value":{"type":"list","list":[{"range":[170,17,170,35],"value":{"type":"application","application":[{"range":[170,17,170,19],"value":{"type":"functionOrValue","functionOrValue":{"moduleName":[],"name":"el"}}},{"range":[170,20,170,22],"value":{"type":"list","list":[]}},{"range":[170,23,170,35],"value":{"type":"parenthesized","parenthesized":{"range":[170,24,170,34],"value":{"type":"application","application":[{"range":[170,24,170,28],"value":{"type":"functionOrValue","functionOrValue":{"moduleName":[],"name":"text"}}},{"range":[170,29,170,34],"value":{"type":"literal","literal":"Top"}}]}}}}]}},{"range":[171,18,177,22],"value":{"type":"application","application":[{"range":[171,18,171,24],"value":{"type":"functionOrValue","functionOrValue":{"moduleName":[],"name":"column"}}},{"range":[172,21,172,23],"value":{"type":"list","list":[]}},{"range":[173,21,177,22],"value":{"type":"list","list":[{"range":[174,25,174,42],"value":{"type":"application","application":[{"range":[174,25,174,27],"value":{"type":"functionOrValue","functionOrValue":{"moduleName":[],"name":"el"}}},{"range":[174,28,174,30],"value":{"type":"list","list":[]}},{"range":[174,31,174,42],"value":{"type":"parenthesized","parenthesized":{"range":[174,32,174,41],"value":{"type":"application","application":[{"range":[174,32,174,36],"value":{"type":"functionOrValue","functionOrValue":{"moduleName":[],"name":"text"}}},{"range":[174,37,174,41],"value":{"type":"literal","literal":"M1"}}]}}}}]}},{"range":[175,26,175,43],"value":{"type":"application","application":[{"range":[175,26,175,28],"value":{"type":"functionOrValue","functionOrValue":{"moduleName":[],"name":"el"}}},{"range":[175,29,175,31],"value":{"type":"list","list":[]}},{"range":[175,32,175,43],"value":{"type":"parenthesized","parenthesized":{"range":[175,33,175,42],"value":{"type":"application","application":[{"range":[175,33,175,37],"value":{"type":"functionOrValue","functionOrValue":{"moduleName":[],"name":"text"}}},{"range":[175,38,175,42],"value":{"type":"literal","literal":"M2"}}]}}}}]}},{"range":[176,26,176,43],"value":{"type":"application","application":[{"range":[176,26,176,28],"value":{"type":"functionOrValue","functionOrValue":{"moduleName":[],"name":"el"}}},{"range":[176,29,176,31],"value":{"type":"list","list":[]}},{"range":[176,32,176,43],"value":{"type":"parenthesized","parenthesized":{"range":[176,33,176,42],"value":{"type":"application","application":[{"range":[176,33,176,37],"value":{"type":"functionOrValue","functionOrValue":{"moduleName":[],"name":"text"}}},{"range":[176,38,176,42],"value":{"type":"literal","literal":"M3"}}]}}}}]}}]}}]}},{"range":[178,19,178,40],"value":{"type":"application","application":[{"range":[178,19,178,21],"value":{"type":"functionOrValue","functionOrValue":{"moduleName":[],"name":"el"}}},{"range":[178,22,178,24],"value":{"type":"list","list":[]}},{"range":[178,25,178,40],"value":{"type":"parenthesized","parenthesized":{"range":[178,26,178,39],"value":{"type":"application","application":[{"range":[178,26,178,30],"value":{"type":"functionOrValue","functionOrValue":{"moduleName":[],"name":"text"}}},{"range":[178,31,178,39],"value":{"type":"literal","literal":"Bottom"}}]}}}}]}}]}}]}}]}}]}}}}}}},{"range":[182,1,188,14],"value":{"type":"function","function":{"documentation":null,"signature":{"range":[182,1,182,22],"value":{"name":{"range":[182,1,182,9],"value":"myRow333"},"typeAnnotation":{"range":[182,11,182,22],"value":{"type":"typed","typed":{"moduleNameAndName":{"range":[182,11,182,18],"value":{"moduleName":[],"name":"Element"}},"args":[{"range":[182,19,182,22],"value":{"type":"generic","generic":{"value":"msg"}}}]}}}}},"declaration":{"range":[183,1,188,14],"value":{"name":{"range":[183,1,183,9],"value":"myRow333"},"arguments":[],"expression":{"range":[183,12,188,14],"value":{"type":"application","application":[{"range":[183,12,183,15],"value":{"type":"functionOrValue","functionOrValue":{"moduleName":[],"name":"row"}}},{"range":[184,13,184,16],"value":{"type":"list","list":[]}},{"range":[185,13,188,14],"value":{"type":"list","list":[{"range":[185,15,187,95],"value":{"type":"application","application":[{"range":[185,15,185,20],"value":{"type":"functionOrValue","functionOrValue":{"moduleName":[],"name":"image"}}},{"range":[186,17,186,34],"value":{"type":"list","list":[{"range":[186,19,186,32],"value":{"type":"application","application":[{"range":[186,19,186,24],"value":{"type":"functionOrValue","functionOrValue":{"moduleName":[],"name":"width"}}},{"range":[186,25,186,32],"value":{"type":"parenthesized","parenthesized":{"range":[186,26,186,31],"value":{"type":"application","application":[{"range":[186,26,186,28],"value":{"type":"functionOrValue","functionOrValue":{"moduleName":[],"name":"px"}}},{"range":[186,29,186,31],"value":{"type":"integer","integer":80}}]}}}}]}}]}},{"range":[187,17,187,95],"value":{"type":"record","record":[{"range":[187,19,187,71],"value":{"field":{"range":[187,19,187,22],"value":"src"},"expression":{"range":[187,25,187,71],"value":{"type":"literal","literal":"http://localhost:3200/SaiAuLogo.c8014053.png"}}}},{"range":[187,73,187,94],"value":{"field":{"range":[187,73,187,84],"value":"description"},"expression":{"range":[187,87,187,94],"value":{"type":"literal","literal":"HELLO"}}}}]}}]}}]}}]}}}}}}},{"range":[190,1,223,6],"value":{"type":"function","function":{"documentation":null,"signature":{"range":[190,1,190,20],"value":{"name":{"range":[190,1,190,7],"value":"myRow1"},"typeAnnotation":{"range":[190,9,190,20],"value":{"type":"typed","typed":{"moduleNameAndName":{"range":[190,9,190,16],"value":{"moduleName":[],"name":"Element"}},"args":[{"range":[190,17,190,20],"value":{"type":"generic","generic":{"value":"msg"}}}]}}}}},"declaration":{"range":[191,1,223,6],"value":{"name":{"range":[191,1,191,7],"value":"myRow1"},"arguments":[],"expression":{"range":[191,10,223,6],"value":{"type":"application","application":[{"range":[191,10,191,16],"value":{"type":"functionOrValue","functionOrValue":{"moduleName":[],"name":"column"}}},{"range":[192,5,192,30],"value":{"type":"list","list":[{"range":[192,7,192,17],"value":{"type":"application","application":[{"range":[192,7,192,14],"value":{"type":"functionOrValue","functionOrValue":{"moduleName":[],"name":"spacing"}}},{"range":[192,15,192,17],"value":{"type":"integer","integer":20}}]}},{"range":[192,19,192,29],"value":{"type":"application","application":[{"range":[192,19,192,26],"value":{"type":"functionOrValue","functionOrValue":{"moduleName":[],"name":"padding"}}},{"range":[192,27,192,29],"value":{"type":"integer","integer":32}}]}}]}},{"range":[193,5,223,6],"value":{"type":"list","list":[{"range":[194,9,194,62],"value":{"type":"application","application":[{"range":[194,9,194,11],"value":{"type":"functionOrValue","functionOrValue":{"moduleName":[],"name":"el"}}},{"range":[194,12,194,42],"value":{"type":"list","list":[{"range":[194,14,194,41],"value":{"type":"application","application":[{"range":[194,14,194,20],"value":{"type":"functionOrValue","functionOrValue":{"moduleName":[],"name":"onLeft"}}},{"range":[194,21,194,41],"value":{"type":"parenthesized","parenthesized":{"range":[194,22,194,40],"value":{"type":"application","application":[{"range":[194,22,194,26],"value":{"type":"functionOrValue","functionOrValue":{"moduleName":[],"name":"text"}}},{"range":[194,27,194,40],"value":{"type":"literal","literal":"I'm bellow!"}}]}}}}]}}]}},{"range":[194,43,194,62],"value":{"type":"parenthesized","parenthesized":{"range":[194,44,194,61],"value":{"type":"application","application":[{"range":[194,44,194,48],"value":{"type":"functionOrValue","functionOrValue":{"moduleName":[],"name":"text"}}},{"range":[194,49,194,61],"value":{"type":"literal","literal":"I'm normal"}}]}}}}]}},{"range":[195,11,197,31],"value":{"type":"application","application":[{"range":[195,11,195,13],"value":{"type":"functionOrValue","functionOrValue":{"moduleName":[],"name":"el"}}},{"range":[195,14,196,14],"value":{"type":"list","list":[]}},{"range":[197,13,197,31],"value":{"type":"parenthesized","parenthesized":{"range":[197,14,197,30],"value":{"type":"application","application":[{"range":[197,14,197,18],"value":{"type":"functionOrValue","functionOrValue":{"moduleName":[],"name":"text"}}},{"range":[197,19,197,30],"value":{"type":"literal","literal":"test none"}}]}}}}]}},{"range":[198,11,201,32],"value":{"type":"application","application":[{"range":[198,11,198,13],"value":{"type":"functionOrValue","functionOrValue":{"moduleName":[],"name":"el"}}},{"range":[198,14,200,14],"value":{"type":"list","list":[{"range":[199,13,199,69],"value":{"type":"application","application":[{"range":[199,13,199,20],"value":{"type":"functionOrValue","functionOrValue":{"moduleName":[],"name":"inFront"}}},{"range":[199,21,199,23],"value":{"type":"operator","operator":"<|"}},{"range":[199,24,199,26],"value":{"type":"functionOrValue","functionOrValue":{"moduleName":[],"name":"el"}}},{"range":[199,27,199,64],"value":{"type":"list","list":[{"range":[199,29,199,39],"value":{"type":"application","application":[{"range":[199,29,199,36],"value":{"type":"functionOrValue","functionOrValue":{"moduleName":[],"name":"padding"}}},{"range":[199,37,199,39],"value":{"type":"integer","integer":10}}]}},{"range":[199,41,199,62],"value":{"type":"application","application":[{"range":[199,41,199,57],"value":{"type":"functionOrValue","functionOrValue":{"moduleName":["Background"],"name":"color"}}},{"range":[199,58,199,62],"value":{"type":"functionOrValue","functionOrValue":{"moduleName":[],"name":"blue"}}}]}}]}},{"range":[199,65,199,69],"value":{"type":"functionOrValue","functionOrValue":{"moduleName":[],"name":"none"}}}]}}]}},{"range":[201,13,201,32],"value":{"type":"parenthesized","parenthesized":{"range":[201,14,201,31],"value":{"type":"application","application":[{"range":[201,14,201,18],"value":{"type":"functionOrValue","functionOrValue":{"moduleName":[],"name":"text"}}},{"range":[201,19,201,31],"value":{"type":"literal","literal":"test front"}}]}}}}]}},{"range":[202,11,205,33],"value":{"type":"application","application":[{"range":[202,11,202,13],"value":{"type":"functionOrValue","functionOrValue":{"moduleName":[],"name":"el"}}},{"range":[202,14,204,14],"value":{"type":"list","list":[{"range":[203,13,203,75],"value":{"type":"application","application":[{"range":[203,13,203,26],"value":{"type":"functionOrValue","functionOrValue":{"moduleName":[],"name":"behindContent"}}},{"range":[203,27,203,29],"value":{"type":"operator","operator":"<|"}},{"range":[203,30,203,32],"value":{"type":"functionOrValue","functionOrValue":{"moduleName":[],"name":"el"}}},{"range":[203,33,203,70],"value":{"type":"list","list":[{"range":[203,35,203,45],"value":{"type":"application","application":[{"range":[203,35,203,42],"value":{"type":"functionOrValue","functionOrValue":{"moduleName":[],"name":"padding"}}},{"range":[203,43,203,45],"value":{"type":"integer","integer":10}}]}},{"range":[203,47,203,68],"value":{"type":"application","application":[{"range":[203,47,203,63],"value":{"type":"functionOrValue","functionOrValue":{"moduleName":["Background"],"name":"color"}}},{"range":[203,64,203,68],"value":{"type":"functionOrValue","functionOrValue":{"moduleName":[],"name":"blue"}}}]}}]}},{"range":[203,71,203,75],"value":{"type":"functionOrValue","functionOrValue":{"moduleName":[],"name":"none"}}}]}}]}},{"range":[205,13,205,33],"value":{"type":"parenthesized","parenthesized":{"range":[205,14,205,32],"value":{"type":"application","application":[{"range":[205,14,205,18],"value":{"type":"functionOrValue","functionOrValue":{"moduleName":[],"name":"text"}}},{"range":[205,19,205,32],"value":{"type":"literal","literal":"test behind"}}]}}}}]}},{"range":[206,11,209,31],"value":{"type":"application","application":[{"range":[206,11,206,13],"value":{"type":"functionOrValue","functionOrValue":{"moduleName":[],"name":"el"}}},{"range":[206,14,208,14],"value":{"type":"list","list":[{"range":[207,13,207,68],"value":{"type":"application","application":[{"range":[207,13,207,19],"value":{"type":"functionOrValue","functionOrValue":{"moduleName":[],"name":"onLeft"}}},{"range":[207,20,207,22],"value":{"type":"operator","operator":"<|"}},{"range":[207,23,207,25],"value":{"type":"functionOrValue","functionOrValue":{"moduleName":[],"name":"el"}}},{"range":[207,26,207,63],"value":{"type":"list","list":[{"range":[207,28,207,38],"value":{"type":"application","application":[{"range":[207,28,207,35],"value":{"type":"functionOrValue","functionOrValue":{"moduleName":[],"name":"padding"}}},{"range":[207,36,207,38],"value":{"type":"integer","integer":10}}]}},{"range":[207,40,207,61],"value":{"type":"application","application":[{"range":[207,40,207,56],"value":{"type":"functionOrValue","functionOrValue":{"moduleName":["Background"],"name":"color"}}},{"range":[207,57,207,61],"value":{"type":"functionOrValue","functionOrValue":{"moduleName":[],"name":"blue"}}}]}}]}},{"range":[207,64,207,68],"value":{"type":"functionOrValue","functionOrValue":{"moduleName":[],"name":"none"}}}]}}]}},{"range":[209,13,209,31],"value":{"type":"parenthesized","parenthesized":{"range":[209,14,209,30],"value":{"type":"application","application":[{"range":[209,14,209,18],"value":{"type":"functionOrValue","functionOrValue":{"moduleName":[],"name":"text"}}},{"range":[209,19,209,30],"value":{"type":"literal","literal":"test left"}}]}}}}]}},{"range":[210,11,213,32],"value":{"type":"application","application":[{"range":[210,11,210,13],"value":{"type":"functionOrValue","functionOrValue":{"moduleName":[],"name":"el"}}},{"range":[210,14,212,14],"value":{"type":"list","list":[{"range":[211,13,211,69],"value":{"type":"application","application":[{"range":[211,13,211,20],"value":{"type":"functionOrValue","functionOrValue":{"moduleName":[],"name":"onRight"}}},{"range":[211,21,211,23],"value":{"type":"operator","operator":"<|"}},{"range":[211,24,211,26],"value":{"type":"functionOrValue","functionOrValue":{"moduleName":[],"name":"el"}}},{"range":[211,27,211,64],"value":{"type":"list","list":[{"range":[211,29,211,39],"value":{"type":"application","application":[{"range":[211,29,211,36],"value":{"type":"functionOrValue","functionOrValue":{"moduleName":[],"name":"padding"}}},{"range":[211,37,211,39],"value":{"type":"integer","integer":10}}]}},{"range":[211,41,211,62],"value":{"type":"application","application":[{"range":[211,41,211,57],"value":{"type":"functionOrValue","functionOrValue":{"moduleName":["Background"],"name":"color"}}},{"range":[211,58,211,62],"value":{"type":"functionOrValue","functionOrValue":{"moduleName":[],"name":"blue"}}}]}}]}},{"range":[211,65,211,69],"value":{"type":"functionOrValue","functionOrValue":{"moduleName":[],"name":"none"}}}]}}]}},{"range":[213,13,213,32],"value":{"type":"parenthesized","parenthesized":{"range":[213,14,213,31],"value":{"type":"application","application":[{"range":[213,14,213,18],"value":{"type":"functionOrValue","functionOrValue":{"moduleName":[],"name":"text"}}},{"range":[213,19,213,31],"value":{"type":"literal","literal":"test right"}}]}}}}]}},{"range":[214,11,217,32],"value":{"type":"application","application":[{"range":[214,11,214,13],"value":{"type":"functionOrValue","functionOrValue":{"moduleName":[],"name":"el"}}},{"range":[214,14,216,14],"value":{"type":"list","list":[{"range":[215,13,215,67],"value":{"type":"application","application":[{"range":[215,13,215,18],"value":{"type":"functionOrValue","functionOrValue":{"moduleName":[],"name":"above"}}},{"range":[215,19,215,21],"value":{"type":"operator","operator":"<|"}},{"range":[215,22,215,24],"value":{"type":"functionOrValue","functionOrValue":{"moduleName":[],"name":"el"}}},{"range":[215,25,215,62],"value":{"type":"list","list":[{"range":[215,27,215,37],"value":{"type":"application","application":[{"range":[215,27,215,34],"value":{"type":"functionOrValue","functionOrValue":{"moduleName":[],"name":"padding"}}},{"range":[215,35,215,37],"value":{"type":"integer","integer":10}}]}},{"range":[215,39,215,60],"value":{"type":"application","application":[{"range":[215,39,215,55],"value":{"type":"functionOrValue","functionOrValue":{"moduleName":["Background"],"name":"color"}}},{"range":[215,56,215,60],"value":{"type":"functionOrValue","functionOrValue":{"moduleName":[],"name":"blue"}}}]}}]}},{"range":[215,63,215,67],"value":{"type":"functionOrValue","functionOrValue":{"moduleName":[],"name":"none"}}}]}}]}},{"range":[217,13,217,32],"value":{"type":"parenthesized","parenthesized":{"range":[217,14,217,31],"value":{"type":"application","application":[{"range":[217,14,217,18],"value":{"type":"functionOrValue","functionOrValue":{"moduleName":[],"name":"text"}}},{"range":[217,19,217,31],"value":{"type":"literal","literal":"test above"}}]}}}}]}},{"range":[218,11,221,32],"value":{"type":"application","application":[{"range":[218,11,218,13],"value":{"type":"functionOrValue","functionOrValue":{"moduleName":[],"name":"el"}}},{"range":[218,14,220,14],"value":{"type":"list","list":[{"range":[219,13,219,67],"value":{"type":"application","application":[{"range":[219,13,219,18],"value":{"type":"functionOrValue","functionOrValue":{"moduleName":[],"name":"below"}}},{"range":[219,19,219,21],"value":{"type":"operator","operator":"<|"}},{"range":[219,22,219,24],"value":{"type":"functionOrValue","functionOrValue":{"moduleName":[],"name":"el"}}},{"range":[219,25,219,62],"value":{"type":"list","list":[{"range":[219,27,219,37],"value":{"type":"application","application":[{"range":[219,27,219,34],"value":{"type":"functionOrValue","functionOrValue":{"moduleName":[],"name":"padding"}}},{"range":[219,35,219,37],"value":{"type":"integer","integer":10}}]}},{"range":[219,39,219,60],"value":{"type":"application","application":[{"range":[219,39,219,55],"value":{"type":"functionOrValue","functionOrValue":{"moduleName":["Background"],"name":"color"}}},{"range":[219,56,219,60],"value":{"type":"functionOrValue","functionOrValue":{"moduleName":[],"name":"blue"}}}]}}]}},{"range":[219,63,219,67],"value":{"type":"functionOrValue","functionOrValue":{"moduleName":[],"name":"none"}}}]}}]}},{"range":[221,13,221,32],"value":{"type":"parenthesized","parenthesized":{"range":[221,14,221,31],"value":{"type":"application","application":[{"range":[221,14,221,18],"value":{"type":"functionOrValue","functionOrValue":{"moduleName":[],"name":"text"}}},{"range":[221,19,221,31],"value":{"type":"literal","literal":"test below"}}]}}}}]}}]}}]}}}}}}},{"range":[225,1,233,6],"value":{"type":"function","function":{"documentation":null,"signature":{"range":[225,1,225,19],"value":{"name":{"range":[225,1,225,6],"value":"myCol"},"typeAnnotation":{"range":[225,8,225,19],"value":{"type":"typed","typed":{"moduleNameAndName":{"range":[225,8,225,15],"value":{"moduleName":[],"name":"Element"}},"args":[{"range":[225,16,225,19],"value":{"type":"generic","generic":{"value":"msg"}}}]}}}}},"declaration":{"range":[226,1,233,6],"value":{"name":{"range":[226,1,226,6],"value":"myCol"},"arguments":[],"expression":{"range":[226,9,233,6],"value":{"type":"application","application":[{"range":[226,9,226,15],"value":{"type":"functionOrValue","functionOrValue":{"moduleName":[],"name":"column"}}},{"range":[226,16,229,6],"value":{"type":"list","list":[{"range":[227,5,227,15],"value":{"type":"application","application":[{"range":[227,5,227,10],"value":{"type":"functionOrValue","functionOrValue":{"moduleName":[],"name":"width"}}},{"range":[227,11,227,15],"value":{"type":"functionOrValue","functionOrValue":{"moduleName":[],"name":"fill"}}}]}},{"range":[228,7,228,18],"value":{"type":"application","application":[{"range":[228,7,228,13],"value":{"type":"functionOrValue","functionOrValue":{"moduleName":[],"name":"height"}}},{"range":[228,14,228,18],"value":{"type":"functionOrValue","functionOrValue":{"moduleName":[],"name":"fill"}}}]}}]}},{"range":[230,5,233,6],"value":{"type":"list","list":[{"range":[230,7,230,33],"value":{"type":"application","application":[{"range":[230,7,230,9],"value":{"type":"functionOrValue","functionOrValue":{"moduleName":[],"name":"el"}}},{"range":[230,10,230,12],"value":{"type":"list","list":[]}},{"range":[230,13,230,33],"value":{"type":"parenthesized","parenthesized":{"range":[230,14,230,32],"value":{"type":"application","application":[{"range":[230,14,230,18],"value":{"type":"functionOrValue","functionOrValue":{"moduleName":[],"name":"text"}}},{"range":[230,19,230,32],"value":{"type":"literal","literal":"HELLO WORLD"}}]}}}}]}},{"range":[231,7,231,42],"value":{"type":"application","application":[{"range":[231,7,231,9],"value":{"type":"functionOrValue","functionOrValue":{"moduleName":[],"name":"el"}}},{"range":[231,10,231,28],"value":{"type":"list","list":[{"range":[231,11,231,18],"value":{"type":"functionOrValue","functionOrValue":{"moduleName":[],"name":"centerY"}}},{"range":[231,20,231,27],"value":{"type":"functionOrValue","functionOrValue":{"moduleName":[],"name":"centerX"}}}]}},{"range":[231,29,231,42],"value":{"type":"parenthesized","parenthesized":{"range":[231,30,231,41],"value":{"type":"application","application":[{"range":[231,30,231,34],"value":{"type":"functionOrValue","functionOrValue":{"moduleName":[],"name":"text"}}},{"range":[231,35,231,41],"value":{"type":"literal","literal":"COOL"}}]}}}}]}},{"range":[232,7,232,25],"value":{"type":"application","application":[{"range":[232,7,232,9],"value":{"type":"functionOrValue","functionOrValue":{"moduleName":[],"name":"el"}}},{"range":[232,10,232,12],"value":{"type":"list","list":[]}},{"range":[232,13,232,25],"value":{"type":"parenthesized","parenthesized":{"range":[232,14,232,24],"value":{"type":"application","application":[{"range":[232,14,232,18],"value":{"type":"functionOrValue","functionOrValue":{"moduleName":[],"name":"text"}}},{"range":[232,19,232,24],"value":{"type":"literal","literal":"MAN"}}]}}}}]}}]}}]}}}}}}},{"range":[236,1,247,6],"value":{"type":"function","function":{"documentation":null,"signature":{"range":[236,1,236,19],"value":{"name":{"range":[236,1,236,6],"value":"myRow"},"typeAnnotation":{"range":[236,8,236,19],"value":{"type":"typed","typed":{"moduleNameAndName":{"range":[236,8,236,15],"value":{"moduleName":[],"name":"Element"}},"args":[{"range":[236,16,236,19],"value":{"type":"generic","generic":{"value":"msg"}}}]}}}}},"declaration":{"range":[237,1,247,6],"value":{"name":{"range":[237,1,237,6],"value":"myRow"},"arguments":[],"expression":{"range":[237,9,247,6],"value":{"type":"application","application":[{"range":[237,9,237,12],"value":{"type":"functionOrValue","functionOrValue":{"moduleName":[],"name":"row"}}},{"range":[238,5,238,35],"value":{"type":"list","list":[{"range":[238,6,238,13],"value":{"type":"functionOrValue","functionOrValue":{"moduleName":[],"name":"centerX"}}},{"range":[238,15,238,22],"value":{"type":"functionOrValue","functionOrValue":{"moduleName":[],"name":"centerY"}}},{"range":[238,24,238,34],"value":{"type":"application","application":[{"range":[238,24,238,31],"value":{"type":"functionOrValue","functionOrValue":{"moduleName":[],"name":"spacing"}}},{"range":[238,32,238,34],"value":{"type":"integer","integer":10}}]}}]}},{"range":[239,5,247,6],"value":{"type":"list","list":[{"range":[239,7,239,16],"value":{"type":"functionOrValue","functionOrValue":{"moduleName":[],"name":"myElement"}}},{"range":[240,7,240,25],"value":{"type":"application","application":[{"range":[240,7,240,10],"value":{"type":"functionOrValue","functionOrValue":{"moduleName":[],"name":"row"}}},{"range":[240,11,240,13],"value":{"type":"list","list":[]}},{"range":[240,14,240,25],"value":{"type":"list","list":[{"range":[240,15,240,24],"value":{"type":"functionOrValue","functionOrValue":{"moduleName":[],"name":"myElement"}}}]}}]}},{"range":[241,7,245,38],"value":{"type":"application","application":[{"range":[241,7,241,13],"value":{"type":"functionOrValue","functionOrValue":{"moduleName":[],"name":"column"}}},{"range":[242,9,244,10],"value":{"type":"list","list":[{"range":[243,9,243,19],"value":{"type":"application","application":[{"range":[243,9,243,14],"value":{"type":"functionOrValue","functionOrValue":{"moduleName":[],"name":"width"}}},{"range":[243,15,243,19],"value":{"type":"functionOrValue","functionOrValue":{"moduleName":[],"name":"fill"}}}]}}]}},{"range":[245,9,245,38],"value":{"type":"list","list":[{"range":[245,11,245,37],"value":{"type":"application","application":[{"range":[245,11,245,20],"value":{"type":"functionOrValue","functionOrValue":{"moduleName":[],"name":"paragraph"}}},{"range":[245,21,245,23],"value":{"type":"list","list":[]}},{"range":[245,24,245,37],"value":{"type":"list","list":[{"range":[245,26,245,36],"value":{"type":"application","application":[{"range":[245,26,245,30],"value":{"type":"functionOrValue","functionOrValue":{"moduleName":[],"name":"text"}}},{"range":[245,31,245,36],"value":{"type":"functionOrValue","functionOrValue":{"moduleName":[],"name":"title"}}}]}}]}}]}}]}}]}},{"range":[246,7,246,16],"value":{"type":"functionOrValue","functionOrValue":{"moduleName":[],"name":"myElement"}}}]}}]}}}}}}},{"range":[249,1,263,26],"value":{"type":"function","function":{"documentation":null,"signature":{"range":[249,1,249,24],"value":{"name":{"range":[249,1,249,10],"value":"myElement"},"typeAnnotation":{"range":[249,13,249,24],"value":{"type":"typed","typed":{"moduleNameAndName":{"range":[249,13,249,20],"value":{"moduleName":[],"name":"Element"}},"args":[{"range":[249,21,249,24],"value":{"type":"generic","generic":{"value":"msg"}}}]}}}}},"declaration":{"range":[250,1,263,26],"value":{"name":{"range":[250,1,250,10],"value":"myElement"},"arguments":[],"expression":{"range":[251,5,263,26],"value":{"type":"application","application":[{"range":[251,5,251,7],"value":{"type":"functionOrValue","functionOrValue":{"moduleName":[],"name":"el"}}},{"range":[252,9,262,10],"value":{"type":"list","list":[{"range":[252,11,252,27],"value":{"type":"application","application":[{"range":[252,11,252,25],"value":{"type":"functionOrValue","functionOrValue":{"moduleName":["Border"],"name":"rounded"}}},{"range":[252,26,252,27],"value":{"type":"integer","integer":4}}]}},{"range":[254,11,254,31],"value":{"type":"application","application":[{"range":[254,11,254,27],"value":{"type":"functionOrValue","functionOrValue":{"moduleName":["Background"],"name":"image"}}},{"range":[254,28,254,31],"value":{"type":"functionOrValue","functionOrValue":{"moduleName":[],"name":"url"}}}]}},{"range":[255,11,255,42],"value":{"type":"application","application":[{"range":[255,11,255,21],"value":{"type":"functionOrValue","functionOrValue":{"moduleName":["Font"],"name":"color"}}},{"range":[255,22,255,42],"value":{"type":"parenthesized","parenthesized":{"range":[255,23,255,41],"value":{"type":"application","application":[{"range":[255,23,255,29],"value":{"type":"functionOrValue","functionOrValue":{"moduleName":[],"name":"rgb255"}}},{"range":[255,30,255,33],"value":{"type":"integer","integer":255}},{"range":[255,34,255,37],"value":{"type":"integer","integer":255}},{"range":[255,38,255,41],"value":{"type":"integer","integer":255}}]}}}}]}},{"range":[257,11,257,25],"value":{"type":"application","application":[{"range":[257,11,257,16],"value":{"type":"functionOrValue","functionOrValue":{"moduleName":[],"name":"width"}}},{"range":[257,17,257,19],"value":{"type":"operator","operator":"<|"}},{"range":[257,20,257,22],"value":{"type":"functionOrValue","functionOrValue":{"moduleName":[],"name":"px"}}},{"range":[257,23,257,25],"value":{"type":"integer","integer":80}}]}},{"range":[258,11,258,26],"value":{"type":"application","application":[{"range":[258,11,258,17],"value":{"type":"functionOrValue","functionOrValue":{"moduleName":[],"name":"height"}}},{"range":[258,18,258,20],"value":{"type":"operator","operator":"<|"}},{"range":[258,21,258,23],"value":{"type":"functionOrValue","functionOrValue":{"moduleName":[],"name":"px"}}},{"range":[258,24,258,26],"value":{"type":"integer","integer":80}}]}}]}},{"range":[263,9,263,26],"value":{"type":"parenthesized","parenthesized":{"range":[263,10,263,25],"value":{"type":"application","application":[{"range":[263,10,263,14],"value":{"type":"functionOrValue","functionOrValue":{"moduleName":[],"name":"text"}}},{"range":[263,15,263,25],"value":{"type":"literal","literal":"stylish!"}}]}}}}]}}}}}}}],"comments":[{"range":[261,9,261,20],"value":"--, centerY"},{"range":[260,9,260,20],"value":"--, centerX"},{"range":[259,9,259,23],"value":"--, width fill"},{"range":[256,9,256,23],"value":"--, padding 80"},{"range":[253,9,253,48],"value":"--, Background.color (rgb255 10 160 10)"},{"range":[117,21,117,32],"value":"--, centerY"},{"range":[116,21,116,32],"value":"--, centerX"},{"range":[115,21,115,35],"value":"--, width fill"},{"range":[112,21,112,35],"value":"--, padding 80"},{"range":[109,21,109,60],"value":"--, Background.color (rgb255 10 160 10)"},{"range":[93,21,93,32],"value":"--, centerY"},{"range":[92,21,92,32],"value":"--, centerX"},{"range":[91,21,91,35],"value":"--, width fill"},{"range":[88,21,88,35],"value":"--, padding 80"},{"range":[85,21,85,60],"value":"--, Background.color (rgb255 10 160 10)"},{"range":[72,21,72,32],"value":"--, centerY"},{"range":[71,21,71,32],"value":"--, centerX"},{"range":[70,21,70,35],"value":"--, width fill"},{"range":[67,21,67,35],"value":"--, padding 80"},{"range":[64,21,64,60],"value":"--, Background.color (rgb255 10 160 10)"},{"range":[63,21,63,35],"value":"--, alignRight"},{"range":[42,9,42,31],"value":"--inFront <| myFronCol"},{"range":[8,1,8,9],"value":"--     )"},{"range":[7,1,7,24],"value":"--     centerX, maximum"},{"range":[6,1,6,61],"value":"--     width, height, px, rgb255, spacing, centerY, padding,"},{"range":[5,1,5,69],"value":"--     Element, el, text, row, column, paragraph, alignRight, fill, "},{"range":[4,1,4,29],"value":"-- import Element exposing ("}]}