{"moduleDefinition":{"range":[2,1,2,24],"value":{"type":"normal","normal":{"moduleName":{"range":[2,8,2,10],"value":["UI"]},"exposingList":{"range":[2,11,2,24],"value":{"type":"all","all":[2,21,2,23]}}}}},"imports":[{"range":[9,1,9,29],"value":{"moduleName":{"range":[9,8,9,15],"value":["Element"]},"moduleAlias":null,"exposingList":{"range":[9,16,9,29],"value":{"type":"all","all":[9,26,9,28]}}}},{"range":[10,1,10,40],"value":{"moduleName":{"range":[10,8,10,26],"value":["Element","Background"]},"moduleAlias":{"range":[10,30,10,40],"value":["Background"]},"exposingList":null}},{"range":[11,1,11,32],"value":{"moduleName":{"range":[11,8,11,22],"value":["Element","Border"]},"moduleAlias":{"range":[11,26,11,32],"value":["Border"]},"exposingList":null}},{"range":[12,1,12,28],"value":{"moduleName":{"range":[12,8,12,20],"value":["Element","Font"]},"moduleAlias":{"range":[12,24,12,28],"value":["Font"]},"exposingList":null}},{"range":[13,1,13,30],"value":{"moduleName":{"range":[13,8,13,21],"value":["Element","Input"]},"moduleAlias":{"range":[13,25,13,30],"value":["Input"]},"exposingList":null}},{"range":[14,1,14,13],"value":{"moduleName":{"range":[14,8,14,13],"value":["Debug"]},"moduleAlias":null,"exposingList":null}}],"declarations":[{"range":[18,1,18,26],"value":{"type":"function","function":{"documentation":null,"signature":null,"declaration":{"range":[18,1,18,26],"value":{"name":{"range":[18,1,18,5],"value":"gray"},"arguments":[],"expression":{"range":[18,8,18,26],"value":{"type":"application","application":[{"range":[18,8,18,14],"value":{"type":"functionOrValue","functionOrValue":{"moduleName":[],"name":"rgb255"}}},{"range":[18,15,18,18],"value":{"type":"integer","integer":200}},{"range":[18,19,18,22],"value":{"type":"integer","integer":200}},{"range":[18,23,18,26],"value":{"type":"integer","integer":200}}]}}}}}}},{"range":[19,1,19,21],"value":{"type":"function","function":{"documentation":null,"signature":null,"declaration":{"range":[19,1,19,21],"value":{"name":{"range":[19,1,19,4],"value":"red"},"arguments":[],"expression":{"range":[19,7,19,21],"value":{"type":"application","application":[{"range":[19,7,19,13],"value":{"type":"functionOrValue","functionOrValue":{"moduleName":[],"name":"rgb255"}}},{"range":[19,14,19,17],"value":{"type":"integer","integer":210}},{"range":[19,18,19,19],"value":{"type":"integer","integer":0}},{"range":[19,20,19,21],"value":{"type":"integer","integer":0}}]}}}}}}},{"range":[20,1,20,22],"value":{"type":"function","function":{"documentation":null,"signature":null,"declaration":{"range":[20,1,20,22],"value":{"name":{"range":[20,1,20,5],"value":"blue"},"arguments":[],"expression":{"range":[20,8,20,22],"value":{"type":"application","application":[{"range":[20,8,20,14],"value":{"type":"functionOrValue","functionOrValue":{"moduleName":[],"name":"rgb255"}}},{"range":[20,15,20,16],"value":{"type":"integer","integer":0}},{"range":[20,17,20,18],"value":{"type":"integer","integer":0}},{"range":[20,19,20,22],"value":{"type":"integer","integer":200}}]}}}}}}},{"range":[21,1,21,27],"value":{"type":"function","function":{"documentation":null,"signature":null,"declaration":{"range":[21,1,21,27],"value":{"name":{"range":[21,1,21,6],"value":"white"},"arguments":[],"expression":{"range":[21,9,21,27],"value":{"type":"application","application":[{"range":[21,9,21,15],"value":{"type":"functionOrValue","functionOrValue":{"moduleName":[],"name":"rgb255"}}},{"range":[21,16,21,19],"value":{"type":"integer","integer":255}},{"range":[21,20,21,23],"value":{"type":"integer","integer":255}},{"range":[21,24,21,27],"value":{"type":"integer","integer":255}}]}}}}}}},{"range":[22,1,22,26],"value":{"type":"function","function":{"documentation":null,"signature":null,"declaration":{"range":[22,1,22,26],"value":{"name":{"range":[22,1,22,6],"value":"green"},"arguments":[],"expression":{"range":[22,9,22,26],"value":{"type":"application","application":[{"range":[22,9,22,15],"value":{"type":"functionOrValue","functionOrValue":{"moduleName":[],"name":"rgb255"}}},{"range":[22,16,22,18],"value":{"type":"integer","integer":86}},{"range":[22,19,22,22],"value":{"type":"integer","integer":182}},{"range":[22,23,22,26],"value":{"type":"integer","integer":139}}]}}}}}}},{"range":[24,1,25,197],"value":{"type":"function","function":{"documentation":null,"signature":{"range":[24,1,24,12],"value":{"name":{"range":[24,1,24,4],"value":"url"},"typeAnnotation":{"range":[24,6,24,12],"value":{"type":"typed","typed":{"moduleNameAndName":{"range":[24,6,24,12],"value":{"moduleName":[],"name":"String"}},"args":[]}}}}},"declaration":{"range":[25,1,25,197],"value":{"name":{"range":[25,1,25,4],"value":"url"},"arguments":[],"expression":{"range":[25,7,25,197],"value":{"type":"literal","literal":"http://bw-qm-public.oss-cn-shenzhen.aliyuncs.com/qm/entityxwzx/fieldfm/37066e44-d760-4daf-bef6-59fc5df54a14.png?x-oss-process=image/resize,m_lfit,w_1440,limit_1/auto-orient,1/quality,q_100"}}}}}}},{"range":[27,1,28,63],"value":{"type":"function","function":{"documentation":null,"signature":{"range":[27,1,27,14],"value":{"name":{"range":[27,1,27,6],"value":"title"},"typeAnnotation":{"range":[27,8,27,14],"value":{"type":"typed","typed":{"moduleNameAndName":{"range":[27,8,27,14],"value":{"moduleName":[],"name":"String"}},"args":[]}}}}},"declaration":{"range":[28,1,28,63],"value":{"name":{"range":[28,1,28,6],"value":"title"},"arguments":[],"expression":{"range":[28,9,28,63],"value":{"type":"literal","literal":"新闻资讯标题新闻资讯标题新闻资讯标题新闻资讯新闻资讯标题新闻资讯标题新闻资讯标题新闻资讯新闻资讯标题新闻"}}}}}}},{"range":[31,1,32,18],"value":{"type":"typedecl","typedecl":{"documentation":null,"name":{"range":[31,6,31,9],"value":"Msg"},"generics":[],"constructors":[{"range":[32,5,32,18],"value":{"name":{"range":[32,5,32,11],"value":"Change"},"arguments":[{"range":[32,12,32,18],"value":{"type":"typed","typed":{"moduleNameAndName":{"range":[32,12,32,18],"value":{"moduleName":[],"name":"String"}},"args":[]}}}]}}]}}},{"range":[35,1,37,26],"value":{"type":"function","function":{"documentation":null,"signature":null,"declaration":{"range":[35,1,37,26],"value":{"name":{"range":[35,1,35,7],"value":"update"},"arguments":[{"range":[35,8,35,11],"value":{"type":"var","var":{"value":"msg"}}},{"range":[35,12,35,17],"value":{"type":"var","var":{"value":"model"}}}],"expression":{"range":[36,3,37,26],"value":{"type":"case","case":{"cases":[{"pattern":{"range":[37,5,37,17],"value":{"type":"named","named":{"qualified":{"moduleName":[],"name":"Change"},"patterns":[{"range":[37,12,37,17],"value":{"type":"var","var":{"value":"value"}}}]}}},"expression":{"range":[37,21,37,26],"value":{"type":"functionOrValue","functionOrValue":{"moduleName":[],"name":"value"}}}}],"expression":{"range":[36,8,36,11],"value":{"type":"functionOrValue","functionOrValue":{"moduleName":[],"name":"msg"}}}}}}}}}}},{"range":[40,1,51,11],"value":{"type":"function","function":{"documentation":null,"signature":null,"declaration":{"range":[40,1,51,11],"value":{"name":{"range":[40,1,40,5],"value":"main"},"arguments":[],"expression":{"range":[41,5,51,11],"value":{"type":"application","application":[{"range":[41,5,41,19],"value":{"type":"functionOrValue","functionOrValue":{"moduleName":["Element"],"name":"layout"}}},{"range":[41,20,43,6],"value":{"type":"list","list":[]}},{"range":[44,5,51,11],"value":{"type":"parenthesized","parenthesized":{"range":[44,6,51,10],"value":{"type":"application","application":[{"range":[44,6,44,12],"value":{"type":"functionOrValue","functionOrValue":{"moduleName":[],"name":"column"}}},{"range":[44,13,44,64],"value":{"type":"list","list":[{"range":[44,15,44,26],"value":{"type":"application","application":[{"range":[44,15,44,21],"value":{"type":"functionOrValue","functionOrValue":{"moduleName":[],"name":"height"}}},{"range":[44,22,44,26],"value":{"type":"functionOrValue","functionOrValue":{"moduleName":[],"name":"fill"}}}]}},{"range":[44,28,44,38],"value":{"type":"application","application":[{"range":[44,28,44,33],"value":{"type":"functionOrValue","functionOrValue":{"moduleName":[],"name":"width"}}},{"range":[44,34,44,38],"value":{"type":"functionOrValue","functionOrValue":{"moduleName":[],"name":"fill"}}}]}},{"range":[44,40,44,51],"value":{"type":"functionOrValue","functionOrValue":{"moduleName":[],"name":"spaceEvenly"}}},{"range":[44,53,44,63],"value":{"type":"application","application":[{"range":[44,53,44,60],"value":{"type":"functionOrValue","functionOrValue":{"moduleName":[],"name":"spacing"}}},{"range":[44,61,44,63],"value":{"type":"integer","integer":16}}]}}]}},{"range":[45,9,51,10],"value":{"type":"list","list":[{"range":[46,13,46,27],"value":{"type":"functionOrValue","functionOrValue":{"moduleName":[],"name":"myAlignmentRow"}}},{"range":[47,13,47,28],"value":{"type":"functionOrValue","functionOrValue":{"moduleName":[],"name":"myAlignmentRow2"}}},{"range":[48,13,48,19],"value":{"type":"functionOrValue","functionOrValue":{"moduleName":[],"name":"myRowG"}}},{"range":[49,13,49,19],"value":{"type":"functionOrValue","functionOrValue":{"moduleName":[],"name":"myColG"}}},{"range":[50,13,50,27],"value":{"type":"functionOrValue","functionOrValue":{"moduleName":[],"name":"myAlignmentCol"}}}]}}]}}}}]}}}}}}},{"range":[53,1,54,14],"value":{"type":"function","function":{"documentation":null,"signature":{"range":[53,1,53,15],"value":{"name":{"range":[53,1,53,2],"value":"e"},"typeAnnotation":{"range":[53,4,53,15],"value":{"type":"typed","typed":{"moduleNameAndName":{"range":[53,4,53,11],"value":{"moduleName":[],"name":"Element"}},"args":[{"range":[53,12,53,15],"value":{"type":"typed","typed":{"moduleNameAndName":{"range":[53,12,53,15],"value":{"moduleName":[],"name":"Msg"}},"args":[]}}}]}}}}},"declaration":{"range":[54,1,54,14],"value":{"name":{"range":[54,1,54,2],"value":"e"},"arguments":[],"expression":{"range":[54,5,54,14],"value":{"type":"functionOrValue","functionOrValue":{"moduleName":[],"name":"myElement"}}}}}}}},{"range":[56,1,57,31],"value":{"type":"function","function":{"documentation":null,"signature":{"range":[56,1,56,15],"value":{"name":{"range":[56,1,56,2],"value":"l"},"typeAnnotation":{"range":[56,4,56,15],"value":{"type":"typed","typed":{"moduleNameAndName":{"range":[56,4,56,11],"value":{"moduleName":[],"name":"Element"}},"args":[{"range":[56,12,56,15],"value":{"type":"typed","typed":{"moduleNameAndName":{"range":[56,12,56,15],"value":{"moduleName":[],"name":"Msg"}},"args":[]}}}]}}}}},"declaration":{"range":[57,1,57,31],"value":{"name":{"range":[57,1,57,2],"value":"l"},"arguments":[],"expression":{"range":[57,5,57,31],"value":{"type":"application","application":[{"range":[57,5,57,7],"value":{"type":"functionOrValue","functionOrValue":{"moduleName":[],"name":"el"}}},{"range":[57,8,57,21],"value":{"type":"list","list":[{"range":[57,10,57,19],"value":{"type":"functionOrValue","functionOrValue":{"moduleName":[],"name":"alignLeft"}}}]}},{"range":[57,22,57,31],"value":{"type":"functionOrValue","functionOrValue":{"moduleName":[],"name":"myElement"}}}]}}}}}}},{"range":[59,1,60,32],"value":{"type":"function","function":{"documentation":null,"signature":{"range":[59,1,59,15],"value":{"name":{"range":[59,1,59,2],"value":"r"},"typeAnnotation":{"range":[59,4,59,15],"value":{"type":"typed","typed":{"moduleNameAndName":{"range":[59,4,59,11],"value":{"moduleName":[],"name":"Element"}},"args":[{"range":[59,12,59,15],"value":{"type":"typed","typed":{"moduleNameAndName":{"range":[59,12,59,15],"value":{"moduleName":[],"name":"Msg"}},"args":[]}}}]}}}}},"declaration":{"range":[60,1,60,32],"value":{"name":{"range":[60,1,60,2],"value":"r"},"arguments":[],"expression":{"range":[60,5,60,32],"value":{"type":"application","application":[{"range":[60,5,60,7],"value":{"type":"functionOrValue","functionOrValue":{"moduleName":[],"name":"el"}}},{"range":[60,8,60,22],"value":{"type":"list","list":[{"range":[60,10,60,20],"value":{"type":"functionOrValue","functionOrValue":{"moduleName":[],"name":"alignRight"}}}]}},{"range":[60,23,60,32],"value":{"type":"functionOrValue","functionOrValue":{"moduleName":[],"name":"myElement"}}}]}}}}}}},{"range":[62,1,64,29],"value":{"type":"function","function":{"documentation":null,"signature":{"range":[62,1,62,28],"value":{"name":{"range":[62,1,62,15],"value":"myAlignmentRow"},"typeAnnotation":{"range":[62,17,62,28],"value":{"type":"typed","typed":{"moduleNameAndName":{"range":[62,17,62,24],"value":{"moduleName":[],"name":"Element"}},"args":[{"range":[62,25,62,28],"value":{"type":"typed","typed":{"moduleNameAndName":{"range":[62,25,62,28],"value":{"moduleName":[],"name":"Msg"}},"args":[]}}}]}}}}},"declaration":{"range":[63,1,64,29],"value":{"name":{"range":[63,1,63,15],"value":"myAlignmentRow"},"arguments":[],"expression":{"range":[64,5,64,29],"value":{"type":"application","application":[{"range":[64,5,64,8],"value":{"type":"functionOrValue","functionOrValue":{"moduleName":[],"name":"row"}}},{"range":[64,8,64,22],"value":{"type":"list","list":[{"range":[64,10,64,20],"value":{"type":"application","application":[{"range":[64,10,64,15],"value":{"type":"functionOrValue","functionOrValue":{"moduleName":[],"name":"width"}}},{"range":[64,16,64,20],"value":{"type":"functionOrValue","functionOrValue":{"moduleName":[],"name":"fill"}}}]}}]}},{"range":[64,23,64,29],"value":{"type":"list","list":[{"range":[64,24,64,25],"value":{"type":"functionOrValue","functionOrValue":{"moduleName":[],"name":"l"}}},{"range":[64,27,64,28],"value":{"type":"functionOrValue","functionOrValue":{"moduleName":[],"name":"r"}}}]}}]}}}}}}},{"range":[66,1,68,57],"value":{"type":"function","function":{"documentation":null,"signature":{"range":[66,1,66,29],"value":{"name":{"range":[66,1,66,16],"value":"myAlignmentRow2"},"typeAnnotation":{"range":[66,18,66,29],"value":{"type":"typed","typed":{"moduleNameAndName":{"range":[66,18,66,25],"value":{"moduleName":[],"name":"Element"}},"args":[{"range":[66,26,66,29],"value":{"type":"typed","typed":{"moduleNameAndName":{"range":[66,26,66,29],"value":{"moduleName":[],"name":"Msg"}},"args":[]}}}]}}}}},"declaration":{"range":[67,1,68,57],"value":{"name":{"range":[67,1,67,16],"value":"myAlignmentRow2"},"arguments":[],"expression":{"range":[68,5,68,57],"value":{"type":"application","application":[{"range":[68,5,68,8],"value":{"type":"functionOrValue","functionOrValue":{"moduleName":[],"name":"row"}}},{"range":[68,9,68,47],"value":{"type":"list","list":[{"range":[68,11,68,21],"value":{"type":"application","application":[{"range":[68,11,68,16],"value":{"type":"functionOrValue","functionOrValue":{"moduleName":[],"name":"width"}}},{"range":[68,17,68,21],"value":{"type":"functionOrValue","functionOrValue":{"moduleName":[],"name":"fill"}}}]}},{"range":[68,24,68,32],"value":{"type":"functionOrValue","functionOrValue":{"moduleName":[],"name":"alignTop"}}},{"range":[68,34,68,45],"value":{"type":"functionOrValue","functionOrValue":{"moduleName":[],"name":"spaceEvenly"}}}]}},{"range":[68,48,68,57],"value":{"type":"list","list":[{"range":[68,49,68,50],"value":{"type":"functionOrValue","functionOrValue":{"moduleName":[],"name":"e"}}},{"range":[68,52,68,53],"value":{"type":"functionOrValue","functionOrValue":{"moduleName":[],"name":"l"}}},{"range":[68,55,68,56],"value":{"type":"functionOrValue","functionOrValue":{"moduleName":[],"name":"e"}}}]}}]}}}}}}},{"range":[70,1,71,73],"value":{"type":"function","function":{"documentation":null,"signature":{"range":[70,1,70,18],"value":{"name":{"range":[70,1,70,5],"value":"colG"},"typeAnnotation":{"range":[70,7,70,18],"value":{"type":"typed","typed":{"moduleNameAndName":{"range":[70,7,70,14],"value":{"moduleName":[],"name":"Element"}},"args":[{"range":[70,15,70,18],"value":{"type":"typed","typed":{"moduleNameAndName":{"range":[70,15,70,18],"value":{"moduleName":[],"name":"Msg"}},"args":[]}}}]}}}}},"declaration":{"range":[71,1,71,73],"value":{"name":{"range":[71,1,71,5],"value":"colG"},"arguments":[],"expression":{"range":[71,8,71,73],"value":{"type":"application","application":[{"range":[71,8,71,14],"value":{"type":"functionOrValue","functionOrValue":{"moduleName":[],"name":"column"}}},{"range":[71,15,71,70],"value":{"type":"list","list":[{"range":[71,17,71,39],"value":{"type":"application","application":[{"range":[71,17,71,33],"value":{"type":"functionOrValue","functionOrValue":{"moduleName":["Background"],"name":"color"}}},{"range":[71,34,71,39],"value":{"type":"functionOrValue","functionOrValue":{"moduleName":[],"name":"green"}}}]}},{"range":[71,41,71,52],"value":{"type":"application","application":[{"range":[71,41,71,47],"value":{"type":"functionOrValue","functionOrValue":{"moduleName":[],"name":"height"}}},{"range":[71,48,71,52],"value":{"type":"functionOrValue","functionOrValue":{"moduleName":[],"name":"fill"}}}]}},{"range":[71,54,71,69],"value":{"type":"application","application":[{"range":[71,54,71,59],"value":{"type":"functionOrValue","functionOrValue":{"moduleName":[],"name":"width"}}},{"range":[71,60,71,62],"value":{"type":"operator","operator":"<|"}},{"range":[71,63,71,65],"value":{"type":"functionOrValue","functionOrValue":{"moduleName":[],"name":"px"}}},{"range":[71,66,71,69],"value":{"type":"integer","integer":100}}]}}]}},{"range":[71,71,71,73],"value":{"type":"list","list":[]}}]}}}}}}},{"range":[73,1,75,27],"value":{"type":"function","function":{"documentation":null,"signature":{"range":[73,1,73,20],"value":{"name":{"range":[73,1,73,7],"value":"myRowG"},"typeAnnotation":{"range":[73,9,73,20],"value":{"type":"typed","typed":{"moduleNameAndName":{"range":[73,9,73,16],"value":{"moduleName":[],"name":"Element"}},"args":[{"range":[73,17,73,20],"value":{"type":"typed","typed":{"moduleNameAndName":{"range":[73,17,73,20],"value":{"moduleName":[],"name":"Msg"}},"args":[]}}}]}}}}},"declaration":{"range":[74,1,75,27],"value":{"name":{"range":[74,1,74,7],"value":"myRowG"},"arguments":[],"expression":{"range":[74,10,75,27],"value":{"type":"application","application":[{"range":[74,10,74,13],"value":{"type":"functionOrValue","functionOrValue":{"moduleName":[],"name":"row"}}},{"range":[74,14,74,55],"value":{"type":"list","list":[{"range":[74,15,74,25],"value":{"type":"application","application":[{"range":[74,15,74,20],"value":{"type":"functionOrValue","functionOrValue":{"moduleName":[],"name":"width"}}},{"range":[74,21,74,25],"value":{"type":"functionOrValue","functionOrValue":{"moduleName":[],"name":"fill"}}}]}},{"range":[74,27,74,36],"value":{"type":"application","application":[{"range":[74,27,74,34],"value":{"type":"functionOrValue","functionOrValue":{"moduleName":[],"name":"spacing"}}},{"range":[74,35,74,36],"value":{"type":"integer","integer":8}}]}},{"range":[74,38,74,54],"value":{"type":"application","application":[{"range":[74,38,74,44],"value":{"type":"functionOrValue","functionOrValue":{"moduleName":[],"name":"height"}}},{"range":[74,45,74,47],"value":{"type":"operator","operator":"<|"}},{"range":[74,48,74,50],"value":{"type":"functionOrValue","functionOrValue":{"moduleName":[],"name":"px"}}},{"range":[74,51,74,54],"value":{"type":"integer","integer":100}}]}}]}},{"range":[75,13,75,27],"value":{"type":"list","list":[{"range":[75,15,75,19],"value":{"type":"functionOrValue","functionOrValue":{"moduleName":[],"name":"colG"}}},{"range":[75,21,75,25],"value":{"type":"functionOrValue","functionOrValue":{"moduleName":[],"name":"colG"}}}]}}]}}}}}}},{"range":[78,1,79,70],"value":{"type":"function","function":{"documentation":null,"signature":{"range":[78,1,78,18],"value":{"name":{"range":[78,1,78,5],"value":"rowG"},"typeAnnotation":{"range":[78,7,78,18],"value":{"type":"typed","typed":{"moduleNameAndName":{"range":[78,7,78,14],"value":{"moduleName":[],"name":"Element"}},"args":[{"range":[78,15,78,18],"value":{"type":"typed","typed":{"moduleNameAndName":{"range":[78,15,78,18],"value":{"moduleName":[],"name":"Msg"}},"args":[]}}}]}}}}},"declaration":{"range":[79,1,79,70],"value":{"name":{"range":[79,1,79,5],"value":"rowG"},"arguments":[],"expression":{"range":[79,8,79,70],"value":{"type":"application","application":[{"range":[79,8,79,11],"value":{"type":"functionOrValue","functionOrValue":{"moduleName":[],"name":"row"}}},{"range":[79,12,79,67],"value":{"type":"list","list":[{"range":[79,14,79,36],"value":{"type":"application","application":[{"range":[79,14,79,30],"value":{"type":"functionOrValue","functionOrValue":{"moduleName":["Background"],"name":"color"}}},{"range":[79,31,79,36],"value":{"type":"functionOrValue","functionOrValue":{"moduleName":[],"name":"green"}}}]}},{"range":[79,38,79,48],"value":{"type":"application","application":[{"range":[79,38,79,43],"value":{"type":"functionOrValue","functionOrValue":{"moduleName":[],"name":"width"}}},{"range":[79,44,79,48],"value":{"type":"functionOrValue","functionOrValue":{"moduleName":[],"name":"fill"}}}]}},{"range":[79,50,79,66],"value":{"type":"application","application":[{"range":[79,50,79,56],"value":{"type":"functionOrValue","functionOrValue":{"moduleName":[],"name":"height"}}},{"range":[79,57,79,59],"value":{"type":"operator","operator":"<|"}},{"range":[79,60,79,62],"value":{"type":"functionOrValue","functionOrValue":{"moduleName":[],"name":"px"}}},{"range":[79,63,79,66],"value":{"type":"integer","integer":100}}]}}]}},{"range":[79,68,79,70],"value":{"type":"list","list":[]}}]}}}}}}},{"range":[81,1,86,10],"value":{"type":"function","function":{"documentation":null,"signature":{"range":[81,1,81,20],"value":{"name":{"range":[81,1,81,7],"value":"myColG"},"typeAnnotation":{"range":[81,9,81,20],"value":{"type":"typed","typed":{"moduleNameAndName":{"range":[81,9,81,16],"value":{"moduleName":[],"name":"Element"}},"args":[{"range":[81,17,81,20],"value":{"type":"typed","typed":{"moduleNameAndName":{"range":[81,17,81,20],"value":{"moduleName":[],"name":"Msg"}},"args":[]}}}]}}}}},"declaration":{"range":[82,1,86,10],"value":{"name":{"range":[82,1,82,7],"value":"myColG"},"arguments":[],"expression":{"range":[83,5,86,10],"value":{"type":"application","application":[{"range":[83,5,83,11],"value":{"type":"functionOrValue","functionOrValue":{"moduleName":[],"name":"column"}}},{"range":[83,12,83,35],"value":{"type":"list","list":[{"range":[83,13,83,23],"value":{"type":"application","application":[{"range":[83,13,83,18],"value":{"type":"functionOrValue","functionOrValue":{"moduleName":[],"name":"width"}}},{"range":[83,19,83,23],"value":{"type":"functionOrValue","functionOrValue":{"moduleName":[],"name":"fill"}}}]}},{"range":[83,25,83,34],"value":{"type":"application","application":[{"range":[83,25,83,32],"value":{"type":"functionOrValue","functionOrValue":{"moduleName":[],"name":"spacing"}}},{"range":[83,33,83,34],"value":{"type":"integer","integer":8}}]}}]}},{"range":[84,9,86,10],"value":{"type":"list","list":[{"range":[84,11,84,15],"value":{"type":"functionOrValue","functionOrValue":{"moduleName":[],"name":"rowG"}}},{"range":[85,11,85,15],"value":{"type":"functionOrValue","functionOrValue":{"moduleName":[],"name":"rowG"}}}]}}]}}}}}}},{"range":[88,1,95,10],"value":{"type":"function","function":{"documentation":null,"signature":{"range":[88,1,88,28],"value":{"name":{"range":[88,1,88,15],"value":"myAlignmentCol"},"typeAnnotation":{"range":[88,17,88,28],"value":{"type":"typed","typed":{"moduleNameAndName":{"range":[88,17,88,24],"value":{"moduleName":[],"name":"Element"}},"args":[{"range":[88,25,88,28],"value":{"type":"typed","typed":{"moduleNameAndName":{"range":[88,25,88,28],"value":{"moduleName":[],"name":"Msg"}},"args":[]}}}]}}}}},"declaration":{"range":[89,1,95,10],"value":{"name":{"range":[89,1,89,15],"value":"myAlignmentCol"},"arguments":[],"expression":{"range":[90,5,95,10],"value":{"type":"application","application":[{"range":[90,5,90,11],"value":{"type":"functionOrValue","functionOrValue":{"moduleName":[],"name":"column"}}},{"range":[90,12,90,24],"value":{"type":"list","list":[{"range":[90,13,90,23],"value":{"type":"application","application":[{"range":[90,13,90,18],"value":{"type":"functionOrValue","functionOrValue":{"moduleName":[],"name":"width"}}},{"range":[90,19,90,23],"value":{"type":"functionOrValue","functionOrValue":{"moduleName":[],"name":"fill"}}}]}}]}},{"range":[91,9,95,10],"value":{"type":"list","list":[{"range":[91,10,91,19],"value":{"type":"functionOrValue","functionOrValue":{"moduleName":[],"name":"myElement"}}},{"range":[92,11,94,24],"value":{"type":"application","application":[{"range":[92,11,92,13],"value":{"type":"functionOrValue","functionOrValue":{"moduleName":[],"name":"el"}}},{"range":[92,14,94,14],"value":{"type":"list","list":[{"range":[93,13,93,23],"value":{"type":"functionOrValue","functionOrValue":{"moduleName":[],"name":"alignRight"}}}]}},{"range":[94,15,94,24],"value":{"type":"functionOrValue","functionOrValue":{"moduleName":[],"name":"myElement"}}}]}}]}}]}}}}}}},{"range":[97,1,120,39],"value":{"type":"function","function":{"documentation":null,"signature":{"range":[97,1,97,26],"value":{"name":{"range":[97,1,97,13],"value":"myWrappedRow"},"typeAnnotation":{"range":[97,15,97,26],"value":{"type":"typed","typed":{"moduleNameAndName":{"range":[97,15,97,22],"value":{"moduleName":[],"name":"Element"}},"args":[{"range":[97,23,97,26],"value":{"type":"typed","typed":{"moduleNameAndName":{"range":[97,23,97,26],"value":{"moduleName":[],"name":"Msg"}},"args":[]}}}]}}}}},"declaration":{"range":[98,1,120,39],"value":{"name":{"range":[98,1,98,13],"value":"myWrappedRow"},"arguments":[],"expression":{"range":[98,16,120,39],"value":{"type":"application","application":[{"range":[98,16,98,26],"value":{"type":"functionOrValue","functionOrValue":{"moduleName":[],"name":"wrappedRow"}}},{"range":[99,17,99,65],"value":{"type":"list","list":[{"range":[99,18,99,29],"value":{"type":"functionOrValue","functionOrValue":{"moduleName":[],"name":"spaceEvenly"}}},{"range":[99,31,99,40],"value":{"type":"application","application":[{"range":[99,31,99,38],"value":{"type":"functionOrValue","functionOrValue":{"moduleName":[],"name":"spacing"}}},{"range":[99,39,99,40],"value":{"type":"integer","integer":8}}]}},{"range":[99,42,99,64],"value":{"type":"application","application":[{"range":[99,42,99,58],"value":{"type":"functionOrValue","functionOrValue":{"moduleName":["Background"],"name":"color"}}},{"range":[99,59,99,64],"value":{"type":"functionOrValue","functionOrValue":{"moduleName":[],"name":"green"}}}]}}]}},{"range":[100,17,120,39],"value":{"type":"list","list":[{"range":[100,18,100,27],"value":{"type":"functionOrValue","functionOrValue":{"moduleName":[],"name":"myElement"}}},{"range":[101,18,101,27],"value":{"type":"functionOrValue","functionOrValue":{"moduleName":[],"name":"myElement"}}},{"range":[102,18,102,27],"value":{"type":"functionOrValue","functionOrValue":{"moduleName":[],"name":"myElement"}}},{"range":[103,18,103,27],"value":{"type":"functionOrValue","functionOrValue":{"moduleName":[],"name":"myElement"}}},{"range":[104,18,104,27],"value":{"type":"functionOrValue","functionOrValue":{"moduleName":[],"name":"myElement"}}},{"range":[105,18,105,27],"value":{"type":"functionOrValue","functionOrValue":{"moduleName":[],"name":"myElement"}}},{"range":[106,18,106,27],"value":{"type":"functionOrValue","functionOrValue":{"moduleName":[],"name":"myElement"}}},{"range":[107,18,120,38],"value":{"type":"application","application":[{"range":[107,18,107,20],"value":{"type":"functionOrValue","functionOrValue":{"moduleName":[],"name":"el"}}},{"range":[108,21,119,22],"value":{"type":"list","list":[{"range":[108,23,108,39],"value":{"type":"application","application":[{"range":[108,23,108,37],"value":{"type":"functionOrValue","functionOrValue":{"moduleName":["Border"],"name":"rounded"}}},{"range":[108,38,108,39],"value":{"type":"integer","integer":4}}]}},{"range":[111,23,111,43],"value":{"type":"application","application":[{"range":[111,23,111,39],"value":{"type":"functionOrValue","functionOrValue":{"moduleName":["Background"],"name":"image"}}},{"range":[111,40,111,43],"value":{"type":"functionOrValue","functionOrValue":{"moduleName":[],"name":"url"}}}]}},{"range":[112,23,112,54],"value":{"type":"application","application":[{"range":[112,23,112,33],"value":{"type":"functionOrValue","functionOrValue":{"moduleName":["Font"],"name":"color"}}},{"range":[112,34,112,54],"value":{"type":"parenthesized","parenthesized":{"range":[112,35,112,53],"value":{"type":"application","application":[{"range":[112,35,112,41],"value":{"type":"functionOrValue","functionOrValue":{"moduleName":[],"name":"rgb255"}}},{"range":[112,42,112,45],"value":{"type":"integer","integer":255}},{"range":[112,46,112,49],"value":{"type":"integer","integer":255}},{"range":[112,50,112,53],"value":{"type":"integer","integer":255}}]}}}}]}},{"range":[114,23,114,37],"value":{"type":"application","application":[{"range":[114,23,114,28],"value":{"type":"functionOrValue","functionOrValue":{"moduleName":[],"name":"width"}}},{"range":[114,29,114,31],"value":{"type":"operator","operator":"<|"}},{"range":[114,32,114,34],"value":{"type":"functionOrValue","functionOrValue":{"moduleName":[],"name":"px"}}},{"range":[114,35,114,37],"value":{"type":"integer","integer":80}}]}},{"range":[115,23,115,38],"value":{"type":"application","application":[{"range":[115,23,115,29],"value":{"type":"functionOrValue","functionOrValue":{"moduleName":[],"name":"height"}}},{"range":[115,30,115,32],"value":{"type":"operator","operator":"<|"}},{"range":[115,33,115,35],"value":{"type":"functionOrValue","functionOrValue":{"moduleName":[],"name":"px"}}},{"range":[115,36,115,38],"value":{"type":"integer","integer":80}}]}}]}},{"range":[120,21,120,38],"value":{"type":"parenthesized","parenthesized":{"range":[120,22,120,37],"value":{"type":"application","application":[{"range":[120,22,120,26],"value":{"type":"functionOrValue","functionOrValue":{"moduleName":[],"name":"text"}}},{"range":[120,27,120,37],"value":{"type":"literal","literal":"stylish!"}}]}}}}]}}]}}]}}}}}}},{"range":[122,1,144,28],"value":{"type":"function","function":{"documentation":null,"signature":{"range":[122,1,122,27],"value":{"name":{"range":[122,1,122,14],"value":"myWrappedRow2"},"typeAnnotation":{"range":[122,16,122,27],"value":{"type":"typed","typed":{"moduleNameAndName":{"range":[122,16,122,23],"value":{"moduleName":[],"name":"Element"}},"args":[{"range":[122,24,122,27],"value":{"type":"typed","typed":{"moduleNameAndName":{"range":[122,24,122,27],"value":{"moduleName":[],"name":"Msg"}},"args":[]}}}]}}}}},"declaration":{"range":[123,1,144,28],"value":{"name":{"range":[123,1,123,14],"value":"myWrappedRow2"},"arguments":[],"expression":{"range":[123,17,144,28],"value":{"type":"application","application":[{"range":[123,17,123,27],"value":{"type":"functionOrValue","functionOrValue":{"moduleName":[],"name":"wrappedRow"}}},{"range":[124,17,124,20],"value":{"type":"list","list":[]}},{"range":[125,17,144,28],"value":{"type":"list","list":[{"range":[125,18,125,27],"value":{"type":"functionOrValue","functionOrValue":{"moduleName":[],"name":"myElement"}}},{"range":[126,18,126,27],"value":{"type":"functionOrValue","functionOrValue":{"moduleName":[],"name":"myElement"}}},{"range":[127,18,127,27],"value":{"type":"functionOrValue","functionOrValue":{"moduleName":[],"name":"myElement"}}},{"range":[128,18,128,27],"value":{"type":"functionOrValue","functionOrValue":{"moduleName":[],"name":"myElement"}}},{"range":[129,18,141,38],"value":{"type":"application","application":[{"range":[129,18,129,20],"value":{"type":"functionOrValue","functionOrValue":{"moduleName":[],"name":"el"}}},{"range":[130,21,140,22],"value":{"type":"list","list":[{"range":[130,23,130,39],"value":{"type":"application","application":[{"range":[130,23,130,37],"value":{"type":"functionOrValue","functionOrValue":{"moduleName":["Border"],"name":"rounded"}}},{"range":[130,38,130,39],"value":{"type":"integer","integer":4}}]}},{"range":[132,23,132,43],"value":{"type":"application","application":[{"range":[132,23,132,39],"value":{"type":"functionOrValue","functionOrValue":{"moduleName":["Background"],"name":"image"}}},{"range":[132,40,132,43],"value":{"type":"functionOrValue","functionOrValue":{"moduleName":[],"name":"url"}}}]}},{"range":[133,23,133,54],"value":{"type":"application","application":[{"range":[133,23,133,33],"value":{"type":"functionOrValue","functionOrValue":{"moduleName":["Font"],"name":"color"}}},{"range":[133,34,133,54],"value":{"type":"parenthesized","parenthesized":{"range":[133,35,133,53],"value":{"type":"application","application":[{"range":[133,35,133,41],"value":{"type":"functionOrValue","functionOrValue":{"moduleName":[],"name":"rgb255"}}},{"range":[133,42,133,45],"value":{"type":"integer","integer":255}},{"range":[133,46,133,49],"value":{"type":"integer","integer":255}},{"range":[133,50,133,53],"value":{"type":"integer","integer":255}}]}}}}]}},{"range":[135,23,135,37],"value":{"type":"application","application":[{"range":[135,23,135,28],"value":{"type":"functionOrValue","functionOrValue":{"moduleName":[],"name":"width"}}},{"range":[135,29,135,31],"value":{"type":"operator","operator":"<|"}},{"range":[135,32,135,34],"value":{"type":"functionOrValue","functionOrValue":{"moduleName":[],"name":"px"}}},{"range":[135,35,135,37],"value":{"type":"integer","integer":80}}]}},{"range":[136,23,136,38],"value":{"type":"application","application":[{"range":[136,23,136,29],"value":{"type":"functionOrValue","functionOrValue":{"moduleName":[],"name":"height"}}},{"range":[136,30,136,32],"value":{"type":"operator","operator":"<|"}},{"range":[136,33,136,35],"value":{"type":"functionOrValue","functionOrValue":{"moduleName":[],"name":"px"}}},{"range":[136,36,136,38],"value":{"type":"integer","integer":80}}]}}]}},{"range":[141,21,141,38],"value":{"type":"parenthesized","parenthesized":{"range":[141,22,141,37],"value":{"type":"application","application":[{"range":[141,22,141,26],"value":{"type":"functionOrValue","functionOrValue":{"moduleName":[],"name":"text"}}},{"range":[141,27,141,37],"value":{"type":"literal","literal":"stylish!"}}]}}}}]}},{"range":[142,18,142,27],"value":{"type":"functionOrValue","functionOrValue":{"moduleName":[],"name":"myElement"}}},{"range":[143,18,143,27],"value":{"type":"functionOrValue","functionOrValue":{"moduleName":[],"name":"myElement"}}},{"range":[144,18,144,27],"value":{"type":"functionOrValue","functionOrValue":{"moduleName":[],"name":"myElement"}}}]}}]}}}}}}},{"range":[146,1,168,28],"value":{"type":"function","function":{"documentation":null,"signature":{"range":[146,1,146,25],"value":{"name":{"range":[146,1,146,12],"value":"myDirectRow"},"typeAnnotation":{"range":[146,14,146,25],"value":{"type":"typed","typed":{"moduleNameAndName":{"range":[146,14,146,21],"value":{"moduleName":[],"name":"Element"}},"args":[{"range":[146,22,146,25],"value":{"type":"typed","typed":{"moduleNameAndName":{"range":[146,22,146,25],"value":{"moduleName":[],"name":"Msg"}},"args":[]}}}]}}}}},"declaration":{"range":[147,1,168,28],"value":{"name":{"range":[147,1,147,12],"value":"myDirectRow"},"arguments":[],"expression":{"range":[147,15,168,28],"value":{"type":"application","application":[{"range":[147,15,147,18],"value":{"type":"functionOrValue","functionOrValue":{"moduleName":[],"name":"row"}}},{"range":[148,17,148,30],"value":{"type":"list","list":[{"range":[148,19,148,28],"value":{"type":"application","application":[{"range":[148,19,148,26],"value":{"type":"functionOrValue","functionOrValue":{"moduleName":[],"name":"spacing"}}},{"range":[148,27,148,28],"value":{"type":"integer","integer":8}}]}}]}},{"range":[149,17,168,28],"value":{"type":"list","list":[{"range":[149,18,149,27],"value":{"type":"functionOrValue","functionOrValue":{"moduleName":[],"name":"myElement"}}},{"range":[150,18,150,27],"value":{"type":"functionOrValue","functionOrValue":{"moduleName":[],"name":"myElement"}}},{"range":[151,18,151,27],"value":{"type":"functionOrValue","functionOrValue":{"moduleName":[],"name":"myElement"}}},{"range":[152,18,152,27],"value":{"type":"functionOrValue","functionOrValue":{"moduleName":[],"name":"myElement"}}},{"range":[153,18,165,38],"value":{"type":"application","application":[{"range":[153,18,153,20],"value":{"type":"functionOrValue","functionOrValue":{"moduleName":[],"name":"el"}}},{"range":[154,21,164,22],"value":{"type":"list","list":[{"range":[154,23,154,39],"value":{"type":"application","application":[{"range":[154,23,154,37],"value":{"type":"functionOrValue","functionOrValue":{"moduleName":["Border"],"name":"rounded"}}},{"range":[154,38,154,39],"value":{"type":"integer","integer":4}}]}},{"range":[156,23,156,43],"value":{"type":"application","application":[{"range":[156,23,156,39],"value":{"type":"functionOrValue","functionOrValue":{"moduleName":["Background"],"name":"image"}}},{"range":[156,40,156,43],"value":{"type":"functionOrValue","functionOrValue":{"moduleName":[],"name":"url"}}}]}},{"range":[157,23,157,54],"value":{"type":"application","application":[{"range":[157,23,157,33],"value":{"type":"functionOrValue","functionOrValue":{"moduleName":["Font"],"name":"color"}}},{"range":[157,34,157,54],"value":{"type":"parenthesized","parenthesized":{"range":[157,35,157,53],"value":{"type":"application","application":[{"range":[157,35,157,41],"value":{"type":"functionOrValue","functionOrValue":{"moduleName":[],"name":"rgb255"}}},{"range":[157,42,157,45],"value":{"type":"integer","integer":255}},{"range":[157,46,157,49],"value":{"type":"integer","integer":255}},{"range":[157,50,157,53],"value":{"type":"integer","integer":255}}]}}}}]}},{"range":[159,23,159,37],"value":{"type":"application","application":[{"range":[159,23,159,28],"value":{"type":"functionOrValue","functionOrValue":{"moduleName":[],"name":"width"}}},{"range":[159,29,159,31],"value":{"type":"operator","operator":"<|"}},{"range":[159,32,159,34],"value":{"type":"functionOrValue","functionOrValue":{"moduleName":[],"name":"px"}}},{"range":[159,35,159,37],"value":{"type":"integer","integer":80}}]}},{"range":[160,23,160,38],"value":{"type":"application","application":[{"range":[160,23,160,29],"value":{"type":"functionOrValue","functionOrValue":{"moduleName":[],"name":"height"}}},{"range":[160,30,160,32],"value":{"type":"operator","operator":"<|"}},{"range":[160,33,160,35],"value":{"type":"functionOrValue","functionOrValue":{"moduleName":[],"name":"px"}}},{"range":[160,36,160,38],"value":{"type":"integer","integer":80}}]}}]}},{"range":[165,21,165,38],"value":{"type":"parenthesized","parenthesized":{"range":[165,22,165,37],"value":{"type":"application","application":[{"range":[165,22,165,26],"value":{"type":"functionOrValue","functionOrValue":{"moduleName":[],"name":"text"}}},{"range":[165,27,165,37],"value":{"type":"literal","literal":"stylish!"}}]}}}}]}},{"range":[166,18,166,27],"value":{"type":"functionOrValue","functionOrValue":{"moduleName":[],"name":"myElement"}}},{"range":[167,18,167,27],"value":{"type":"functionOrValue","functionOrValue":{"moduleName":[],"name":"myElement"}}},{"range":[168,18,168,27],"value":{"type":"functionOrValue","functionOrValue":{"moduleName":[],"name":"myElement"}}}]}}]}}}}}}},{"range":[170,1,170,208],"value":{"type":"function","function":{"documentation":null,"signature":null,"declaration":{"range":[170,1,170,208],"value":{"name":{"range":[170,1,170,5],"value":"file"},"arguments":[],"expression":{"range":[170,8,170,208],"value":{"type":"literal","literal":"http://bwax-private.oss-cn-shenzhen.aliyuncs.com/cb/entityzcwd/4111db20-6792-480c-9fe1-5ade094877fb.xlsx?OSSAccessKeyId=LTAIvHO6oIk6Dh0M&Expires=1578058340&Signature=MV0cHz%2BrBjqsDPrGaqottXN6iyA%3D"}}}}}}},{"range":[172,1,188,6],"value":{"type":"function","function":{"documentation":null,"signature":{"range":[172,1,172,25],"value":{"name":{"range":[172,1,172,12],"value":"myCelMiddle"},"typeAnnotation":{"range":[172,14,172,25],"value":{"type":"typed","typed":{"moduleNameAndName":{"range":[172,14,172,21],"value":{"moduleName":[],"name":"Element"}},"args":[{"range":[172,22,172,25],"value":{"type":"typed","typed":{"moduleNameAndName":{"range":[172,22,172,25],"value":{"moduleName":[],"name":"Msg"}},"args":[]}}}]}}}}},"declaration":{"range":[173,1,188,6],"value":{"name":{"range":[173,1,173,12],"value":"myCelMiddle"},"arguments":[],"expression":{"range":[173,15,188,6],"value":{"type":"application","application":[{"range":[173,15,173,21],"value":{"type":"functionOrValue","functionOrValue":{"moduleName":[],"name":"column"}}},{"range":[173,22,173,49],"value":{"type":"list","list":[{"range":[173,24,173,35],"value":{"type":"application","application":[{"range":[173,24,173,30],"value":{"type":"functionOrValue","functionOrValue":{"moduleName":[],"name":"height"}}},{"range":[173,31,173,35],"value":{"type":"functionOrValue","functionOrValue":{"moduleName":[],"name":"fill"}}}]}},{"range":[173,37,173,47],"value":{"type":"application","application":[{"range":[173,37,173,42],"value":{"type":"functionOrValue","functionOrValue":{"moduleName":[],"name":"width"}}},{"range":[173,43,173,47],"value":{"type":"functionOrValue","functionOrValue":{"moduleName":[],"name":"fill"}}}]}}]}},{"range":[173,50,188,6],"value":{"type":"list","list":[{"range":[174,9,187,10],"value":{"type":"application","application":[{"range":[174,9,174,15],"value":{"type":"functionOrValue","functionOrValue":{"moduleName":[],"name":"column"}}},{"range":[174,16,174,55],"value":{"type":"list","list":[{"range":[174,18,174,28],"value":{"type":"application","application":[{"range":[174,18,174,25],"value":{"type":"functionOrValue","functionOrValue":{"moduleName":[],"name":"padding"}}},{"range":[174,26,174,28],"value":{"type":"integer","integer":32}}]}},{"range":[174,30,174,40],"value":{"type":"application","application":[{"range":[174,30,174,37],"value":{"type":"functionOrValue","functionOrValue":{"moduleName":[],"name":"spacing"}}},{"range":[174,38,174,40],"value":{"type":"integer","integer":16}}]}},{"range":[174,42,174,53],"value":{"type":"application","application":[{"range":[174,42,174,48],"value":{"type":"functionOrValue","functionOrValue":{"moduleName":[],"name":"height"}}},{"range":[174,49,174,53],"value":{"type":"functionOrValue","functionOrValue":{"moduleName":[],"name":"fill"}}}]}}]}},{"range":[175,9,187,10],"value":{"type":"list","list":[{"range":[176,13,184,22],"value":{"type":"application","application":[{"range":[176,13,176,15],"value":{"type":"functionOrValue","functionOrValue":{"moduleName":[],"name":"el"}}},{"range":[176,16,176,19],"value":{"type":"list","list":[]}},{"range":[176,20,176,22],"value":{"type":"operator","operator":"<|"}},{"range":[177,17,177,27],"value":{"type":"functionOrValue","functionOrValue":{"moduleName":["Input"],"name":"text"}}},{"range":[178,21,178,44],"value":{"type":"list","list":[{"range":[178,23,178,42],"value":{"type":"functionOrValue","functionOrValue":{"moduleName":["Input"],"name":"focusedOnLoad"}}}]}},{"range":[179,21,184,22],"value":{"type":"record","record":[{"range":[180,25,180,37],"value":{"field":{"range":[180,25,180,29],"value":"text"},"expression":{"range":[180,30,180,37],"value":{"type":"literal","literal":"HELLO"}}}},{"range":[181,27,182,25],"value":{"field":{"range":[181,27,181,35],"value":"onChange"},"expression":{"range":[181,36,181,42],"value":{"type":"functionOrValue","functionOrValue":{"moduleName":[],"name":"Change"}}}}},{"range":[182,27,183,25],"value":{"field":{"range":[182,27,182,32],"value":"label"},"expression":{"range":[182,33,182,67],"value":{"type":"application","application":[{"range":[182,33,182,49],"value":{"type":"functionOrValue","functionOrValue":{"moduleName":["Input"],"name":"labelAbove"}}},{"range":[182,50,182,52],"value":{"type":"list","list":[]}},{"range":[182,53,182,67],"value":{"type":"parenthesized","parenthesized":{"range":[182,54,182,66],"value":{"type":"application","application":[{"range":[182,54,182,58],"value":{"type":"functionOrValue","functionOrValue":{"moduleName":[],"name":"text"}}},{"range":[182,59,182,66],"value":{"type":"literal","literal":"Lunch"}}]}}}}]}}}},{"range":[183,27,184,21],"value":{"field":{"range":[183,27,183,38],"value":"placeholder"},"expression":{"range":[183,41,183,48],"value":{"type":"functionOrValue","functionOrValue":{"moduleName":[],"name":"Nothing"}}}}}]}}]}},{"range":[186,15,186,56],"value":{"type":"application","application":[{"range":[186,15,186,23],"value":{"type":"functionOrValue","functionOrValue":{"moduleName":[],"name":"download"}}},{"range":[186,24,186,26],"value":{"type":"list","list":[]}},{"range":[186,27,186,56],"value":{"type":"record","record":[{"range":[186,29,186,37],"value":{"field":{"range":[186,29,186,32],"value":"url"},"expression":{"range":[186,33,186,37],"value":{"type":"functionOrValue","functionOrValue":{"moduleName":[],"name":"file"}}}}},{"range":[186,39,186,55],"value":{"field":{"range":[186,39,186,44],"value":"label"},"expression":{"range":[186,45,186,54],"value":{"type":"application","application":[{"range":[186,45,186,49],"value":{"type":"functionOrValue","functionOrValue":{"moduleName":[],"name":"text"}}},{"range":[186,50,186,54],"value":{"type":"literal","literal":"下载"}}]}}}}]}}]}}]}}]}}]}}]}}}}}}},{"range":[192,1,207,14],"value":{"type":"function","function":{"documentation":null,"signature":{"range":[192,1,192,23],"value":{"name":{"range":[192,1,192,10],"value":"myFronCol"},"typeAnnotation":{"range":[192,12,192,23],"value":{"type":"typed","typed":{"moduleNameAndName":{"range":[192,12,192,19],"value":{"moduleName":[],"name":"Element"}},"args":[{"range":[192,20,192,23],"value":{"type":"generic","generic":{"value":"msg"}}}]}}}}},"declaration":{"range":[193,1,207,14],"value":{"name":{"range":[193,1,193,10],"value":"myFronCol"},"arguments":[],"expression":{"range":[193,13,207,14],"value":{"type":"application","application":[{"range":[193,13,193,19],"value":{"type":"functionOrValue","functionOrValue":{"moduleName":[],"name":"column"}}},{"range":[193,20,193,46],"value":{"type":"list","list":[{"range":[193,22,193,32],"value":{"type":"application","application":[{"range":[193,22,193,27],"value":{"type":"functionOrValue","functionOrValue":{"moduleName":[],"name":"width"}}},{"range":[193,28,193,32],"value":{"type":"functionOrValue","functionOrValue":{"moduleName":[],"name":"fill"}}}]}},{"range":[193,34,193,45],"value":{"type":"application","application":[{"range":[193,34,193,40],"value":{"type":"functionOrValue","functionOrValue":{"moduleName":[],"name":"height"}}},{"range":[193,41,193,45],"value":{"type":"functionOrValue","functionOrValue":{"moduleName":[],"name":"fill"}}}]}}]}},{"range":[194,13,207,14],"value":{"type":"list","list":[{"range":[195,13,206,18],"value":{"type":"application","application":[{"range":[195,13,195,16],"value":{"type":"functionOrValue","functionOrValue":{"moduleName":[],"name":"row"}}},{"range":[195,17,199,18],"value":{"type":"list","list":[{"range":[196,17,196,27],"value":{"type":"application","application":[{"range":[196,17,196,24],"value":{"type":"functionOrValue","functionOrValue":{"moduleName":[],"name":"padding"}}},{"range":[196,25,196,27],"value":{"type":"integer","integer":12}}]}},{"range":[197,17,197,27],"value":{"type":"application","application":[{"range":[197,17,197,22],"value":{"type":"functionOrValue","functionOrValue":{"moduleName":[],"name":"width"}}},{"range":[197,23,197,27],"value":{"type":"functionOrValue","functionOrValue":{"moduleName":[],"name":"fill"}}}]}},{"range":[198,17,198,37],"value":{"type":"application","application":[{"range":[198,17,198,33],"value":{"type":"functionOrValue","functionOrValue":{"moduleName":["Background"],"name":"color"}}},{"range":[198,34,198,37],"value":{"type":"functionOrValue","functionOrValue":{"moduleName":[],"name":"red"}}}]}}]}},{"range":[200,17,206,18],"value":{"type":"list","list":[{"range":[201,21,205,22],"value":{"type":"application","application":[{"range":[201,21,201,27],"value":{"type":"functionOrValue","functionOrValue":{"moduleName":[],"name":"column"}}},{"range":[201,28,201,30],"value":{"type":"list","list":[]}},{"range":[201,31,205,22],"value":{"type":"list","list":[{"range":[202,25,202,51],"value":{"type":"application","application":[{"range":[202,25,202,27],"value":{"type":"functionOrValue","functionOrValue":{"moduleName":[],"name":"el"}}},{"range":[202,28,202,30],"value":{"type":"list","list":[]}},{"range":[202,31,202,51],"value":{"type":"parenthesized","parenthesized":{"range":[202,32,202,50],"value":{"type":"application","application":[{"range":[202,32,202,36],"value":{"type":"functionOrValue","functionOrValue":{"moduleName":[],"name":"text"}}},{"range":[202,37,202,50],"value":{"type":"literal","literal":"HELLO WORLD"}}]}}}}]}},{"range":[203,25,203,51],"value":{"type":"application","application":[{"range":[203,25,203,27],"value":{"type":"functionOrValue","functionOrValue":{"moduleName":[],"name":"el"}}},{"range":[203,28,203,30],"value":{"type":"list","list":[]}},{"range":[203,31,203,51],"value":{"type":"parenthesized","parenthesized":{"range":[203,32,203,50],"value":{"type":"application","application":[{"range":[203,32,203,36],"value":{"type":"functionOrValue","functionOrValue":{"moduleName":[],"name":"text"}}},{"range":[203,37,203,50],"value":{"type":"literal","literal":"HELLO WORLD"}}]}}}}]}}]}}]}}]}}]}}]}}]}}}}}}},{"range":[209,1,226,14],"value":{"type":"function","function":{"documentation":null,"signature":{"range":[209,1,209,22],"value":{"name":{"range":[209,1,209,9],"value":"myRow222"},"typeAnnotation":{"range":[209,11,209,22],"value":{"type":"typed","typed":{"moduleNameAndName":{"range":[209,11,209,18],"value":{"moduleName":[],"name":"Element"}},"args":[{"range":[209,19,209,22],"value":{"type":"generic","generic":{"value":"msg"}}}]}}}}},"declaration":{"range":[210,1,226,14],"value":{"name":{"range":[210,1,210,9],"value":"myRow222"},"arguments":[],"expression":{"range":[210,12,226,14],"value":{"type":"application","application":[{"range":[210,12,210,15],"value":{"type":"functionOrValue","functionOrValue":{"moduleName":[],"name":"row"}}},{"range":[210,16,210,18],"value":{"type":"list","list":[]}},{"range":[211,13,226,14],"value":{"type":"list","list":[{"range":[212,13,212,79],"value":{"type":"application","application":[{"range":[212,13,212,15],"value":{"type":"functionOrValue","functionOrValue":{"moduleName":[],"name":"el"}}},{"range":[212,16,212,74],"value":{"type":"list","list":[{"range":[212,18,212,33],"value":{"type":"application","application":[{"range":[212,18,212,24],"value":{"type":"functionOrValue","functionOrValue":{"moduleName":[],"name":"height"}}},{"range":[212,25,212,33],"value":{"type":"parenthesized","parenthesized":{"range":[212,26,212,32],"value":{"type":"application","application":[{"range":[212,26,212,28],"value":{"type":"functionOrValue","functionOrValue":{"moduleName":[],"name":"px"}}},{"range":[212,29,212,32],"value":{"type":"integer","integer":400}}]}}}}]}},{"range":[212,35,212,49],"value":{"type":"application","application":[{"range":[212,35,212,40],"value":{"type":"functionOrValue","functionOrValue":{"moduleName":[],"name":"width"}}},{"range":[212,41,212,49],"value":{"type":"parenthesized","parenthesized":{"range":[212,42,212,48],"value":{"type":"application","application":[{"range":[212,42,212,44],"value":{"type":"functionOrValue","functionOrValue":{"moduleName":[],"name":"px"}}},{"range":[212,45,212,48],"value":{"type":"integer","integer":100}}]}}}}]}},{"range":[212,51,212,73],"value":{"type":"application","application":[{"range":[212,51,212,67],"value":{"type":"functionOrValue","functionOrValue":{"moduleName":["Background"],"name":"color"}}},{"range":[212,68,212,73],"value":{"type":"functionOrValue","functionOrValue":{"moduleName":[],"name":"green"}}}]}}]}},{"range":[212,75,212,79],"value":{"type":"functionOrValue","functionOrValue":{"moduleName":[],"name":"none"}}}]}},{"range":[213,14,225,18],"value":{"type":"application","application":[{"range":[213,14,213,20],"value":{"type":"functionOrValue","functionOrValue":{"moduleName":[],"name":"column"}}},{"range":[214,17,214,43],"value":{"type":"list","list":[{"range":[214,18,214,29],"value":{"type":"functionOrValue","functionOrValue":{"moduleName":[],"name":"spaceEvenly"}}},{"range":[214,31,214,42],"value":{"type":"application","application":[{"range":[214,31,214,37],"value":{"type":"functionOrValue","functionOrValue":{"moduleName":[],"name":"height"}}},{"range":[214,38,214,42],"value":{"type":"functionOrValue","functionOrValue":{"moduleName":[],"name":"fill"}}}]}}]}},{"range":[215,17,225,18],"value":{"type":"list","list":[{"range":[216,17,216,35],"value":{"type":"application","application":[{"range":[216,17,216,19],"value":{"type":"functionOrValue","functionOrValue":{"moduleName":[],"name":"el"}}},{"range":[216,20,216,22],"value":{"type":"list","list":[]}},{"range":[216,23,216,35],"value":{"type":"parenthesized","parenthesized":{"range":[216,24,216,34],"value":{"type":"application","application":[{"range":[216,24,216,28],"value":{"type":"functionOrValue","functionOrValue":{"moduleName":[],"name":"text"}}},{"range":[216,29,216,34],"value":{"type":"literal","literal":"Top"}}]}}}}]}},{"range":[217,18,223,22],"value":{"type":"application","application":[{"range":[217,18,217,24],"value":{"type":"functionOrValue","functionOrValue":{"moduleName":[],"name":"column"}}},{"range":[218,21,218,23],"value":{"type":"list","list":[]}},{"range":[219,21,223,22],"value":{"type":"list","list":[{"range":[220,25,220,42],"value":{"type":"application","application":[{"range":[220,25,220,27],"value":{"type":"functionOrValue","functionOrValue":{"moduleName":[],"name":"el"}}},{"range":[220,28,220,30],"value":{"type":"list","list":[]}},{"range":[220,31,220,42],"value":{"type":"parenthesized","parenthesized":{"range":[220,32,220,41],"value":{"type":"application","application":[{"range":[220,32,220,36],"value":{"type":"functionOrValue","functionOrValue":{"moduleName":[],"name":"text"}}},{"range":[220,37,220,41],"value":{"type":"literal","literal":"M1"}}]}}}}]}},{"range":[221,26,221,43],"value":{"type":"application","application":[{"range":[221,26,221,28],"value":{"type":"functionOrValue","functionOrValue":{"moduleName":[],"name":"el"}}},{"range":[221,29,221,31],"value":{"type":"list","list":[]}},{"range":[221,32,221,43],"value":{"type":"parenthesized","parenthesized":{"range":[221,33,221,42],"value":{"type":"application","application":[{"range":[221,33,221,37],"value":{"type":"functionOrValue","functionOrValue":{"moduleName":[],"name":"text"}}},{"range":[221,38,221,42],"value":{"type":"literal","literal":"M2"}}]}}}}]}},{"range":[222,26,222,43],"value":{"type":"application","application":[{"range":[222,26,222,28],"value":{"type":"functionOrValue","functionOrValue":{"moduleName":[],"name":"el"}}},{"range":[222,29,222,31],"value":{"type":"list","list":[]}},{"range":[222,32,222,43],"value":{"type":"parenthesized","parenthesized":{"range":[222,33,222,42],"value":{"type":"application","application":[{"range":[222,33,222,37],"value":{"type":"functionOrValue","functionOrValue":{"moduleName":[],"name":"text"}}},{"range":[222,38,222,42],"value":{"type":"literal","literal":"M3"}}]}}}}]}}]}}]}},{"range":[224,19,224,40],"value":{"type":"application","application":[{"range":[224,19,224,21],"value":{"type":"functionOrValue","functionOrValue":{"moduleName":[],"name":"el"}}},{"range":[224,22,224,24],"value":{"type":"list","list":[]}},{"range":[224,25,224,40],"value":{"type":"parenthesized","parenthesized":{"range":[224,26,224,39],"value":{"type":"application","application":[{"range":[224,26,224,30],"value":{"type":"functionOrValue","functionOrValue":{"moduleName":[],"name":"text"}}},{"range":[224,31,224,39],"value":{"type":"literal","literal":"Bottom"}}]}}}}]}}]}}]}}]}}]}}}}}}},{"range":[228,1,234,14],"value":{"type":"function","function":{"documentation":null,"signature":{"range":[228,1,228,22],"value":{"name":{"range":[228,1,228,9],"value":"myRow333"},"typeAnnotation":{"range":[228,11,228,22],"value":{"type":"typed","typed":{"moduleNameAndName":{"range":[228,11,228,18],"value":{"moduleName":[],"name":"Element"}},"args":[{"range":[228,19,228,22],"value":{"type":"generic","generic":{"value":"msg"}}}]}}}}},"declaration":{"range":[229,1,234,14],"value":{"name":{"range":[229,1,229,9],"value":"myRow333"},"arguments":[],"expression":{"range":[229,12,234,14],"value":{"type":"application","application":[{"range":[229,12,229,15],"value":{"type":"functionOrValue","functionOrValue":{"moduleName":[],"name":"row"}}},{"range":[230,13,230,16],"value":{"type":"list","list":[]}},{"range":[231,13,234,14],"value":{"type":"list","list":[{"range":[231,15,233,95],"value":{"type":"application","application":[{"range":[231,15,231,20],"value":{"type":"functionOrValue","functionOrValue":{"moduleName":[],"name":"image"}}},{"range":[232,17,232,34],"value":{"type":"list","list":[{"range":[232,19,232,32],"value":{"type":"application","application":[{"range":[232,19,232,24],"value":{"type":"functionOrValue","functionOrValue":{"moduleName":[],"name":"width"}}},{"range":[232,25,232,32],"value":{"type":"parenthesized","parenthesized":{"range":[232,26,232,31],"value":{"type":"application","application":[{"range":[232,26,232,28],"value":{"type":"functionOrValue","functionOrValue":{"moduleName":[],"name":"px"}}},{"range":[232,29,232,31],"value":{"type":"integer","integer":80}}]}}}}]}}]}},{"range":[233,17,233,95],"value":{"type":"record","record":[{"range":[233,19,233,71],"value":{"field":{"range":[233,19,233,22],"value":"src"},"expression":{"range":[233,25,233,71],"value":{"type":"literal","literal":"http://localhost:3200/SaiAuLogo.c8014053.png"}}}},{"range":[233,73,233,94],"value":{"field":{"range":[233,73,233,84],"value":"description"},"expression":{"range":[233,87,233,94],"value":{"type":"literal","literal":"HELLO"}}}}]}}]}}]}}]}}}}}}},{"range":[236,1,269,6],"value":{"type":"function","function":{"documentation":null,"signature":{"range":[236,1,236,20],"value":{"name":{"range":[236,1,236,7],"value":"myRow1"},"typeAnnotation":{"range":[236,9,236,20],"value":{"type":"typed","typed":{"moduleNameAndName":{"range":[236,9,236,16],"value":{"moduleName":[],"name":"Element"}},"args":[{"range":[236,17,236,20],"value":{"type":"generic","generic":{"value":"msg"}}}]}}}}},"declaration":{"range":[237,1,269,6],"value":{"name":{"range":[237,1,237,7],"value":"myRow1"},"arguments":[],"expression":{"range":[237,10,269,6],"value":{"type":"application","application":[{"range":[237,10,237,16],"value":{"type":"functionOrValue","functionOrValue":{"moduleName":[],"name":"column"}}},{"range":[238,5,238,30],"value":{"type":"list","list":[{"range":[238,7,238,17],"value":{"type":"application","application":[{"range":[238,7,238,14],"value":{"type":"functionOrValue","functionOrValue":{"moduleName":[],"name":"spacing"}}},{"range":[238,15,238,17],"value":{"type":"integer","integer":20}}]}},{"range":[238,19,238,29],"value":{"type":"application","application":[{"range":[238,19,238,26],"value":{"type":"functionOrValue","functionOrValue":{"moduleName":[],"name":"padding"}}},{"range":[238,27,238,29],"value":{"type":"integer","integer":32}}]}}]}},{"range":[239,5,269,6],"value":{"type":"list","list":[{"range":[240,9,240,62],"value":{"type":"application","application":[{"range":[240,9,240,11],"value":{"type":"functionOrValue","functionOrValue":{"moduleName":[],"name":"el"}}},{"range":[240,12,240,42],"value":{"type":"list","list":[{"range":[240,14,240,41],"value":{"type":"application","application":[{"range":[240,14,240,20],"value":{"type":"functionOrValue","functionOrValue":{"moduleName":[],"name":"onLeft"}}},{"range":[240,21,240,41],"value":{"type":"parenthesized","parenthesized":{"range":[240,22,240,40],"value":{"type":"application","application":[{"range":[240,22,240,26],"value":{"type":"functionOrValue","functionOrValue":{"moduleName":[],"name":"text"}}},{"range":[240,27,240,40],"value":{"type":"literal","literal":"I'm bellow!"}}]}}}}]}}]}},{"range":[240,43,240,62],"value":{"type":"parenthesized","parenthesized":{"range":[240,44,240,61],"value":{"type":"application","application":[{"range":[240,44,240,48],"value":{"type":"functionOrValue","functionOrValue":{"moduleName":[],"name":"text"}}},{"range":[240,49,240,61],"value":{"type":"literal","literal":"I'm normal"}}]}}}}]}},{"range":[241,11,243,31],"value":{"type":"application","application":[{"range":[241,11,241,13],"value":{"type":"functionOrValue","functionOrValue":{"moduleName":[],"name":"el"}}},{"range":[241,14,242,14],"value":{"type":"list","list":[]}},{"range":[243,13,243,31],"value":{"type":"parenthesized","parenthesized":{"range":[243,14,243,30],"value":{"type":"application","application":[{"range":[243,14,243,18],"value":{"type":"functionOrValue","functionOrValue":{"moduleName":[],"name":"text"}}},{"range":[243,19,243,30],"value":{"type":"literal","literal":"test none"}}]}}}}]}},{"range":[244,11,247,32],"value":{"type":"application","application":[{"range":[244,11,244,13],"value":{"type":"functionOrValue","functionOrValue":{"moduleName":[],"name":"el"}}},{"range":[244,14,246,14],"value":{"type":"list","list":[{"range":[245,13,245,69],"value":{"type":"application","application":[{"range":[245,13,245,20],"value":{"type":"functionOrValue","functionOrValue":{"moduleName":[],"name":"inFront"}}},{"range":[245,21,245,23],"value":{"type":"operator","operator":"<|"}},{"range":[245,24,245,26],"value":{"type":"functionOrValue","functionOrValue":{"moduleName":[],"name":"el"}}},{"range":[245,27,245,64],"value":{"type":"list","list":[{"range":[245,29,245,39],"value":{"type":"application","application":[{"range":[245,29,245,36],"value":{"type":"functionOrValue","functionOrValue":{"moduleName":[],"name":"padding"}}},{"range":[245,37,245,39],"value":{"type":"integer","integer":10}}]}},{"range":[245,41,245,62],"value":{"type":"application","application":[{"range":[245,41,245,57],"value":{"type":"functionOrValue","functionOrValue":{"moduleName":["Background"],"name":"color"}}},{"range":[245,58,245,62],"value":{"type":"functionOrValue","functionOrValue":{"moduleName":[],"name":"blue"}}}]}}]}},{"range":[245,65,245,69],"value":{"type":"functionOrValue","functionOrValue":{"moduleName":[],"name":"none"}}}]}}]}},{"range":[247,13,247,32],"value":{"type":"parenthesized","parenthesized":{"range":[247,14,247,31],"value":{"type":"application","application":[{"range":[247,14,247,18],"value":{"type":"functionOrValue","functionOrValue":{"moduleName":[],"name":"text"}}},{"range":[247,19,247,31],"value":{"type":"literal","literal":"test front"}}]}}}}]}},{"range":[248,11,251,33],"value":{"type":"application","application":[{"range":[248,11,248,13],"value":{"type":"functionOrValue","functionOrValue":{"moduleName":[],"name":"el"}}},{"range":[248,14,250,14],"value":{"type":"list","list":[{"range":[249,13,249,75],"value":{"type":"application","application":[{"range":[249,13,249,26],"value":{"type":"functionOrValue","functionOrValue":{"moduleName":[],"name":"behindContent"}}},{"range":[249,27,249,29],"value":{"type":"operator","operator":"<|"}},{"range":[249,30,249,32],"value":{"type":"functionOrValue","functionOrValue":{"moduleName":[],"name":"el"}}},{"range":[249,33,249,70],"value":{"type":"list","list":[{"range":[249,35,249,45],"value":{"type":"application","application":[{"range":[249,35,249,42],"value":{"type":"functionOrValue","functionOrValue":{"moduleName":[],"name":"padding"}}},{"range":[249,43,249,45],"value":{"type":"integer","integer":10}}]}},{"range":[249,47,249,68],"value":{"type":"application","application":[{"range":[249,47,249,63],"value":{"type":"functionOrValue","functionOrValue":{"moduleName":["Background"],"name":"color"}}},{"range":[249,64,249,68],"value":{"type":"functionOrValue","functionOrValue":{"moduleName":[],"name":"blue"}}}]}}]}},{"range":[249,71,249,75],"value":{"type":"functionOrValue","functionOrValue":{"moduleName":[],"name":"none"}}}]}}]}},{"range":[251,13,251,33],"value":{"type":"parenthesized","parenthesized":{"range":[251,14,251,32],"value":{"type":"application","application":[{"range":[251,14,251,18],"value":{"type":"functionOrValue","functionOrValue":{"moduleName":[],"name":"text"}}},{"range":[251,19,251,32],"value":{"type":"literal","literal":"test behind"}}]}}}}]}},{"range":[252,11,255,31],"value":{"type":"application","application":[{"range":[252,11,252,13],"value":{"type":"functionOrValue","functionOrValue":{"moduleName":[],"name":"el"}}},{"range":[252,14,254,14],"value":{"type":"list","list":[{"range":[253,13,253,68],"value":{"type":"application","application":[{"range":[253,13,253,19],"value":{"type":"functionOrValue","functionOrValue":{"moduleName":[],"name":"onLeft"}}},{"range":[253,20,253,22],"value":{"type":"operator","operator":"<|"}},{"range":[253,23,253,25],"value":{"type":"functionOrValue","functionOrValue":{"moduleName":[],"name":"el"}}},{"range":[253,26,253,63],"value":{"type":"list","list":[{"range":[253,28,253,38],"value":{"type":"application","application":[{"range":[253,28,253,35],"value":{"type":"functionOrValue","functionOrValue":{"moduleName":[],"name":"padding"}}},{"range":[253,36,253,38],"value":{"type":"integer","integer":10}}]}},{"range":[253,40,253,61],"value":{"type":"application","application":[{"range":[253,40,253,56],"value":{"type":"functionOrValue","functionOrValue":{"moduleName":["Background"],"name":"color"}}},{"range":[253,57,253,61],"value":{"type":"functionOrValue","functionOrValue":{"moduleName":[],"name":"blue"}}}]}}]}},{"range":[253,64,253,68],"value":{"type":"functionOrValue","functionOrValue":{"moduleName":[],"name":"none"}}}]}}]}},{"range":[255,13,255,31],"value":{"type":"parenthesized","parenthesized":{"range":[255,14,255,30],"value":{"type":"application","application":[{"range":[255,14,255,18],"value":{"type":"functionOrValue","functionOrValue":{"moduleName":[],"name":"text"}}},{"range":[255,19,255,30],"value":{"type":"literal","literal":"test left"}}]}}}}]}},{"range":[256,11,259,32],"value":{"type":"application","application":[{"range":[256,11,256,13],"value":{"type":"functionOrValue","functionOrValue":{"moduleName":[],"name":"el"}}},{"range":[256,14,258,14],"value":{"type":"list","list":[{"range":[257,13,257,69],"value":{"type":"application","application":[{"range":[257,13,257,20],"value":{"type":"functionOrValue","functionOrValue":{"moduleName":[],"name":"onRight"}}},{"range":[257,21,257,23],"value":{"type":"operator","operator":"<|"}},{"range":[257,24,257,26],"value":{"type":"functionOrValue","functionOrValue":{"moduleName":[],"name":"el"}}},{"range":[257,27,257,64],"value":{"type":"list","list":[{"range":[257,29,257,39],"value":{"type":"application","application":[{"range":[257,29,257,36],"value":{"type":"functionOrValue","functionOrValue":{"moduleName":[],"name":"padding"}}},{"range":[257,37,257,39],"value":{"type":"integer","integer":10}}]}},{"range":[257,41,257,62],"value":{"type":"application","application":[{"range":[257,41,257,57],"value":{"type":"functionOrValue","functionOrValue":{"moduleName":["Background"],"name":"color"}}},{"range":[257,58,257,62],"value":{"type":"functionOrValue","functionOrValue":{"moduleName":[],"name":"blue"}}}]}}]}},{"range":[257,65,257,69],"value":{"type":"functionOrValue","functionOrValue":{"moduleName":[],"name":"none"}}}]}}]}},{"range":[259,13,259,32],"value":{"type":"parenthesized","parenthesized":{"range":[259,14,259,31],"value":{"type":"application","application":[{"range":[259,14,259,18],"value":{"type":"functionOrValue","functionOrValue":{"moduleName":[],"name":"text"}}},{"range":[259,19,259,31],"value":{"type":"literal","literal":"test right"}}]}}}}]}},{"range":[260,11,263,32],"value":{"type":"application","application":[{"range":[260,11,260,13],"value":{"type":"functionOrValue","functionOrValue":{"moduleName":[],"name":"el"}}},{"range":[260,14,262,14],"value":{"type":"list","list":[{"range":[261,13,261,67],"value":{"type":"application","application":[{"range":[261,13,261,18],"value":{"type":"functionOrValue","functionOrValue":{"moduleName":[],"name":"above"}}},{"range":[261,19,261,21],"value":{"type":"operator","operator":"<|"}},{"range":[261,22,261,24],"value":{"type":"functionOrValue","functionOrValue":{"moduleName":[],"name":"el"}}},{"range":[261,25,261,62],"value":{"type":"list","list":[{"range":[261,27,261,37],"value":{"type":"application","application":[{"range":[261,27,261,34],"value":{"type":"functionOrValue","functionOrValue":{"moduleName":[],"name":"padding"}}},{"range":[261,35,261,37],"value":{"type":"integer","integer":10}}]}},{"range":[261,39,261,60],"value":{"type":"application","application":[{"range":[261,39,261,55],"value":{"type":"functionOrValue","functionOrValue":{"moduleName":["Background"],"name":"color"}}},{"range":[261,56,261,60],"value":{"type":"functionOrValue","functionOrValue":{"moduleName":[],"name":"blue"}}}]}}]}},{"range":[261,63,261,67],"value":{"type":"functionOrValue","functionOrValue":{"moduleName":[],"name":"none"}}}]}}]}},{"range":[263,13,263,32],"value":{"type":"parenthesized","parenthesized":{"range":[263,14,263,31],"value":{"type":"application","application":[{"range":[263,14,263,18],"value":{"type":"functionOrValue","functionOrValue":{"moduleName":[],"name":"text"}}},{"range":[263,19,263,31],"value":{"type":"literal","literal":"test above"}}]}}}}]}},{"range":[264,11,267,32],"value":{"type":"application","application":[{"range":[264,11,264,13],"value":{"type":"functionOrValue","functionOrValue":{"moduleName":[],"name":"el"}}},{"range":[264,14,266,14],"value":{"type":"list","list":[{"range":[265,13,265,67],"value":{"type":"application","application":[{"range":[265,13,265,18],"value":{"type":"functionOrValue","functionOrValue":{"moduleName":[],"name":"below"}}},{"range":[265,19,265,21],"value":{"type":"operator","operator":"<|"}},{"range":[265,22,265,24],"value":{"type":"functionOrValue","functionOrValue":{"moduleName":[],"name":"el"}}},{"range":[265,25,265,62],"value":{"type":"list","list":[{"range":[265,27,265,37],"value":{"type":"application","application":[{"range":[265,27,265,34],"value":{"type":"functionOrValue","functionOrValue":{"moduleName":[],"name":"padding"}}},{"range":[265,35,265,37],"value":{"type":"integer","integer":10}}]}},{"range":[265,39,265,60],"value":{"type":"application","application":[{"range":[265,39,265,55],"value":{"type":"functionOrValue","functionOrValue":{"moduleName":["Background"],"name":"color"}}},{"range":[265,56,265,60],"value":{"type":"functionOrValue","functionOrValue":{"moduleName":[],"name":"blue"}}}]}}]}},{"range":[265,63,265,67],"value":{"type":"functionOrValue","functionOrValue":{"moduleName":[],"name":"none"}}}]}}]}},{"range":[267,13,267,32],"value":{"type":"parenthesized","parenthesized":{"range":[267,14,267,31],"value":{"type":"application","application":[{"range":[267,14,267,18],"value":{"type":"functionOrValue","functionOrValue":{"moduleName":[],"name":"text"}}},{"range":[267,19,267,31],"value":{"type":"literal","literal":"test below"}}]}}}}]}}]}}]}}}}}}},{"range":[271,1,279,6],"value":{"type":"function","function":{"documentation":null,"signature":{"range":[271,1,271,19],"value":{"name":{"range":[271,1,271,6],"value":"myCol"},"typeAnnotation":{"range":[271,8,271,19],"value":{"type":"typed","typed":{"moduleNameAndName":{"range":[271,8,271,15],"value":{"moduleName":[],"name":"Element"}},"args":[{"range":[271,16,271,19],"value":{"type":"generic","generic":{"value":"msg"}}}]}}}}},"declaration":{"range":[272,1,279,6],"value":{"name":{"range":[272,1,272,6],"value":"myCol"},"arguments":[],"expression":{"range":[272,9,279,6],"value":{"type":"application","application":[{"range":[272,9,272,15],"value":{"type":"functionOrValue","functionOrValue":{"moduleName":[],"name":"column"}}},{"range":[272,16,275,6],"value":{"type":"list","list":[{"range":[273,5,273,15],"value":{"type":"application","application":[{"range":[273,5,273,10],"value":{"type":"functionOrValue","functionOrValue":{"moduleName":[],"name":"width"}}},{"range":[273,11,273,15],"value":{"type":"functionOrValue","functionOrValue":{"moduleName":[],"name":"fill"}}}]}},{"range":[274,7,274,18],"value":{"type":"application","application":[{"range":[274,7,274,13],"value":{"type":"functionOrValue","functionOrValue":{"moduleName":[],"name":"height"}}},{"range":[274,14,274,18],"value":{"type":"functionOrValue","functionOrValue":{"moduleName":[],"name":"fill"}}}]}}]}},{"range":[276,5,279,6],"value":{"type":"list","list":[{"range":[276,7,276,33],"value":{"type":"application","application":[{"range":[276,7,276,9],"value":{"type":"functionOrValue","functionOrValue":{"moduleName":[],"name":"el"}}},{"range":[276,10,276,12],"value":{"type":"list","list":[]}},{"range":[276,13,276,33],"value":{"type":"parenthesized","parenthesized":{"range":[276,14,276,32],"value":{"type":"application","application":[{"range":[276,14,276,18],"value":{"type":"functionOrValue","functionOrValue":{"moduleName":[],"name":"text"}}},{"range":[276,19,276,32],"value":{"type":"literal","literal":"HELLO WORLD"}}]}}}}]}},{"range":[277,7,277,42],"value":{"type":"application","application":[{"range":[277,7,277,9],"value":{"type":"functionOrValue","functionOrValue":{"moduleName":[],"name":"el"}}},{"range":[277,10,277,28],"value":{"type":"list","list":[{"range":[277,11,277,18],"value":{"type":"functionOrValue","functionOrValue":{"moduleName":[],"name":"centerY"}}},{"range":[277,20,277,27],"value":{"type":"functionOrValue","functionOrValue":{"moduleName":[],"name":"centerX"}}}]}},{"range":[277,29,277,42],"value":{"type":"parenthesized","parenthesized":{"range":[277,30,277,41],"value":{"type":"application","application":[{"range":[277,30,277,34],"value":{"type":"functionOrValue","functionOrValue":{"moduleName":[],"name":"text"}}},{"range":[277,35,277,41],"value":{"type":"literal","literal":"COOL"}}]}}}}]}},{"range":[278,7,278,25],"value":{"type":"application","application":[{"range":[278,7,278,9],"value":{"type":"functionOrValue","functionOrValue":{"moduleName":[],"name":"el"}}},{"range":[278,10,278,12],"value":{"type":"list","list":[]}},{"range":[278,13,278,25],"value":{"type":"parenthesized","parenthesized":{"range":[278,14,278,24],"value":{"type":"application","application":[{"range":[278,14,278,18],"value":{"type":"functionOrValue","functionOrValue":{"moduleName":[],"name":"text"}}},{"range":[278,19,278,24],"value":{"type":"literal","literal":"MAN"}}]}}}}]}}]}}]}}}}}}},{"range":[282,1,293,6],"value":{"type":"function","function":{"documentation":null,"signature":{"range":[282,1,282,19],"value":{"name":{"range":[282,1,282,6],"value":"myRow"},"typeAnnotation":{"range":[282,8,282,19],"value":{"type":"typed","typed":{"moduleNameAndName":{"range":[282,8,282,15],"value":{"moduleName":[],"name":"Element"}},"args":[{"range":[282,16,282,19],"value":{"type":"generic","generic":{"value":"msg"}}}]}}}}},"declaration":{"range":[283,1,293,6],"value":{"name":{"range":[283,1,283,6],"value":"myRow"},"arguments":[],"expression":{"range":[283,9,293,6],"value":{"type":"application","application":[{"range":[283,9,283,12],"value":{"type":"functionOrValue","functionOrValue":{"moduleName":[],"name":"row"}}},{"range":[284,5,284,35],"value":{"type":"list","list":[{"range":[284,6,284,13],"value":{"type":"functionOrValue","functionOrValue":{"moduleName":[],"name":"centerX"}}},{"range":[284,15,284,22],"value":{"type":"functionOrValue","functionOrValue":{"moduleName":[],"name":"centerY"}}},{"range":[284,24,284,34],"value":{"type":"application","application":[{"range":[284,24,284,31],"value":{"type":"functionOrValue","functionOrValue":{"moduleName":[],"name":"spacing"}}},{"range":[284,32,284,34],"value":{"type":"integer","integer":10}}]}}]}},{"range":[285,5,293,6],"value":{"type":"list","list":[{"range":[285,7,285,16],"value":{"type":"functionOrValue","functionOrValue":{"moduleName":[],"name":"myElement"}}},{"range":[286,7,286,25],"value":{"type":"application","application":[{"range":[286,7,286,10],"value":{"type":"functionOrValue","functionOrValue":{"moduleName":[],"name":"row"}}},{"range":[286,11,286,13],"value":{"type":"list","list":[]}},{"range":[286,14,286,25],"value":{"type":"list","list":[{"range":[286,15,286,24],"value":{"type":"functionOrValue","functionOrValue":{"moduleName":[],"name":"myElement"}}}]}}]}},{"range":[287,7,291,38],"value":{"type":"application","application":[{"range":[287,7,287,13],"value":{"type":"functionOrValue","functionOrValue":{"moduleName":[],"name":"column"}}},{"range":[288,9,290,10],"value":{"type":"list","list":[{"range":[289,9,289,19],"value":{"type":"application","application":[{"range":[289,9,289,14],"value":{"type":"functionOrValue","functionOrValue":{"moduleName":[],"name":"width"}}},{"range":[289,15,289,19],"value":{"type":"functionOrValue","functionOrValue":{"moduleName":[],"name":"fill"}}}]}}]}},{"range":[291,9,291,38],"value":{"type":"list","list":[{"range":[291,11,291,37],"value":{"type":"application","application":[{"range":[291,11,291,20],"value":{"type":"functionOrValue","functionOrValue":{"moduleName":[],"name":"paragraph"}}},{"range":[291,21,291,23],"value":{"type":"list","list":[]}},{"range":[291,24,291,37],"value":{"type":"list","list":[{"range":[291,26,291,36],"value":{"type":"application","application":[{"range":[291,26,291,30],"value":{"type":"functionOrValue","functionOrValue":{"moduleName":[],"name":"text"}}},{"range":[291,31,291,36],"value":{"type":"functionOrValue","functionOrValue":{"moduleName":[],"name":"title"}}}]}}]}}]}}]}}]}},{"range":[292,7,292,16],"value":{"type":"functionOrValue","functionOrValue":{"moduleName":[],"name":"myElement"}}}]}}]}}}}}}},{"range":[295,1,309,26],"value":{"type":"function","function":{"documentation":null,"signature":{"range":[295,1,295,24],"value":{"name":{"range":[295,1,295,10],"value":"myElement"},"typeAnnotation":{"range":[295,13,295,24],"value":{"type":"typed","typed":{"moduleNameAndName":{"range":[295,13,295,20],"value":{"moduleName":[],"name":"Element"}},"args":[{"range":[295,21,295,24],"value":{"type":"generic","generic":{"value":"msg"}}}]}}}}},"declaration":{"range":[296,1,309,26],"value":{"name":{"range":[296,1,296,10],"value":"myElement"},"arguments":[],"expression":{"range":[297,5,309,26],"value":{"type":"application","application":[{"range":[297,5,297,7],"value":{"type":"functionOrValue","functionOrValue":{"moduleName":[],"name":"el"}}},{"range":[298,9,308,10],"value":{"type":"list","list":[{"range":[298,11,298,27],"value":{"type":"application","application":[{"range":[298,11,298,25],"value":{"type":"functionOrValue","functionOrValue":{"moduleName":["Border"],"name":"rounded"}}},{"range":[298,26,298,27],"value":{"type":"integer","integer":4}}]}},{"range":[300,11,300,31],"value":{"type":"application","application":[{"range":[300,11,300,27],"value":{"type":"functionOrValue","functionOrValue":{"moduleName":["Background"],"name":"image"}}},{"range":[300,28,300,31],"value":{"type":"functionOrValue","functionOrValue":{"moduleName":[],"name":"url"}}}]}},{"range":[301,11,301,42],"value":{"type":"application","application":[{"range":[301,11,301,21],"value":{"type":"functionOrValue","functionOrValue":{"moduleName":["Font"],"name":"color"}}},{"range":[301,22,301,42],"value":{"type":"parenthesized","parenthesized":{"range":[301,23,301,41],"value":{"type":"application","application":[{"range":[301,23,301,29],"value":{"type":"functionOrValue","functionOrValue":{"moduleName":[],"name":"rgb255"}}},{"range":[301,30,301,33],"value":{"type":"integer","integer":255}},{"range":[301,34,301,37],"value":{"type":"integer","integer":255}},{"range":[301,38,301,41],"value":{"type":"integer","integer":255}}]}}}}]}},{"range":[303,11,303,25],"value":{"type":"application","application":[{"range":[303,11,303,16],"value":{"type":"functionOrValue","functionOrValue":{"moduleName":[],"name":"width"}}},{"range":[303,17,303,19],"value":{"type":"operator","operator":"<|"}},{"range":[303,20,303,22],"value":{"type":"functionOrValue","functionOrValue":{"moduleName":[],"name":"px"}}},{"range":[303,23,303,25],"value":{"type":"integer","integer":80}}]}},{"range":[304,11,304,26],"value":{"type":"application","application":[{"range":[304,11,304,17],"value":{"type":"functionOrValue","functionOrValue":{"moduleName":[],"name":"height"}}},{"range":[304,18,304,20],"value":{"type":"operator","operator":"<|"}},{"range":[304,21,304,23],"value":{"type":"functionOrValue","functionOrValue":{"moduleName":[],"name":"px"}}},{"range":[304,24,304,26],"value":{"type":"integer","integer":80}}]}}]}},{"range":[309,9,309,26],"value":{"type":"parenthesized","parenthesized":{"range":[309,10,309,25],"value":{"type":"application","application":[{"range":[309,10,309,14],"value":{"type":"functionOrValue","functionOrValue":{"moduleName":[],"name":"text"}}},{"range":[309,15,309,25],"value":{"type":"literal","literal":"stylish!"}}]}}}}]}}}}}}}],"comments":[{"range":[307,9,307,20],"value":"--, centerY"},{"range":[306,9,306,20],"value":"--, centerX"},{"range":[305,9,305,23],"value":"--, width fill"},{"range":[302,9,302,23],"value":"--, padding 80"},{"range":[299,9,299,48],"value":"--, Background.color (rgb255 10 160 10)"},{"range":[163,21,163,32],"value":"--, centerY"},{"range":[162,21,162,32],"value":"--, centerX"},{"range":[161,21,161,35],"value":"--, width fill"},{"range":[158,21,158,35],"value":"--, padding 80"},{"range":[155,21,155,60],"value":"--, Background.color (rgb255 10 160 10)"},{"range":[139,21,139,32],"value":"--, centerY"},{"range":[138,21,138,32],"value":"--, centerX"},{"range":[137,21,137,35],"value":"--, width fill"},{"range":[134,21,134,35],"value":"--, padding 80"},{"range":[131,21,131,60],"value":"--, Background.color (rgb255 10 160 10)"},{"range":[118,21,118,32],"value":"--, centerY"},{"range":[117,21,117,32],"value":"--, centerX"},{"range":[116,21,116,35],"value":"--, width fill"},{"range":[113,21,113,35],"value":"--, padding 80"},{"range":[110,21,110,60],"value":"--, Background.color (rgb255 10 160 10)"},{"range":[109,21,109,35],"value":"--, alignRight"},{"range":[42,9,42,31],"value":"--inFront <| myFronCol"},{"range":[8,1,8,9],"value":"--     )"},{"range":[7,1,7,24],"value":"--     centerX, maximum"},{"range":[6,1,6,61],"value":"--     width, height, px, rgb255, spacing, centerY, padding,"},{"range":[5,1,5,69],"value":"--     Element, el, text, row, column, paragraph, alignRight, fill, "},{"range":[4,1,4,29],"value":"-- import Element exposing ("}]}