{"moduleDefinition":{"range":[2,1,2,30],"value":{"type":"normal","normal":{"moduleName":{"range":[2,8,2,16],"value":["TestHTTP"]},"exposingList":{"range":[2,17,2,30],"value":{"type":"all","all":[2,27,2,29]}}}}},"imports":[{"range":[4,1,4,15],"value":{"moduleName":{"range":[4,8,4,15],"value":["Browser"]},"moduleAlias":null,"exposingList":null}},{"range":[5,1,5,53],"value":{"moduleName":{"range":[5,8,5,12],"value":["Html"]},"moduleAlias":null,"exposingList":{"range":[5,13,5,53],"value":{"type":"explicit","explicit":[{"range":[5,23,5,27],"value":{"type":"typeOrAlias","typeOrAlias":{"name":"Html"}}},{"range":[5,29,5,33],"value":{"type":"function","function":{"name":"text"}}},{"range":[5,36,5,39],"value":{"type":"function","function":{"name":"pre"}}},{"range":[5,41,5,44],"value":{"type":"function","function":{"name":"div"}}},{"range":[5,46,5,52],"value":{"type":"function","function":{"name":"button"}}}]}}}},{"range":[6,1,6,12],"value":{"moduleName":{"range":[6,8,6,12],"value":["Http"]},"moduleAlias":null,"exposingList":null}},{"range":[7,1,7,38],"value":{"moduleName":{"range":[7,8,7,19],"value":["Html","Events"]},"moduleAlias":null,"exposingList":{"range":[7,20,7,38],"value":{"type":"explicit","explicit":[{"range":[7,30,7,37],"value":{"type":"function","function":{"name":"onClick"}}}]}}}}],"declarations":[{"range":[9,1,9,100],"value":{"type":"function","function":{"documentation":null,"signature":null,"declaration":{"range":[9,1,9,100],"value":{"name":{"range":[9,1,9,5],"value":"main"},"arguments":[],"expression":{"range":[9,8,9,100],"value":{"type":"application","application":[{"range":[9,8,9,23],"value":{"type":"functionOrValue","functionOrValue":{"moduleName":["Browser"],"name":"element"}}},{"range":[9,24,9,100],"value":{"type":"record","record":[{"range":[9,26,9,37],"value":{"field":{"range":[9,26,9,30],"value":"init"},"expression":{"range":[9,33,9,37],"value":{"type":"functionOrValue","functionOrValue":{"moduleName":[],"name":"init"}}}}},{"range":[9,39,9,54],"value":{"field":{"range":[9,39,9,45],"value":"update"},"expression":{"range":[9,48,9,54],"value":{"type":"functionOrValue","functionOrValue":{"moduleName":[],"name":"update"}}}}},{"range":[9,56,9,85],"value":{"field":{"range":[9,56,9,69],"value":"subscriptions"},"expression":{"range":[9,72,9,85],"value":{"type":"functionOrValue","functionOrValue":{"moduleName":[],"name":"subscriptions"}}}}},{"range":[9,87,9,99],"value":{"field":{"range":[9,87,9,91],"value":"view"},"expression":{"range":[9,94,9,98],"value":{"type":"functionOrValue","functionOrValue":{"moduleName":[],"name":"view"}}}}}]}}]}}}}}}},{"range":[11,1,11,49],"value":{"type":"typedecl","typedecl":{"documentation":null,"name":{"range":[11,6,11,11],"value":"Model"},"generics":[],"constructors":[{"range":[11,14,11,21],"value":{"name":{"range":[11,14,11,21],"value":"Failure"},"arguments":[]}},{"range":[11,24,11,31],"value":{"name":{"range":[11,24,11,31],"value":"Loading"},"arguments":[]}},{"range":[11,35,11,49],"value":{"name":{"range":[11,35,11,42],"value":"Success"},"arguments":[{"range":[11,43,11,49],"value":{"type":"typed","typed":{"moduleNameAndName":{"range":[11,43,11,49],"value":{"moduleName":[],"name":"String"}},"args":[]}}}]}}]}}},{"range":[14,1,16,24],"value":{"type":"function","function":{"documentation":null,"signature":{"range":[14,1,14,30],"value":{"name":{"range":[14,1,14,5],"value":"init"},"typeAnnotation":{"range":[14,8,14,30],"value":{"type":"function","function":{"left":{"range":[14,8,14,10],"value":{"type":"unit","unit":{}}},"right":{"range":[14,14,14,30],"value":{"type":"tupled","tupled":{"values":[{"range":[14,15,14,20],"value":{"type":"typed","typed":{"moduleNameAndName":{"range":[14,15,14,20],"value":{"moduleName":[],"name":"Model"}},"args":[]}}},{"range":[14,22,14,29],"value":{"type":"typed","typed":{"moduleNameAndName":{"range":[14,22,14,25],"value":{"moduleName":[],"name":"Cmd"}},"args":[{"range":[14,26,14,29],"value":{"type":"typed","typed":{"moduleNameAndName":{"range":[14,26,14,29],"value":{"moduleName":[],"name":"Msg"}},"args":[]}}}]}}}]}}}}}}}},"declaration":{"range":[15,1,16,24],"value":{"name":{"range":[15,1,15,5],"value":"init"},"arguments":[{"range":[15,6,15,7],"value":{"type":"all","all":{}}}],"expression":{"range":[16,5,16,24],"value":{"type":"tupled","tupled":[{"range":[16,6,16,13],"value":{"type":"functionOrValue","functionOrValue":{"moduleName":[],"name":"Loading"}}},{"range":[16,15,16,23],"value":{"type":"functionOrValue","functionOrValue":{"moduleName":["Cmd"],"name":"none"}}}]}}}}}}},{"range":[18,1,20,41],"value":{"type":"typedecl","typedecl":{"documentation":null,"name":{"range":[18,6,18,9],"value":"Msg"},"generics":[],"constructors":[{"range":[19,7,19,18],"value":{"name":{"range":[19,7,19,11],"value":"Load"},"arguments":[{"range":[19,12,19,18],"value":{"type":"typed","typed":{"moduleNameAndName":{"range":[19,12,19,18],"value":{"moduleName":[],"name":"String"}},"args":[]}}}]}},{"range":[20,7,20,41],"value":{"name":{"range":[20,7,20,14],"value":"GotText"},"arguments":[{"range":[20,15,20,41],"value":{"type":"typed","typed":{"moduleNameAndName":{"range":[20,16,20,22],"value":{"moduleName":[],"name":"Result"}},"args":[{"range":[20,23,20,33],"value":{"type":"typed","typed":{"moduleNameAndName":{"range":[20,23,20,33],"value":{"moduleName":["Http"],"name":"Error"}},"args":[]}}},{"range":[20,34,20,40],"value":{"type":"typed","typed":{"moduleNameAndName":{"range":[20,34,20,40],"value":{"moduleName":[],"name":"String"}},"args":[]}}}]}}}]}}]}}},{"range":[22,1,35,45],"value":{"type":"function","function":{"documentation":null,"signature":{"range":[22,1,22,41],"value":{"name":{"range":[22,1,22,7],"value":"update"},"typeAnnotation":{"range":[22,9,22,41],"value":{"type":"function","function":{"left":{"range":[22,9,22,12],"value":{"type":"typed","typed":{"moduleNameAndName":{"range":[22,9,22,12],"value":{"moduleName":[],"name":"Msg"}},"args":[]}}},"right":{"range":[22,16,22,41],"value":{"type":"function","function":{"left":{"range":[22,16,22,21],"value":{"type":"typed","typed":{"moduleNameAndName":{"range":[22,16,22,21],"value":{"moduleName":[],"name":"Model"}},"args":[]}}},"right":{"range":[22,25,22,41],"value":{"type":"tupled","tupled":{"values":[{"range":[22,26,22,31],"value":{"type":"typed","typed":{"moduleNameAndName":{"range":[22,26,22,31],"value":{"moduleName":[],"name":"Model"}},"args":[]}}},{"range":[22,33,22,40],"value":{"type":"typed","typed":{"moduleNameAndName":{"range":[22,33,22,36],"value":{"moduleName":[],"name":"Cmd"}},"args":[{"range":[22,37,22,40],"value":{"type":"typed","typed":{"moduleNameAndName":{"range":[22,37,22,40],"value":{"moduleName":[],"name":"Msg"}},"args":[]}}}]}}}]}}}}}}}}}}},"declaration":{"range":[23,1,35,45],"value":{"name":{"range":[23,1,23,7],"value":"update"},"arguments":[{"range":[23,8,23,11],"value":{"type":"var","var":{"value":"msg"}}},{"range":[23,12,23,17],"value":{"type":"var","var":{"value":"model"}}}],"expression":{"range":[24,5,35,45],"value":{"type":"case","case":{"cases":[{"pattern":{"range":[25,9,25,17],"value":{"type":"named","named":{"qualified":{"moduleName":[],"name":"Load"},"patterns":[{"range":[25,14,25,17],"value":{"type":"var","var":{"value":"url"}}}]}}},"expression":{"range":[26,13,31,14],"value":{"type":"tupled","tupled":[{"range":[26,14,26,21],"value":{"type":"functionOrValue","functionOrValue":{"moduleName":[],"name":"Loading"}}},{"range":[27,15,30,18],"value":{"type":"application","application":[{"range":[27,15,27,23],"value":{"type":"functionOrValue","functionOrValue":{"moduleName":["Http"],"name":"get"}}},{"range":[28,17,30,18],"value":{"type":"record","record":[{"range":[28,19,28,62],"value":{"field":{"range":[28,19,28,22],"value":"url"},"expression":{"range":[28,26,28,62],"value":{"type":"literal","literal":"http://localhost:8000/src/Form.elm"}}}},{"range":[29,19,30,17],"value":{"field":{"range":[29,19,29,25],"value":"expect"},"expression":{"range":[29,28,29,53],"value":{"type":"application","application":[{"range":[29,28,29,45],"value":{"type":"functionOrValue","functionOrValue":{"moduleName":["Http"],"name":"expectString"}}},{"range":[29,46,29,53],"value":{"type":"functionOrValue","functionOrValue":{"moduleName":[],"name":"GotText"}}}]}}}}]}}]}}]}}},{"pattern":{"range":[32,9,32,23],"value":{"type":"named","named":{"qualified":{"moduleName":[],"name":"GotText"},"patterns":[{"range":[32,17,32,23],"value":{"type":"var","var":{"value":"result"}}}]}}},"expression":{"range":[33,13,35,45],"value":{"type":"case","case":{"cases":[{"pattern":{"range":[34,17,34,28],"value":{"type":"named","named":{"qualified":{"moduleName":[],"name":"Ok"},"patterns":[{"range":[34,20,34,28],"value":{"type":"var","var":{"value":"fullText"}}}]}}},"expression":{"range":[34,32,34,60],"value":{"type":"tupled","tupled":[{"range":[34,33,34,49],"value":{"type":"application","application":[{"range":[34,33,34,40],"value":{"type":"functionOrValue","functionOrValue":{"moduleName":[],"name":"Success"}}},{"range":[34,41,34,49],"value":{"type":"functionOrValue","functionOrValue":{"moduleName":[],"name":"fullText"}}}]}},{"range":[34,51,34,59],"value":{"type":"functionOrValue","functionOrValue":{"moduleName":["Cmd"],"name":"none"}}}]}}},{"pattern":{"range":[35,17,35,22],"value":{"type":"named","named":{"qualified":{"moduleName":[],"name":"Err"},"patterns":[{"range":[35,21,35,22],"value":{"type":"all","all":{}}}]}}},"expression":{"range":[35,26,35,45],"value":{"type":"tupled","tupled":[{"range":[35,27,35,34],"value":{"type":"functionOrValue","functionOrValue":{"moduleName":[],"name":"Failure"}}},{"range":[35,36,35,44],"value":{"type":"functionOrValue","functionOrValue":{"moduleName":["Cmd"],"name":"none"}}}]}}}],"expression":{"range":[33,18,33,24],"value":{"type":"functionOrValue","functionOrValue":{"moduleName":[],"name":"result"}}}}}}}],"expression":{"range":[24,10,24,13],"value":{"type":"functionOrValue","functionOrValue":{"moduleName":[],"name":"msg"}}}}}}}}}}},{"range":[38,1,40,13],"value":{"type":"function","function":{"documentation":null,"signature":{"range":[38,1,38,33],"value":{"name":{"range":[38,1,38,14],"value":"subscriptions"},"typeAnnotation":{"range":[38,17,38,33],"value":{"type":"function","function":{"left":{"range":[38,17,38,22],"value":{"type":"typed","typed":{"moduleNameAndName":{"range":[38,17,38,22],"value":{"moduleName":[],"name":"Model"}},"args":[]}}},"right":{"range":[38,26,38,33],"value":{"type":"typed","typed":{"moduleNameAndName":{"range":[38,26,38,29],"value":{"moduleName":[],"name":"Sub"}},"args":[{"range":[38,30,38,33],"value":{"type":"typed","typed":{"moduleNameAndName":{"range":[38,30,38,33],"value":{"moduleName":[],"name":"Msg"}},"args":[]}}}]}}}}}}}},"declaration":{"range":[39,1,40,13],"value":{"name":{"range":[39,1,39,14],"value":"subscriptions"},"arguments":[{"range":[39,15,39,20],"value":{"type":"var","var":{"value":"model"}}}],"expression":{"range":[40,5,40,13],"value":{"type":"functionOrValue","functionOrValue":{"moduleName":["Sub"],"name":"none"}}}}}}}},{"range":[43,1,54,6],"value":{"type":"function","function":{"documentation":null,"signature":{"range":[43,1,43,24],"value":{"name":{"range":[43,1,43,5],"value":"view"},"typeAnnotation":{"range":[43,7,43,24],"value":{"type":"function","function":{"left":{"range":[43,7,43,12],"value":{"type":"typed","typed":{"moduleNameAndName":{"range":[43,7,43,12],"value":{"moduleName":[],"name":"Model"}},"args":[]}}},"right":{"range":[43,16,43,24],"value":{"type":"typed","typed":{"moduleNameAndName":{"range":[43,16,43,20],"value":{"moduleName":[],"name":"Html"}},"args":[{"range":[43,21,43,24],"value":{"type":"typed","typed":{"moduleNameAndName":{"range":[43,21,43,24],"value":{"moduleName":[],"name":"Msg"}},"args":[]}}}]}}}}}}}},"declaration":{"range":[44,1,54,6],"value":{"name":{"range":[44,1,44,5],"value":"view"},"arguments":[{"range":[44,6,44,11],"value":{"type":"var","var":{"value":"model"}}}],"expression":{"range":[45,5,54,6],"value":{"type":"application","application":[{"range":[45,5,45,8],"value":{"type":"functionOrValue","functionOrValue":{"moduleName":[],"name":"div"}}},{"range":[45,9,45,11],"value":{"type":"list","list":[]}},{"range":[45,12,54,6],"value":{"type":"list","list":[{"range":[46,9,46,83],"value":{"type":"application","application":[{"range":[46,9,46,15],"value":{"type":"functionOrValue","functionOrValue":{"moduleName":[],"name":"button"}}},{"range":[46,16,46,71],"value":{"type":"list","list":[{"range":[46,18,46,69],"value":{"type":"application","application":[{"range":[46,18,46,25],"value":{"type":"functionOrValue","functionOrValue":{"moduleName":[],"name":"onClick"}}},{"range":[46,26,46,69],"value":{"type":"parenthesized","parenthesized":{"range":[46,27,46,68],"value":{"type":"application","application":[{"range":[46,27,46,31],"value":{"type":"functionOrValue","functionOrValue":{"moduleName":[],"name":"Load"}}},{"range":[46,32,46,68],"value":{"type":"literal","literal":"http://localhost:8000/src/Form.elm"}}]}}}}]}}]}},{"range":[46,72,46,83],"value":{"type":"list","list":[{"range":[46,74,46,82],"value":{"type":"application","application":[{"range":[46,74,46,78],"value":{"type":"functionOrValue","functionOrValue":{"moduleName":[],"name":"text"}}},{"range":[46,79,46,82],"value":{"type":"literal","literal":"-"}}]}}]}}]}},{"range":[47,9,53,40],"value":{"type":"case","case":{"cases":[{"pattern":{"range":[48,13,48,20],"value":{"type":"named","named":{"qualified":{"moduleName":[],"name":"Failure"},"patterns":[]}}},"expression":{"range":[49,17,49,55],"value":{"type":"application","application":[{"range":[49,17,49,21],"value":{"type":"functionOrValue","functionOrValue":{"moduleName":[],"name":"text"}}},{"range":[49,22,49,55],"value":{"type":"literal","literal":"I was unable to load your book."}}]}}},{"pattern":{"range":[50,13,50,20],"value":{"type":"named","named":{"qualified":{"moduleName":[],"name":"Loading"},"patterns":[]}}},"expression":{"range":[51,17,51,35],"value":{"type":"application","application":[{"range":[51,17,51,21],"value":{"type":"functionOrValue","functionOrValue":{"moduleName":[],"name":"text"}}},{"range":[51,22,51,35],"value":{"type":"literal","literal":"Loading...."}}]}}},{"pattern":{"range":[52,13,52,29],"value":{"type":"named","named":{"qualified":{"moduleName":[],"name":"Success"},"patterns":[{"range":[52,21,52,29],"value":{"type":"var","var":{"value":"fullText"}}}]}}},"expression":{"range":[53,17,53,40],"value":{"type":"application","application":[{"range":[53,17,53,20],"value":{"type":"functionOrValue","functionOrValue":{"moduleName":[],"name":"pre"}}},{"range":[53,21,53,23],"value":{"type":"list","list":[]}},{"range":[53,24,53,40],"value":{"type":"list","list":[{"range":[53,26,53,39],"value":{"type":"application","application":[{"range":[53,26,53,30],"value":{"type":"functionOrValue","functionOrValue":{"moduleName":[],"name":"text"}}},{"range":[53,31,53,39],"value":{"type":"functionOrValue","functionOrValue":{"moduleName":[],"name":"fullText"}}}]}}]}}]}}}],"expression":{"range":[47,14,47,19],"value":{"type":"functionOrValue","functionOrValue":{"moduleName":[],"name":"model"}}}}}}]}}]}}}}}}}],"comments":[]}