{"moduleDefinition":{"range":[2,1,2,24],"value":{"type":"normal","normal":{"moduleName":{"range":[2,8,2,10],"value":["UI"]},"exposingList":{"range":[2,11,2,24],"value":{"type":"all","all":[2,21,2,23]}}}}},"imports":[{"range":[9,1,9,29],"value":{"moduleName":{"range":[9,8,9,15],"value":["Element"]},"moduleAlias":null,"exposingList":{"range":[9,16,9,29],"value":{"type":"all","all":[9,26,9,28]}}}},{"range":[10,1,10,40],"value":{"moduleName":{"range":[10,8,10,26],"value":["Element","Background"]},"moduleAlias":{"range":[10,30,10,40],"value":["Background"]},"exposingList":null}},{"range":[11,1,11,32],"value":{"moduleName":{"range":[11,8,11,22],"value":["Element","Border"]},"moduleAlias":{"range":[11,26,11,32],"value":["Border"]},"exposingList":null}},{"range":[12,1,12,28],"value":{"moduleName":{"range":[12,8,12,20],"value":["Element","Font"]},"moduleAlias":{"range":[12,24,12,28],"value":["Font"]},"exposingList":null}},{"range":[13,1,13,30],"value":{"moduleName":{"range":[13,8,13,21],"value":["Element","Input"]},"moduleAlias":{"range":[13,25,13,30],"value":["Input"]},"exposingList":null}},{"range":[14,1,14,13],"value":{"moduleName":{"range":[14,8,14,13],"value":["Debug"]},"moduleAlias":null,"exposingList":null}}],"declarations":[{"range":[18,1,18,26],"value":{"type":"function","function":{"documentation":null,"signature":null,"declaration":{"range":[18,1,18,26],"value":{"name":{"range":[18,1,18,5],"value":"gray"},"arguments":[],"expression":{"range":[18,8,18,26],"value":{"type":"application","application":[{"range":[18,8,18,14],"value":{"type":"functionOrValue","functionOrValue":{"moduleName":[],"name":"rgb255"}}},{"range":[18,15,18,18],"value":{"type":"integer","integer":200}},{"range":[18,19,18,22],"value":{"type":"integer","integer":200}},{"range":[18,23,18,26],"value":{"type":"integer","integer":200}}]}}}}}}},{"range":[19,1,19,21],"value":{"type":"function","function":{"documentation":null,"signature":null,"declaration":{"range":[19,1,19,21],"value":{"name":{"range":[19,1,19,4],"value":"red"},"arguments":[],"expression":{"range":[19,7,19,21],"value":{"type":"application","application":[{"range":[19,7,19,13],"value":{"type":"functionOrValue","functionOrValue":{"moduleName":[],"name":"rgb255"}}},{"range":[19,14,19,17],"value":{"type":"integer","integer":210}},{"range":[19,18,19,19],"value":{"type":"integer","integer":0}},{"range":[19,20,19,21],"value":{"type":"integer","integer":0}}]}}}}}}},{"range":[20,1,20,22],"value":{"type":"function","function":{"documentation":null,"signature":null,"declaration":{"range":[20,1,20,22],"value":{"name":{"range":[20,1,20,5],"value":"blue"},"arguments":[],"expression":{"range":[20,8,20,22],"value":{"type":"application","application":[{"range":[20,8,20,14],"value":{"type":"functionOrValue","functionOrValue":{"moduleName":[],"name":"rgb255"}}},{"range":[20,15,20,16],"value":{"type":"integer","integer":0}},{"range":[20,17,20,18],"value":{"type":"integer","integer":0}},{"range":[20,19,20,22],"value":{"type":"integer","integer":200}}]}}}}}}},{"range":[21,1,21,27],"value":{"type":"function","function":{"documentation":null,"signature":null,"declaration":{"range":[21,1,21,27],"value":{"name":{"range":[21,1,21,6],"value":"white"},"arguments":[],"expression":{"range":[21,9,21,27],"value":{"type":"application","application":[{"range":[21,9,21,15],"value":{"type":"functionOrValue","functionOrValue":{"moduleName":[],"name":"rgb255"}}},{"range":[21,16,21,19],"value":{"type":"integer","integer":255}},{"range":[21,20,21,23],"value":{"type":"integer","integer":255}},{"range":[21,24,21,27],"value":{"type":"integer","integer":255}}]}}}}}}},{"range":[22,1,22,26],"value":{"type":"function","function":{"documentation":null,"signature":null,"declaration":{"range":[22,1,22,26],"value":{"name":{"range":[22,1,22,6],"value":"green"},"arguments":[],"expression":{"range":[22,9,22,26],"value":{"type":"application","application":[{"range":[22,9,22,15],"value":{"type":"functionOrValue","functionOrValue":{"moduleName":[],"name":"rgb255"}}},{"range":[22,16,22,18],"value":{"type":"integer","integer":86}},{"range":[22,19,22,22],"value":{"type":"integer","integer":182}},{"range":[22,23,22,26],"value":{"type":"integer","integer":139}}]}}}}}}},{"range":[24,1,25,197],"value":{"type":"function","function":{"documentation":null,"signature":{"range":[24,1,24,12],"value":{"name":{"range":[24,1,24,4],"value":"url"},"typeAnnotation":{"range":[24,6,24,12],"value":{"type":"typed","typed":{"moduleNameAndName":{"range":[24,6,24,12],"value":{"moduleName":[],"name":"String"}},"args":[]}}}}},"declaration":{"range":[25,1,25,197],"value":{"name":{"range":[25,1,25,4],"value":"url"},"arguments":[],"expression":{"range":[25,7,25,197],"value":{"type":"literal","literal":"http://bw-qm-public.oss-cn-shenzhen.aliyuncs.com/qm/entityxwzx/fieldfm/37066e44-d760-4daf-bef6-59fc5df54a14.png?x-oss-process=image/resize,m_lfit,w_1440,limit_1/auto-orient,1/quality,q_100"}}}}}}},{"range":[27,1,28,63],"value":{"type":"function","function":{"documentation":null,"signature":{"range":[27,1,27,14],"value":{"name":{"range":[27,1,27,6],"value":"title"},"typeAnnotation":{"range":[27,8,27,14],"value":{"type":"typed","typed":{"moduleNameAndName":{"range":[27,8,27,14],"value":{"moduleName":[],"name":"String"}},"args":[]}}}}},"declaration":{"range":[28,1,28,63],"value":{"name":{"range":[28,1,28,6],"value":"title"},"arguments":[],"expression":{"range":[28,9,28,63],"value":{"type":"literal","literal":"新闻资讯标题新闻资讯标题新闻资讯标题新闻资讯新闻资讯标题新闻资讯标题新闻资讯标题新闻资讯新闻资讯标题新闻"}}}}}}},{"range":[31,1,32,18],"value":{"type":"typedecl","typedecl":{"documentation":null,"name":{"range":[31,6,31,9],"value":"Msg"},"generics":[],"constructors":[{"range":[32,5,32,18],"value":{"name":{"range":[32,5,32,11],"value":"Change"},"arguments":[{"range":[32,12,32,18],"value":{"type":"typed","typed":{"moduleNameAndName":{"range":[32,12,32,18],"value":{"moduleName":[],"name":"String"}},"args":[]}}}]}}]}}},{"range":[35,1,37,26],"value":{"type":"function","function":{"documentation":null,"signature":null,"declaration":{"range":[35,1,37,26],"value":{"name":{"range":[35,1,35,7],"value":"update"},"arguments":[{"range":[35,8,35,11],"value":{"type":"var","var":{"value":"msg"}}},{"range":[35,12,35,17],"value":{"type":"var","var":{"value":"model"}}}],"expression":{"range":[36,3,37,26],"value":{"type":"case","case":{"cases":[{"pattern":{"range":[37,5,37,17],"value":{"type":"named","named":{"qualified":{"moduleName":[],"name":"Change"},"patterns":[{"range":[37,12,37,17],"value":{"type":"var","var":{"value":"value"}}}]}}},"expression":{"range":[37,21,37,26],"value":{"type":"functionOrValue","functionOrValue":{"moduleName":[],"name":"value"}}}}],"expression":{"range":[36,8,36,11],"value":{"type":"functionOrValue","functionOrValue":{"moduleName":[],"name":"msg"}}}}}}}}}}},{"range":[40,1,44,16],"value":{"type":"function","function":{"documentation":null,"signature":null,"declaration":{"range":[40,1,44,16],"value":{"name":{"range":[40,1,40,5],"value":"main"},"arguments":[],"expression":{"range":[41,5,44,16],"value":{"type":"application","application":[{"range":[41,5,41,19],"value":{"type":"functionOrValue","functionOrValue":{"moduleName":["Element"],"name":"layout"}}},{"range":[41,20,43,10],"value":{"type":"list","list":[]}},{"range":[44,5,44,16],"value":{"type":"functionOrValue","functionOrValue":{"moduleName":[],"name":"myCelMiddle"}}}]}}}}}}},{"range":[48,1,62,6],"value":{"type":"function","function":{"documentation":null,"signature":{"range":[48,1,48,25],"value":{"name":{"range":[48,1,48,12],"value":"myCelMiddle"},"typeAnnotation":{"range":[48,14,48,25],"value":{"type":"typed","typed":{"moduleNameAndName":{"range":[48,14,48,21],"value":{"moduleName":[],"name":"Element"}},"args":[{"range":[48,22,48,25],"value":{"type":"typed","typed":{"moduleNameAndName":{"range":[48,22,48,25],"value":{"moduleName":[],"name":"Msg"}},"args":[]}}}]}}}}},"declaration":{"range":[49,1,62,6],"value":{"name":{"range":[49,1,49,12],"value":"myCelMiddle"},"arguments":[],"expression":{"range":[49,15,62,6],"value":{"type":"application","application":[{"range":[49,15,49,21],"value":{"type":"functionOrValue","functionOrValue":{"moduleName":[],"name":"column"}}},{"range":[49,22,49,49],"value":{"type":"list","list":[{"range":[49,24,49,35],"value":{"type":"application","application":[{"range":[49,24,49,30],"value":{"type":"functionOrValue","functionOrValue":{"moduleName":[],"name":"height"}}},{"range":[49,31,49,35],"value":{"type":"functionOrValue","functionOrValue":{"moduleName":[],"name":"fill"}}}]}},{"range":[49,37,49,47],"value":{"type":"application","application":[{"range":[49,37,49,42],"value":{"type":"functionOrValue","functionOrValue":{"moduleName":[],"name":"width"}}},{"range":[49,43,49,47],"value":{"type":"functionOrValue","functionOrValue":{"moduleName":[],"name":"fill"}}}]}}]}},{"range":[49,50,62,6],"value":{"type":"list","list":[{"range":[50,9,61,10],"value":{"type":"application","application":[{"range":[50,9,50,15],"value":{"type":"functionOrValue","functionOrValue":{"moduleName":[],"name":"column"}}},{"range":[50,16,50,55],"value":{"type":"list","list":[{"range":[50,18,50,28],"value":{"type":"application","application":[{"range":[50,18,50,25],"value":{"type":"functionOrValue","functionOrValue":{"moduleName":[],"name":"padding"}}},{"range":[50,26,50,28],"value":{"type":"integer","integer":32}}]}},{"range":[50,30,50,40],"value":{"type":"application","application":[{"range":[50,30,50,37],"value":{"type":"functionOrValue","functionOrValue":{"moduleName":[],"name":"spacing"}}},{"range":[50,38,50,40],"value":{"type":"integer","integer":16}}]}},{"range":[50,42,50,53],"value":{"type":"application","application":[{"range":[50,42,50,48],"value":{"type":"functionOrValue","functionOrValue":{"moduleName":[],"name":"height"}}},{"range":[50,49,50,53],"value":{"type":"functionOrValue","functionOrValue":{"moduleName":[],"name":"fill"}}}]}}]}},{"range":[51,9,61,10],"value":{"type":"list","list":[{"range":[52,13,60,22],"value":{"type":"application","application":[{"range":[52,13,52,15],"value":{"type":"functionOrValue","functionOrValue":{"moduleName":[],"name":"el"}}},{"range":[52,16,52,19],"value":{"type":"list","list":[]}},{"range":[52,20,52,22],"value":{"type":"operator","operator":"<|"}},{"range":[53,17,53,27],"value":{"type":"functionOrValue","functionOrValue":{"moduleName":["Input"],"name":"text"}}},{"range":[54,21,54,44],"value":{"type":"list","list":[{"range":[54,23,54,42],"value":{"type":"functionOrValue","functionOrValue":{"moduleName":["Input"],"name":"focusedOnLoad"}}}]}},{"range":[55,21,60,22],"value":{"type":"record","record":[{"range":[56,25,56,37],"value":{"field":{"range":[56,25,56,29],"value":"text"},"expression":{"range":[56,30,56,37],"value":{"type":"literal","literal":"HELLO"}}}},{"range":[57,27,58,25],"value":{"field":{"range":[57,27,57,35],"value":"onChange"},"expression":{"range":[57,36,57,42],"value":{"type":"functionOrValue","functionOrValue":{"moduleName":[],"name":"Change"}}}}},{"range":[58,27,59,25],"value":{"field":{"range":[58,27,58,32],"value":"label"},"expression":{"range":[58,33,58,67],"value":{"type":"application","application":[{"range":[58,33,58,49],"value":{"type":"functionOrValue","functionOrValue":{"moduleName":["Input"],"name":"labelAbove"}}},{"range":[58,50,58,52],"value":{"type":"list","list":[]}},{"range":[58,53,58,67],"value":{"type":"parenthesized","parenthesized":{"range":[58,54,58,66],"value":{"type":"application","application":[{"range":[58,54,58,58],"value":{"type":"functionOrValue","functionOrValue":{"moduleName":[],"name":"text"}}},{"range":[58,59,58,66],"value":{"type":"literal","literal":"Lunch"}}]}}}}]}}}},{"range":[59,27,60,21],"value":{"field":{"range":[59,27,59,38],"value":"placeholder"},"expression":{"range":[59,41,59,48],"value":{"type":"functionOrValue","functionOrValue":{"moduleName":[],"name":"Nothing"}}}}}]}}]}}]}}]}}]}}]}}}}}}},{"range":[66,1,81,14],"value":{"type":"function","function":{"documentation":null,"signature":{"range":[66,1,66,23],"value":{"name":{"range":[66,1,66,10],"value":"myFronCol"},"typeAnnotation":{"range":[66,12,66,23],"value":{"type":"typed","typed":{"moduleNameAndName":{"range":[66,12,66,19],"value":{"moduleName":[],"name":"Element"}},"args":[{"range":[66,20,66,23],"value":{"type":"generic","generic":{"value":"msg"}}}]}}}}},"declaration":{"range":[67,1,81,14],"value":{"name":{"range":[67,1,67,10],"value":"myFronCol"},"arguments":[],"expression":{"range":[67,13,81,14],"value":{"type":"application","application":[{"range":[67,13,67,19],"value":{"type":"functionOrValue","functionOrValue":{"moduleName":[],"name":"column"}}},{"range":[67,20,67,46],"value":{"type":"list","list":[{"range":[67,22,67,32],"value":{"type":"application","application":[{"range":[67,22,67,27],"value":{"type":"functionOrValue","functionOrValue":{"moduleName":[],"name":"width"}}},{"range":[67,28,67,32],"value":{"type":"functionOrValue","functionOrValue":{"moduleName":[],"name":"fill"}}}]}},{"range":[67,34,67,45],"value":{"type":"application","application":[{"range":[67,34,67,40],"value":{"type":"functionOrValue","functionOrValue":{"moduleName":[],"name":"height"}}},{"range":[67,41,67,45],"value":{"type":"functionOrValue","functionOrValue":{"moduleName":[],"name":"fill"}}}]}}]}},{"range":[68,13,81,14],"value":{"type":"list","list":[{"range":[69,13,80,18],"value":{"type":"application","application":[{"range":[69,13,69,16],"value":{"type":"functionOrValue","functionOrValue":{"moduleName":[],"name":"row"}}},{"range":[69,17,73,18],"value":{"type":"list","list":[{"range":[70,17,70,27],"value":{"type":"application","application":[{"range":[70,17,70,24],"value":{"type":"functionOrValue","functionOrValue":{"moduleName":[],"name":"padding"}}},{"range":[70,25,70,27],"value":{"type":"integer","integer":12}}]}},{"range":[71,17,71,27],"value":{"type":"application","application":[{"range":[71,17,71,22],"value":{"type":"functionOrValue","functionOrValue":{"moduleName":[],"name":"width"}}},{"range":[71,23,71,27],"value":{"type":"functionOrValue","functionOrValue":{"moduleName":[],"name":"fill"}}}]}},{"range":[72,17,72,37],"value":{"type":"application","application":[{"range":[72,17,72,33],"value":{"type":"functionOrValue","functionOrValue":{"moduleName":["Background"],"name":"color"}}},{"range":[72,34,72,37],"value":{"type":"functionOrValue","functionOrValue":{"moduleName":[],"name":"red"}}}]}}]}},{"range":[74,17,80,18],"value":{"type":"list","list":[{"range":[75,21,79,22],"value":{"type":"application","application":[{"range":[75,21,75,27],"value":{"type":"functionOrValue","functionOrValue":{"moduleName":[],"name":"column"}}},{"range":[75,28,75,30],"value":{"type":"list","list":[]}},{"range":[75,31,79,22],"value":{"type":"list","list":[{"range":[76,25,76,51],"value":{"type":"application","application":[{"range":[76,25,76,27],"value":{"type":"functionOrValue","functionOrValue":{"moduleName":[],"name":"el"}}},{"range":[76,28,76,30],"value":{"type":"list","list":[]}},{"range":[76,31,76,51],"value":{"type":"parenthesized","parenthesized":{"range":[76,32,76,50],"value":{"type":"application","application":[{"range":[76,32,76,36],"value":{"type":"functionOrValue","functionOrValue":{"moduleName":[],"name":"text"}}},{"range":[76,37,76,50],"value":{"type":"literal","literal":"HELLO WORLD"}}]}}}}]}},{"range":[77,25,77,51],"value":{"type":"application","application":[{"range":[77,25,77,27],"value":{"type":"functionOrValue","functionOrValue":{"moduleName":[],"name":"el"}}},{"range":[77,28,77,30],"value":{"type":"list","list":[]}},{"range":[77,31,77,51],"value":{"type":"parenthesized","parenthesized":{"range":[77,32,77,50],"value":{"type":"application","application":[{"range":[77,32,77,36],"value":{"type":"functionOrValue","functionOrValue":{"moduleName":[],"name":"text"}}},{"range":[77,37,77,50],"value":{"type":"literal","literal":"HELLO WORLD"}}]}}}}]}}]}}]}}]}}]}}]}}]}}}}}}},{"range":[83,1,100,14],"value":{"type":"function","function":{"documentation":null,"signature":{"range":[83,1,83,22],"value":{"name":{"range":[83,1,83,9],"value":"myRow222"},"typeAnnotation":{"range":[83,11,83,22],"value":{"type":"typed","typed":{"moduleNameAndName":{"range":[83,11,83,18],"value":{"moduleName":[],"name":"Element"}},"args":[{"range":[83,19,83,22],"value":{"type":"generic","generic":{"value":"msg"}}}]}}}}},"declaration":{"range":[84,1,100,14],"value":{"name":{"range":[84,1,84,9],"value":"myRow222"},"arguments":[],"expression":{"range":[84,12,100,14],"value":{"type":"application","application":[{"range":[84,12,84,15],"value":{"type":"functionOrValue","functionOrValue":{"moduleName":[],"name":"row"}}},{"range":[84,16,84,18],"value":{"type":"list","list":[]}},{"range":[85,13,100,14],"value":{"type":"list","list":[{"range":[86,13,86,79],"value":{"type":"application","application":[{"range":[86,13,86,15],"value":{"type":"functionOrValue","functionOrValue":{"moduleName":[],"name":"el"}}},{"range":[86,16,86,74],"value":{"type":"list","list":[{"range":[86,18,86,33],"value":{"type":"application","application":[{"range":[86,18,86,24],"value":{"type":"functionOrValue","functionOrValue":{"moduleName":[],"name":"height"}}},{"range":[86,25,86,33],"value":{"type":"parenthesized","parenthesized":{"range":[86,26,86,32],"value":{"type":"application","application":[{"range":[86,26,86,28],"value":{"type":"functionOrValue","functionOrValue":{"moduleName":[],"name":"px"}}},{"range":[86,29,86,32],"value":{"type":"integer","integer":400}}]}}}}]}},{"range":[86,35,86,49],"value":{"type":"application","application":[{"range":[86,35,86,40],"value":{"type":"functionOrValue","functionOrValue":{"moduleName":[],"name":"width"}}},{"range":[86,41,86,49],"value":{"type":"parenthesized","parenthesized":{"range":[86,42,86,48],"value":{"type":"application","application":[{"range":[86,42,86,44],"value":{"type":"functionOrValue","functionOrValue":{"moduleName":[],"name":"px"}}},{"range":[86,45,86,48],"value":{"type":"integer","integer":100}}]}}}}]}},{"range":[86,51,86,73],"value":{"type":"application","application":[{"range":[86,51,86,67],"value":{"type":"functionOrValue","functionOrValue":{"moduleName":["Background"],"name":"color"}}},{"range":[86,68,86,73],"value":{"type":"functionOrValue","functionOrValue":{"moduleName":[],"name":"green"}}}]}}]}},{"range":[86,75,86,79],"value":{"type":"functionOrValue","functionOrValue":{"moduleName":[],"name":"none"}}}]}},{"range":[87,14,99,18],"value":{"type":"application","application":[{"range":[87,14,87,20],"value":{"type":"functionOrValue","functionOrValue":{"moduleName":[],"name":"column"}}},{"range":[88,17,88,43],"value":{"type":"list","list":[{"range":[88,18,88,29],"value":{"type":"functionOrValue","functionOrValue":{"moduleName":[],"name":"spaceEvenly"}}},{"range":[88,31,88,42],"value":{"type":"application","application":[{"range":[88,31,88,37],"value":{"type":"functionOrValue","functionOrValue":{"moduleName":[],"name":"height"}}},{"range":[88,38,88,42],"value":{"type":"functionOrValue","functionOrValue":{"moduleName":[],"name":"fill"}}}]}}]}},{"range":[89,17,99,18],"value":{"type":"list","list":[{"range":[90,17,90,35],"value":{"type":"application","application":[{"range":[90,17,90,19],"value":{"type":"functionOrValue","functionOrValue":{"moduleName":[],"name":"el"}}},{"range":[90,20,90,22],"value":{"type":"list","list":[]}},{"range":[90,23,90,35],"value":{"type":"parenthesized","parenthesized":{"range":[90,24,90,34],"value":{"type":"application","application":[{"range":[90,24,90,28],"value":{"type":"functionOrValue","functionOrValue":{"moduleName":[],"name":"text"}}},{"range":[90,29,90,34],"value":{"type":"literal","literal":"Top"}}]}}}}]}},{"range":[91,18,97,22],"value":{"type":"application","application":[{"range":[91,18,91,24],"value":{"type":"functionOrValue","functionOrValue":{"moduleName":[],"name":"column"}}},{"range":[92,21,92,23],"value":{"type":"list","list":[]}},{"range":[93,21,97,22],"value":{"type":"list","list":[{"range":[94,25,94,42],"value":{"type":"application","application":[{"range":[94,25,94,27],"value":{"type":"functionOrValue","functionOrValue":{"moduleName":[],"name":"el"}}},{"range":[94,28,94,30],"value":{"type":"list","list":[]}},{"range":[94,31,94,42],"value":{"type":"parenthesized","parenthesized":{"range":[94,32,94,41],"value":{"type":"application","application":[{"range":[94,32,94,36],"value":{"type":"functionOrValue","functionOrValue":{"moduleName":[],"name":"text"}}},{"range":[94,37,94,41],"value":{"type":"literal","literal":"M1"}}]}}}}]}},{"range":[95,26,95,43],"value":{"type":"application","application":[{"range":[95,26,95,28],"value":{"type":"functionOrValue","functionOrValue":{"moduleName":[],"name":"el"}}},{"range":[95,29,95,31],"value":{"type":"list","list":[]}},{"range":[95,32,95,43],"value":{"type":"parenthesized","parenthesized":{"range":[95,33,95,42],"value":{"type":"application","application":[{"range":[95,33,95,37],"value":{"type":"functionOrValue","functionOrValue":{"moduleName":[],"name":"text"}}},{"range":[95,38,95,42],"value":{"type":"literal","literal":"M2"}}]}}}}]}},{"range":[96,26,96,43],"value":{"type":"application","application":[{"range":[96,26,96,28],"value":{"type":"functionOrValue","functionOrValue":{"moduleName":[],"name":"el"}}},{"range":[96,29,96,31],"value":{"type":"list","list":[]}},{"range":[96,32,96,43],"value":{"type":"parenthesized","parenthesized":{"range":[96,33,96,42],"value":{"type":"application","application":[{"range":[96,33,96,37],"value":{"type":"functionOrValue","functionOrValue":{"moduleName":[],"name":"text"}}},{"range":[96,38,96,42],"value":{"type":"literal","literal":"M3"}}]}}}}]}}]}}]}},{"range":[98,19,98,40],"value":{"type":"application","application":[{"range":[98,19,98,21],"value":{"type":"functionOrValue","functionOrValue":{"moduleName":[],"name":"el"}}},{"range":[98,22,98,24],"value":{"type":"list","list":[]}},{"range":[98,25,98,40],"value":{"type":"parenthesized","parenthesized":{"range":[98,26,98,39],"value":{"type":"application","application":[{"range":[98,26,98,30],"value":{"type":"functionOrValue","functionOrValue":{"moduleName":[],"name":"text"}}},{"range":[98,31,98,39],"value":{"type":"literal","literal":"Bottom"}}]}}}}]}}]}}]}}]}}]}}}}}}},{"range":[102,1,108,14],"value":{"type":"function","function":{"documentation":null,"signature":{"range":[102,1,102,22],"value":{"name":{"range":[102,1,102,9],"value":"myRow333"},"typeAnnotation":{"range":[102,11,102,22],"value":{"type":"typed","typed":{"moduleNameAndName":{"range":[102,11,102,18],"value":{"moduleName":[],"name":"Element"}},"args":[{"range":[102,19,102,22],"value":{"type":"generic","generic":{"value":"msg"}}}]}}}}},"declaration":{"range":[103,1,108,14],"value":{"name":{"range":[103,1,103,9],"value":"myRow333"},"arguments":[],"expression":{"range":[103,12,108,14],"value":{"type":"application","application":[{"range":[103,12,103,15],"value":{"type":"functionOrValue","functionOrValue":{"moduleName":[],"name":"row"}}},{"range":[104,13,104,16],"value":{"type":"list","list":[]}},{"range":[105,13,108,14],"value":{"type":"list","list":[{"range":[105,15,107,95],"value":{"type":"application","application":[{"range":[105,15,105,20],"value":{"type":"functionOrValue","functionOrValue":{"moduleName":[],"name":"image"}}},{"range":[106,17,106,34],"value":{"type":"list","list":[{"range":[106,19,106,32],"value":{"type":"application","application":[{"range":[106,19,106,24],"value":{"type":"functionOrValue","functionOrValue":{"moduleName":[],"name":"width"}}},{"range":[106,25,106,32],"value":{"type":"parenthesized","parenthesized":{"range":[106,26,106,31],"value":{"type":"application","application":[{"range":[106,26,106,28],"value":{"type":"functionOrValue","functionOrValue":{"moduleName":[],"name":"px"}}},{"range":[106,29,106,31],"value":{"type":"integer","integer":80}}]}}}}]}}]}},{"range":[107,17,107,95],"value":{"type":"record","record":[{"range":[107,19,107,71],"value":{"field":{"range":[107,19,107,22],"value":"src"},"expression":{"range":[107,25,107,71],"value":{"type":"literal","literal":"http://localhost:3200/SaiAuLogo.c8014053.png"}}}},{"range":[107,73,107,94],"value":{"field":{"range":[107,73,107,84],"value":"description"},"expression":{"range":[107,87,107,94],"value":{"type":"literal","literal":"HELLO"}}}}]}}]}}]}}]}}}}}}},{"range":[110,1,143,6],"value":{"type":"function","function":{"documentation":null,"signature":{"range":[110,1,110,20],"value":{"name":{"range":[110,1,110,7],"value":"myRow1"},"typeAnnotation":{"range":[110,9,110,20],"value":{"type":"typed","typed":{"moduleNameAndName":{"range":[110,9,110,16],"value":{"moduleName":[],"name":"Element"}},"args":[{"range":[110,17,110,20],"value":{"type":"generic","generic":{"value":"msg"}}}]}}}}},"declaration":{"range":[111,1,143,6],"value":{"name":{"range":[111,1,111,7],"value":"myRow1"},"arguments":[],"expression":{"range":[111,10,143,6],"value":{"type":"application","application":[{"range":[111,10,111,16],"value":{"type":"functionOrValue","functionOrValue":{"moduleName":[],"name":"column"}}},{"range":[112,5,112,30],"value":{"type":"list","list":[{"range":[112,7,112,17],"value":{"type":"application","application":[{"range":[112,7,112,14],"value":{"type":"functionOrValue","functionOrValue":{"moduleName":[],"name":"spacing"}}},{"range":[112,15,112,17],"value":{"type":"integer","integer":20}}]}},{"range":[112,19,112,29],"value":{"type":"application","application":[{"range":[112,19,112,26],"value":{"type":"functionOrValue","functionOrValue":{"moduleName":[],"name":"padding"}}},{"range":[112,27,112,29],"value":{"type":"integer","integer":32}}]}}]}},{"range":[113,5,143,6],"value":{"type":"list","list":[{"range":[114,9,114,62],"value":{"type":"application","application":[{"range":[114,9,114,11],"value":{"type":"functionOrValue","functionOrValue":{"moduleName":[],"name":"el"}}},{"range":[114,12,114,42],"value":{"type":"list","list":[{"range":[114,14,114,41],"value":{"type":"application","application":[{"range":[114,14,114,20],"value":{"type":"functionOrValue","functionOrValue":{"moduleName":[],"name":"onLeft"}}},{"range":[114,21,114,41],"value":{"type":"parenthesized","parenthesized":{"range":[114,22,114,40],"value":{"type":"application","application":[{"range":[114,22,114,26],"value":{"type":"functionOrValue","functionOrValue":{"moduleName":[],"name":"text"}}},{"range":[114,27,114,40],"value":{"type":"literal","literal":"I'm bellow!"}}]}}}}]}}]}},{"range":[114,43,114,62],"value":{"type":"parenthesized","parenthesized":{"range":[114,44,114,61],"value":{"type":"application","application":[{"range":[114,44,114,48],"value":{"type":"functionOrValue","functionOrValue":{"moduleName":[],"name":"text"}}},{"range":[114,49,114,61],"value":{"type":"literal","literal":"I'm normal"}}]}}}}]}},{"range":[115,11,117,31],"value":{"type":"application","application":[{"range":[115,11,115,13],"value":{"type":"functionOrValue","functionOrValue":{"moduleName":[],"name":"el"}}},{"range":[115,14,116,14],"value":{"type":"list","list":[]}},{"range":[117,13,117,31],"value":{"type":"parenthesized","parenthesized":{"range":[117,14,117,30],"value":{"type":"application","application":[{"range":[117,14,117,18],"value":{"type":"functionOrValue","functionOrValue":{"moduleName":[],"name":"text"}}},{"range":[117,19,117,30],"value":{"type":"literal","literal":"test none"}}]}}}}]}},{"range":[118,11,121,32],"value":{"type":"application","application":[{"range":[118,11,118,13],"value":{"type":"functionOrValue","functionOrValue":{"moduleName":[],"name":"el"}}},{"range":[118,14,120,14],"value":{"type":"list","list":[{"range":[119,13,119,69],"value":{"type":"application","application":[{"range":[119,13,119,20],"value":{"type":"functionOrValue","functionOrValue":{"moduleName":[],"name":"inFront"}}},{"range":[119,21,119,23],"value":{"type":"operator","operator":"<|"}},{"range":[119,24,119,26],"value":{"type":"functionOrValue","functionOrValue":{"moduleName":[],"name":"el"}}},{"range":[119,27,119,64],"value":{"type":"list","list":[{"range":[119,29,119,39],"value":{"type":"application","application":[{"range":[119,29,119,36],"value":{"type":"functionOrValue","functionOrValue":{"moduleName":[],"name":"padding"}}},{"range":[119,37,119,39],"value":{"type":"integer","integer":10}}]}},{"range":[119,41,119,62],"value":{"type":"application","application":[{"range":[119,41,119,57],"value":{"type":"functionOrValue","functionOrValue":{"moduleName":["Background"],"name":"color"}}},{"range":[119,58,119,62],"value":{"type":"functionOrValue","functionOrValue":{"moduleName":[],"name":"blue"}}}]}}]}},{"range":[119,65,119,69],"value":{"type":"functionOrValue","functionOrValue":{"moduleName":[],"name":"none"}}}]}}]}},{"range":[121,13,121,32],"value":{"type":"parenthesized","parenthesized":{"range":[121,14,121,31],"value":{"type":"application","application":[{"range":[121,14,121,18],"value":{"type":"functionOrValue","functionOrValue":{"moduleName":[],"name":"text"}}},{"range":[121,19,121,31],"value":{"type":"literal","literal":"test front"}}]}}}}]}},{"range":[122,11,125,33],"value":{"type":"application","application":[{"range":[122,11,122,13],"value":{"type":"functionOrValue","functionOrValue":{"moduleName":[],"name":"el"}}},{"range":[122,14,124,14],"value":{"type":"list","list":[{"range":[123,13,123,75],"value":{"type":"application","application":[{"range":[123,13,123,26],"value":{"type":"functionOrValue","functionOrValue":{"moduleName":[],"name":"behindContent"}}},{"range":[123,27,123,29],"value":{"type":"operator","operator":"<|"}},{"range":[123,30,123,32],"value":{"type":"functionOrValue","functionOrValue":{"moduleName":[],"name":"el"}}},{"range":[123,33,123,70],"value":{"type":"list","list":[{"range":[123,35,123,45],"value":{"type":"application","application":[{"range":[123,35,123,42],"value":{"type":"functionOrValue","functionOrValue":{"moduleName":[],"name":"padding"}}},{"range":[123,43,123,45],"value":{"type":"integer","integer":10}}]}},{"range":[123,47,123,68],"value":{"type":"application","application":[{"range":[123,47,123,63],"value":{"type":"functionOrValue","functionOrValue":{"moduleName":["Background"],"name":"color"}}},{"range":[123,64,123,68],"value":{"type":"functionOrValue","functionOrValue":{"moduleName":[],"name":"blue"}}}]}}]}},{"range":[123,71,123,75],"value":{"type":"functionOrValue","functionOrValue":{"moduleName":[],"name":"none"}}}]}}]}},{"range":[125,13,125,33],"value":{"type":"parenthesized","parenthesized":{"range":[125,14,125,32],"value":{"type":"application","application":[{"range":[125,14,125,18],"value":{"type":"functionOrValue","functionOrValue":{"moduleName":[],"name":"text"}}},{"range":[125,19,125,32],"value":{"type":"literal","literal":"test behind"}}]}}}}]}},{"range":[126,11,129,31],"value":{"type":"application","application":[{"range":[126,11,126,13],"value":{"type":"functionOrValue","functionOrValue":{"moduleName":[],"name":"el"}}},{"range":[126,14,128,14],"value":{"type":"list","list":[{"range":[127,13,127,68],"value":{"type":"application","application":[{"range":[127,13,127,19],"value":{"type":"functionOrValue","functionOrValue":{"moduleName":[],"name":"onLeft"}}},{"range":[127,20,127,22],"value":{"type":"operator","operator":"<|"}},{"range":[127,23,127,25],"value":{"type":"functionOrValue","functionOrValue":{"moduleName":[],"name":"el"}}},{"range":[127,26,127,63],"value":{"type":"list","list":[{"range":[127,28,127,38],"value":{"type":"application","application":[{"range":[127,28,127,35],"value":{"type":"functionOrValue","functionOrValue":{"moduleName":[],"name":"padding"}}},{"range":[127,36,127,38],"value":{"type":"integer","integer":10}}]}},{"range":[127,40,127,61],"value":{"type":"application","application":[{"range":[127,40,127,56],"value":{"type":"functionOrValue","functionOrValue":{"moduleName":["Background"],"name":"color"}}},{"range":[127,57,127,61],"value":{"type":"functionOrValue","functionOrValue":{"moduleName":[],"name":"blue"}}}]}}]}},{"range":[127,64,127,68],"value":{"type":"functionOrValue","functionOrValue":{"moduleName":[],"name":"none"}}}]}}]}},{"range":[129,13,129,31],"value":{"type":"parenthesized","parenthesized":{"range":[129,14,129,30],"value":{"type":"application","application":[{"range":[129,14,129,18],"value":{"type":"functionOrValue","functionOrValue":{"moduleName":[],"name":"text"}}},{"range":[129,19,129,30],"value":{"type":"literal","literal":"test left"}}]}}}}]}},{"range":[130,11,133,32],"value":{"type":"application","application":[{"range":[130,11,130,13],"value":{"type":"functionOrValue","functionOrValue":{"moduleName":[],"name":"el"}}},{"range":[130,14,132,14],"value":{"type":"list","list":[{"range":[131,13,131,69],"value":{"type":"application","application":[{"range":[131,13,131,20],"value":{"type":"functionOrValue","functionOrValue":{"moduleName":[],"name":"onRight"}}},{"range":[131,21,131,23],"value":{"type":"operator","operator":"<|"}},{"range":[131,24,131,26],"value":{"type":"functionOrValue","functionOrValue":{"moduleName":[],"name":"el"}}},{"range":[131,27,131,64],"value":{"type":"list","list":[{"range":[131,29,131,39],"value":{"type":"application","application":[{"range":[131,29,131,36],"value":{"type":"functionOrValue","functionOrValue":{"moduleName":[],"name":"padding"}}},{"range":[131,37,131,39],"value":{"type":"integer","integer":10}}]}},{"range":[131,41,131,62],"value":{"type":"application","application":[{"range":[131,41,131,57],"value":{"type":"functionOrValue","functionOrValue":{"moduleName":["Background"],"name":"color"}}},{"range":[131,58,131,62],"value":{"type":"functionOrValue","functionOrValue":{"moduleName":[],"name":"blue"}}}]}}]}},{"range":[131,65,131,69],"value":{"type":"functionOrValue","functionOrValue":{"moduleName":[],"name":"none"}}}]}}]}},{"range":[133,13,133,32],"value":{"type":"parenthesized","parenthesized":{"range":[133,14,133,31],"value":{"type":"application","application":[{"range":[133,14,133,18],"value":{"type":"functionOrValue","functionOrValue":{"moduleName":[],"name":"text"}}},{"range":[133,19,133,31],"value":{"type":"literal","literal":"test right"}}]}}}}]}},{"range":[134,11,137,32],"value":{"type":"application","application":[{"range":[134,11,134,13],"value":{"type":"functionOrValue","functionOrValue":{"moduleName":[],"name":"el"}}},{"range":[134,14,136,14],"value":{"type":"list","list":[{"range":[135,13,135,67],"value":{"type":"application","application":[{"range":[135,13,135,18],"value":{"type":"functionOrValue","functionOrValue":{"moduleName":[],"name":"above"}}},{"range":[135,19,135,21],"value":{"type":"operator","operator":"<|"}},{"range":[135,22,135,24],"value":{"type":"functionOrValue","functionOrValue":{"moduleName":[],"name":"el"}}},{"range":[135,25,135,62],"value":{"type":"list","list":[{"range":[135,27,135,37],"value":{"type":"application","application":[{"range":[135,27,135,34],"value":{"type":"functionOrValue","functionOrValue":{"moduleName":[],"name":"padding"}}},{"range":[135,35,135,37],"value":{"type":"integer","integer":10}}]}},{"range":[135,39,135,60],"value":{"type":"application","application":[{"range":[135,39,135,55],"value":{"type":"functionOrValue","functionOrValue":{"moduleName":["Background"],"name":"color"}}},{"range":[135,56,135,60],"value":{"type":"functionOrValue","functionOrValue":{"moduleName":[],"name":"blue"}}}]}}]}},{"range":[135,63,135,67],"value":{"type":"functionOrValue","functionOrValue":{"moduleName":[],"name":"none"}}}]}}]}},{"range":[137,13,137,32],"value":{"type":"parenthesized","parenthesized":{"range":[137,14,137,31],"value":{"type":"application","application":[{"range":[137,14,137,18],"value":{"type":"functionOrValue","functionOrValue":{"moduleName":[],"name":"text"}}},{"range":[137,19,137,31],"value":{"type":"literal","literal":"test above"}}]}}}}]}},{"range":[138,11,141,32],"value":{"type":"application","application":[{"range":[138,11,138,13],"value":{"type":"functionOrValue","functionOrValue":{"moduleName":[],"name":"el"}}},{"range":[138,14,140,14],"value":{"type":"list","list":[{"range":[139,13,139,67],"value":{"type":"application","application":[{"range":[139,13,139,18],"value":{"type":"functionOrValue","functionOrValue":{"moduleName":[],"name":"below"}}},{"range":[139,19,139,21],"value":{"type":"operator","operator":"<|"}},{"range":[139,22,139,24],"value":{"type":"functionOrValue","functionOrValue":{"moduleName":[],"name":"el"}}},{"range":[139,25,139,62],"value":{"type":"list","list":[{"range":[139,27,139,37],"value":{"type":"application","application":[{"range":[139,27,139,34],"value":{"type":"functionOrValue","functionOrValue":{"moduleName":[],"name":"padding"}}},{"range":[139,35,139,37],"value":{"type":"integer","integer":10}}]}},{"range":[139,39,139,60],"value":{"type":"application","application":[{"range":[139,39,139,55],"value":{"type":"functionOrValue","functionOrValue":{"moduleName":["Background"],"name":"color"}}},{"range":[139,56,139,60],"value":{"type":"functionOrValue","functionOrValue":{"moduleName":[],"name":"blue"}}}]}}]}},{"range":[139,63,139,67],"value":{"type":"functionOrValue","functionOrValue":{"moduleName":[],"name":"none"}}}]}}]}},{"range":[141,13,141,32],"value":{"type":"parenthesized","parenthesized":{"range":[141,14,141,31],"value":{"type":"application","application":[{"range":[141,14,141,18],"value":{"type":"functionOrValue","functionOrValue":{"moduleName":[],"name":"text"}}},{"range":[141,19,141,31],"value":{"type":"literal","literal":"test below"}}]}}}}]}}]}}]}}}}}}},{"range":[145,1,153,6],"value":{"type":"function","function":{"documentation":null,"signature":{"range":[145,1,145,19],"value":{"name":{"range":[145,1,145,6],"value":"myCol"},"typeAnnotation":{"range":[145,8,145,19],"value":{"type":"typed","typed":{"moduleNameAndName":{"range":[145,8,145,15],"value":{"moduleName":[],"name":"Element"}},"args":[{"range":[145,16,145,19],"value":{"type":"generic","generic":{"value":"msg"}}}]}}}}},"declaration":{"range":[146,1,153,6],"value":{"name":{"range":[146,1,146,6],"value":"myCol"},"arguments":[],"expression":{"range":[146,9,153,6],"value":{"type":"application","application":[{"range":[146,9,146,15],"value":{"type":"functionOrValue","functionOrValue":{"moduleName":[],"name":"column"}}},{"range":[146,16,149,6],"value":{"type":"list","list":[{"range":[147,5,147,15],"value":{"type":"application","application":[{"range":[147,5,147,10],"value":{"type":"functionOrValue","functionOrValue":{"moduleName":[],"name":"width"}}},{"range":[147,11,147,15],"value":{"type":"functionOrValue","functionOrValue":{"moduleName":[],"name":"fill"}}}]}},{"range":[148,7,148,18],"value":{"type":"application","application":[{"range":[148,7,148,13],"value":{"type":"functionOrValue","functionOrValue":{"moduleName":[],"name":"height"}}},{"range":[148,14,148,18],"value":{"type":"functionOrValue","functionOrValue":{"moduleName":[],"name":"fill"}}}]}}]}},{"range":[150,5,153,6],"value":{"type":"list","list":[{"range":[150,7,150,33],"value":{"type":"application","application":[{"range":[150,7,150,9],"value":{"type":"functionOrValue","functionOrValue":{"moduleName":[],"name":"el"}}},{"range":[150,10,150,12],"value":{"type":"list","list":[]}},{"range":[150,13,150,33],"value":{"type":"parenthesized","parenthesized":{"range":[150,14,150,32],"value":{"type":"application","application":[{"range":[150,14,150,18],"value":{"type":"functionOrValue","functionOrValue":{"moduleName":[],"name":"text"}}},{"range":[150,19,150,32],"value":{"type":"literal","literal":"HELLO WORLD"}}]}}}}]}},{"range":[151,7,151,42],"value":{"type":"application","application":[{"range":[151,7,151,9],"value":{"type":"functionOrValue","functionOrValue":{"moduleName":[],"name":"el"}}},{"range":[151,10,151,28],"value":{"type":"list","list":[{"range":[151,11,151,18],"value":{"type":"functionOrValue","functionOrValue":{"moduleName":[],"name":"centerY"}}},{"range":[151,20,151,27],"value":{"type":"functionOrValue","functionOrValue":{"moduleName":[],"name":"centerX"}}}]}},{"range":[151,29,151,42],"value":{"type":"parenthesized","parenthesized":{"range":[151,30,151,41],"value":{"type":"application","application":[{"range":[151,30,151,34],"value":{"type":"functionOrValue","functionOrValue":{"moduleName":[],"name":"text"}}},{"range":[151,35,151,41],"value":{"type":"literal","literal":"COOL"}}]}}}}]}},{"range":[152,7,152,25],"value":{"type":"application","application":[{"range":[152,7,152,9],"value":{"type":"functionOrValue","functionOrValue":{"moduleName":[],"name":"el"}}},{"range":[152,10,152,12],"value":{"type":"list","list":[]}},{"range":[152,13,152,25],"value":{"type":"parenthesized","parenthesized":{"range":[152,14,152,24],"value":{"type":"application","application":[{"range":[152,14,152,18],"value":{"type":"functionOrValue","functionOrValue":{"moduleName":[],"name":"text"}}},{"range":[152,19,152,24],"value":{"type":"literal","literal":"MAN"}}]}}}}]}}]}}]}}}}}}},{"range":[156,1,167,6],"value":{"type":"function","function":{"documentation":null,"signature":{"range":[156,1,156,19],"value":{"name":{"range":[156,1,156,6],"value":"myRow"},"typeAnnotation":{"range":[156,8,156,19],"value":{"type":"typed","typed":{"moduleNameAndName":{"range":[156,8,156,15],"value":{"moduleName":[],"name":"Element"}},"args":[{"range":[156,16,156,19],"value":{"type":"generic","generic":{"value":"msg"}}}]}}}}},"declaration":{"range":[157,1,167,6],"value":{"name":{"range":[157,1,157,6],"value":"myRow"},"arguments":[],"expression":{"range":[157,9,167,6],"value":{"type":"application","application":[{"range":[157,9,157,12],"value":{"type":"functionOrValue","functionOrValue":{"moduleName":[],"name":"row"}}},{"range":[158,5,158,35],"value":{"type":"list","list":[{"range":[158,6,158,13],"value":{"type":"functionOrValue","functionOrValue":{"moduleName":[],"name":"centerX"}}},{"range":[158,15,158,22],"value":{"type":"functionOrValue","functionOrValue":{"moduleName":[],"name":"centerY"}}},{"range":[158,24,158,34],"value":{"type":"application","application":[{"range":[158,24,158,31],"value":{"type":"functionOrValue","functionOrValue":{"moduleName":[],"name":"spacing"}}},{"range":[158,32,158,34],"value":{"type":"integer","integer":10}}]}}]}},{"range":[159,5,167,6],"value":{"type":"list","list":[{"range":[159,7,159,16],"value":{"type":"functionOrValue","functionOrValue":{"moduleName":[],"name":"myElement"}}},{"range":[160,7,160,25],"value":{"type":"application","application":[{"range":[160,7,160,10],"value":{"type":"functionOrValue","functionOrValue":{"moduleName":[],"name":"row"}}},{"range":[160,11,160,13],"value":{"type":"list","list":[]}},{"range":[160,14,160,25],"value":{"type":"list","list":[{"range":[160,15,160,24],"value":{"type":"functionOrValue","functionOrValue":{"moduleName":[],"name":"myElement"}}}]}}]}},{"range":[161,7,165,38],"value":{"type":"application","application":[{"range":[161,7,161,13],"value":{"type":"functionOrValue","functionOrValue":{"moduleName":[],"name":"column"}}},{"range":[162,9,164,10],"value":{"type":"list","list":[{"range":[163,9,163,19],"value":{"type":"application","application":[{"range":[163,9,163,14],"value":{"type":"functionOrValue","functionOrValue":{"moduleName":[],"name":"width"}}},{"range":[163,15,163,19],"value":{"type":"functionOrValue","functionOrValue":{"moduleName":[],"name":"fill"}}}]}}]}},{"range":[165,9,165,38],"value":{"type":"list","list":[{"range":[165,11,165,37],"value":{"type":"application","application":[{"range":[165,11,165,20],"value":{"type":"functionOrValue","functionOrValue":{"moduleName":[],"name":"paragraph"}}},{"range":[165,21,165,23],"value":{"type":"list","list":[]}},{"range":[165,24,165,37],"value":{"type":"list","list":[{"range":[165,26,165,36],"value":{"type":"application","application":[{"range":[165,26,165,30],"value":{"type":"functionOrValue","functionOrValue":{"moduleName":[],"name":"text"}}},{"range":[165,31,165,36],"value":{"type":"functionOrValue","functionOrValue":{"moduleName":[],"name":"title"}}}]}}]}}]}}]}}]}},{"range":[166,7,166,16],"value":{"type":"functionOrValue","functionOrValue":{"moduleName":[],"name":"myElement"}}}]}}]}}}}}}},{"range":[169,1,183,26],"value":{"type":"function","function":{"documentation":null,"signature":{"range":[169,1,169,24],"value":{"name":{"range":[169,1,169,10],"value":"myElement"},"typeAnnotation":{"range":[169,13,169,24],"value":{"type":"typed","typed":{"moduleNameAndName":{"range":[169,13,169,20],"value":{"moduleName":[],"name":"Element"}},"args":[{"range":[169,21,169,24],"value":{"type":"generic","generic":{"value":"msg"}}}]}}}}},"declaration":{"range":[170,1,183,26],"value":{"name":{"range":[170,1,170,10],"value":"myElement"},"arguments":[],"expression":{"range":[171,5,183,26],"value":{"type":"application","application":[{"range":[171,5,171,7],"value":{"type":"functionOrValue","functionOrValue":{"moduleName":[],"name":"el"}}},{"range":[172,9,182,10],"value":{"type":"list","list":[{"range":[172,11,172,27],"value":{"type":"application","application":[{"range":[172,11,172,25],"value":{"type":"functionOrValue","functionOrValue":{"moduleName":["Border"],"name":"rounded"}}},{"range":[172,26,172,27],"value":{"type":"integer","integer":4}}]}},{"range":[174,11,174,31],"value":{"type":"application","application":[{"range":[174,11,174,27],"value":{"type":"functionOrValue","functionOrValue":{"moduleName":["Background"],"name":"image"}}},{"range":[174,28,174,31],"value":{"type":"functionOrValue","functionOrValue":{"moduleName":[],"name":"url"}}}]}},{"range":[175,11,175,42],"value":{"type":"application","application":[{"range":[175,11,175,21],"value":{"type":"functionOrValue","functionOrValue":{"moduleName":["Font"],"name":"color"}}},{"range":[175,22,175,42],"value":{"type":"parenthesized","parenthesized":{"range":[175,23,175,41],"value":{"type":"application","application":[{"range":[175,23,175,29],"value":{"type":"functionOrValue","functionOrValue":{"moduleName":[],"name":"rgb255"}}},{"range":[175,30,175,33],"value":{"type":"integer","integer":255}},{"range":[175,34,175,37],"value":{"type":"integer","integer":255}},{"range":[175,38,175,41],"value":{"type":"integer","integer":255}}]}}}}]}},{"range":[177,11,177,26],"value":{"type":"application","application":[{"range":[177,11,177,16],"value":{"type":"functionOrValue","functionOrValue":{"moduleName":[],"name":"width"}}},{"range":[177,17,177,19],"value":{"type":"operator","operator":"<|"}},{"range":[177,20,177,22],"value":{"type":"functionOrValue","functionOrValue":{"moduleName":[],"name":"px"}}},{"range":[177,23,177,26],"value":{"type":"integer","integer":160}}]}},{"range":[178,11,178,27],"value":{"type":"application","application":[{"range":[178,11,178,17],"value":{"type":"functionOrValue","functionOrValue":{"moduleName":[],"name":"height"}}},{"range":[178,18,178,20],"value":{"type":"operator","operator":"<|"}},{"range":[178,21,178,23],"value":{"type":"functionOrValue","functionOrValue":{"moduleName":[],"name":"px"}}},{"range":[178,24,178,27],"value":{"type":"integer","integer":160}}]}}]}},{"range":[183,9,183,26],"value":{"type":"parenthesized","parenthesized":{"range":[183,10,183,25],"value":{"type":"application","application":[{"range":[183,10,183,14],"value":{"type":"functionOrValue","functionOrValue":{"moduleName":[],"name":"text"}}},{"range":[183,15,183,25],"value":{"type":"literal","literal":"stylish!"}}]}}}}]}}}}}}}],"comments":[{"range":[181,9,181,20],"value":"--, centerY"},{"range":[180,9,180,20],"value":"--, centerX"},{"range":[179,9,179,23],"value":"--, width fill"},{"range":[176,9,176,23],"value":"--, padding 80"},{"range":[173,9,173,48],"value":"--, Background.color (rgb255 10 160 10)"},{"range":[42,9,42,31],"value":"--inFront <| myFronCol"},{"range":[8,1,8,9],"value":"--     )"},{"range":[7,1,7,24],"value":"--     centerX, maximum"},{"range":[6,1,6,61],"value":"--     width, height, px, rgb255, spacing, centerY, padding,"},{"range":[5,1,5,69],"value":"--     Element, el, text, row, column, paragraph, alignRight, fill, "},{"range":[4,1,4,29],"value":"-- import Element exposing ("}]}