{"moduleDefinition":{"range":[2,1,2,24],"value":{"type":"normal","normal":{"moduleName":{"range":[2,8,2,10],"value":["UI"]},"exposingList":{"range":[2,11,2,24],"value":{"type":"all","all":[2,21,2,23]}}}}},"imports":[{"range":[9,1,9,29],"value":{"moduleName":{"range":[9,8,9,15],"value":["Element"]},"moduleAlias":null,"exposingList":{"range":[9,16,9,29],"value":{"type":"all","all":[9,26,9,28]}}}},{"range":[10,1,10,40],"value":{"moduleName":{"range":[10,8,10,26],"value":["Element","Background"]},"moduleAlias":{"range":[10,30,10,40],"value":["Background"]},"exposingList":null}},{"range":[11,1,11,32],"value":{"moduleName":{"range":[11,8,11,22],"value":["Element","Border"]},"moduleAlias":{"range":[11,26,11,32],"value":["Border"]},"exposingList":null}},{"range":[12,1,12,28],"value":{"moduleName":{"range":[12,8,12,20],"value":["Element","Font"]},"moduleAlias":{"range":[12,24,12,28],"value":["Font"]},"exposingList":null}},{"range":[13,1,13,30],"value":{"moduleName":{"range":[13,8,13,21],"value":["Element","Input"]},"moduleAlias":{"range":[13,25,13,30],"value":["Input"]},"exposingList":null}},{"range":[14,1,14,13],"value":{"moduleName":{"range":[14,8,14,13],"value":["Debug"]},"moduleAlias":null,"exposingList":null}}],"declarations":[{"range":[17,1,17,26],"value":{"type":"function","function":{"documentation":null,"signature":null,"declaration":{"range":[17,1,17,26],"value":{"name":{"range":[17,1,17,5],"value":"gray"},"arguments":[],"expression":{"range":[17,8,17,26],"value":{"type":"application","application":[{"range":[17,8,17,14],"value":{"type":"functionOrValue","functionOrValue":{"moduleName":[],"name":"rgb255"}}},{"range":[17,15,17,18],"value":{"type":"integer","integer":200}},{"range":[17,19,17,22],"value":{"type":"integer","integer":200}},{"range":[17,23,17,26],"value":{"type":"integer","integer":200}}]}}}}}}},{"range":[18,1,18,21],"value":{"type":"function","function":{"documentation":null,"signature":null,"declaration":{"range":[18,1,18,21],"value":{"name":{"range":[18,1,18,4],"value":"red"},"arguments":[],"expression":{"range":[18,7,18,21],"value":{"type":"application","application":[{"range":[18,7,18,13],"value":{"type":"functionOrValue","functionOrValue":{"moduleName":[],"name":"rgb255"}}},{"range":[18,14,18,17],"value":{"type":"integer","integer":210}},{"range":[18,18,18,19],"value":{"type":"integer","integer":0}},{"range":[18,20,18,21],"value":{"type":"integer","integer":0}}]}}}}}}},{"range":[19,1,19,22],"value":{"type":"function","function":{"documentation":null,"signature":null,"declaration":{"range":[19,1,19,22],"value":{"name":{"range":[19,1,19,5],"value":"blue"},"arguments":[],"expression":{"range":[19,8,19,22],"value":{"type":"application","application":[{"range":[19,8,19,14],"value":{"type":"functionOrValue","functionOrValue":{"moduleName":[],"name":"rgb255"}}},{"range":[19,15,19,16],"value":{"type":"integer","integer":0}},{"range":[19,17,19,18],"value":{"type":"integer","integer":0}},{"range":[19,19,19,22],"value":{"type":"integer","integer":200}}]}}}}}}},{"range":[20,1,20,27],"value":{"type":"function","function":{"documentation":null,"signature":null,"declaration":{"range":[20,1,20,27],"value":{"name":{"range":[20,1,20,6],"value":"white"},"arguments":[],"expression":{"range":[20,9,20,27],"value":{"type":"application","application":[{"range":[20,9,20,15],"value":{"type":"functionOrValue","functionOrValue":{"moduleName":[],"name":"rgb255"}}},{"range":[20,16,20,19],"value":{"type":"integer","integer":255}},{"range":[20,20,20,23],"value":{"type":"integer","integer":255}},{"range":[20,24,20,27],"value":{"type":"integer","integer":255}}]}}}}}}},{"range":[21,1,21,26],"value":{"type":"function","function":{"documentation":null,"signature":null,"declaration":{"range":[21,1,21,26],"value":{"name":{"range":[21,1,21,6],"value":"green"},"arguments":[],"expression":{"range":[21,9,21,26],"value":{"type":"application","application":[{"range":[21,9,21,15],"value":{"type":"functionOrValue","functionOrValue":{"moduleName":[],"name":"rgb255"}}},{"range":[21,16,21,18],"value":{"type":"integer","integer":86}},{"range":[21,19,21,22],"value":{"type":"integer","integer":182}},{"range":[21,23,21,26],"value":{"type":"integer","integer":139}}]}}}}}}},{"range":[23,1,24,197],"value":{"type":"function","function":{"documentation":null,"signature":{"range":[23,1,23,12],"value":{"name":{"range":[23,1,23,4],"value":"url"},"typeAnnotation":{"range":[23,6,23,12],"value":{"type":"typed","typed":{"moduleNameAndName":{"range":[23,6,23,12],"value":{"moduleName":[],"name":"String"}},"args":[]}}}}},"declaration":{"range":[24,1,24,197],"value":{"name":{"range":[24,1,24,4],"value":"url"},"arguments":[],"expression":{"range":[24,7,24,197],"value":{"type":"literal","literal":"http://bw-qm-public.oss-cn-shenzhen.aliyuncs.com/qm/entityxwzx/fieldfm/37066e44-d760-4daf-bef6-59fc5df54a14.png?x-oss-process=image/resize,m_lfit,w_1440,limit_1/auto-orient,1/quality,q_100"}}}}}}},{"range":[26,1,27,63],"value":{"type":"function","function":{"documentation":null,"signature":{"range":[26,1,26,14],"value":{"name":{"range":[26,1,26,6],"value":"title"},"typeAnnotation":{"range":[26,8,26,14],"value":{"type":"typed","typed":{"moduleNameAndName":{"range":[26,8,26,14],"value":{"moduleName":[],"name":"String"}},"args":[]}}}}},"declaration":{"range":[27,1,27,63],"value":{"name":{"range":[27,1,27,6],"value":"title"},"arguments":[],"expression":{"range":[27,9,27,63],"value":{"type":"literal","literal":"新闻资讯标题新闻资讯标题新闻资讯标题新闻资讯新闻资讯标题新闻资讯标题新闻资讯标题新闻资讯新闻资讯标题新闻"}}}}}}},{"range":[29,1,33,16],"value":{"type":"function","function":{"documentation":null,"signature":null,"declaration":{"range":[29,1,33,16],"value":{"name":{"range":[29,1,29,5],"value":"main"},"arguments":[],"expression":{"range":[30,5,33,16],"value":{"type":"application","application":[{"range":[30,5,30,19],"value":{"type":"functionOrValue","functionOrValue":{"moduleName":["Element"],"name":"layout"}}},{"range":[30,20,32,10],"value":{"type":"list","list":[]}},{"range":[33,5,33,16],"value":{"type":"functionOrValue","functionOrValue":{"moduleName":[],"name":"myCelMiddle"}}}]}}}}}}},{"range":[35,1,37,42],"value":{"type":"function","function":{"documentation":null,"signature":{"range":[35,1,35,25],"value":{"name":{"range":[35,1,35,12],"value":"myCelMiddle"},"typeAnnotation":{"range":[35,14,35,25],"value":{"type":"typed","typed":{"moduleNameAndName":{"range":[35,14,35,21],"value":{"moduleName":[],"name":"Element"}},"args":[{"range":[35,22,35,25],"value":{"type":"generic","generic":{"value":"msg"}}}]}}}}},"declaration":{"range":[36,1,37,42],"value":{"name":{"range":[36,1,36,12],"value":"myCelMiddle"},"arguments":[],"expression":{"range":[36,15,37,42],"value":{"type":"application","application":[{"range":[36,15,36,17],"value":{"type":"functionOrValue","functionOrValue":{"moduleName":[],"name":"el"}}},{"range":[36,18,36,73],"value":{"type":"list","list":[{"range":[36,20,36,36],"value":{"type":"application","application":[{"range":[36,20,36,26],"value":{"type":"functionOrValue","functionOrValue":{"moduleName":[],"name":"height"}}},{"range":[36,27,36,29],"value":{"type":"operator","operator":"<|"}},{"range":[36,30,36,32],"value":{"type":"functionOrValue","functionOrValue":{"moduleName":[],"name":"px"}}},{"range":[36,33,36,36],"value":{"type":"integer","integer":100}}]}},{"range":[36,38,36,48],"value":{"type":"application","application":[{"range":[36,38,36,43],"value":{"type":"functionOrValue","functionOrValue":{"moduleName":[],"name":"width"}}},{"range":[36,44,36,48],"value":{"type":"functionOrValue","functionOrValue":{"moduleName":[],"name":"fill"}}}]}},{"range":[36,50,36,72],"value":{"type":"application","application":[{"range":[36,50,36,66],"value":{"type":"functionOrValue","functionOrValue":{"moduleName":["Background"],"name":"color"}}},{"range":[36,67,36,72],"value":{"type":"functionOrValue","functionOrValue":{"moduleName":[],"name":"green"}}}]}}]}},{"range":[37,5,37,42],"value":{"type":"parenthesized","parenthesized":{"range":[37,6,37,41],"value":{"type":"application","application":[{"range":[37,6,37,8],"value":{"type":"functionOrValue","functionOrValue":{"moduleName":[],"name":"el"}}},{"range":[37,9,37,19],"value":{"type":"list","list":[{"range":[37,10,37,17],"value":{"type":"functionOrValue","functionOrValue":{"moduleName":[],"name":"centerY"}}}]}},{"range":[37,20,37,22],"value":{"type":"operator","operator":"<|"}},{"range":[37,23,37,27],"value":{"type":"functionOrValue","functionOrValue":{"moduleName":[],"name":"text"}}},{"range":[37,28,37,41],"value":{"type":"literal","literal":"HELLO WORLD"}}]}}}}]}}}}}}},{"range":[40,1,55,14],"value":{"type":"function","function":{"documentation":null,"signature":{"range":[40,1,40,23],"value":{"name":{"range":[40,1,40,10],"value":"myFronCol"},"typeAnnotation":{"range":[40,12,40,23],"value":{"type":"typed","typed":{"moduleNameAndName":{"range":[40,12,40,19],"value":{"moduleName":[],"name":"Element"}},"args":[{"range":[40,20,40,23],"value":{"type":"generic","generic":{"value":"msg"}}}]}}}}},"declaration":{"range":[41,1,55,14],"value":{"name":{"range":[41,1,41,10],"value":"myFronCol"},"arguments":[],"expression":{"range":[41,13,55,14],"value":{"type":"application","application":[{"range":[41,13,41,19],"value":{"type":"functionOrValue","functionOrValue":{"moduleName":[],"name":"column"}}},{"range":[41,20,41,46],"value":{"type":"list","list":[{"range":[41,22,41,32],"value":{"type":"application","application":[{"range":[41,22,41,27],"value":{"type":"functionOrValue","functionOrValue":{"moduleName":[],"name":"width"}}},{"range":[41,28,41,32],"value":{"type":"functionOrValue","functionOrValue":{"moduleName":[],"name":"fill"}}}]}},{"range":[41,34,41,45],"value":{"type":"application","application":[{"range":[41,34,41,40],"value":{"type":"functionOrValue","functionOrValue":{"moduleName":[],"name":"height"}}},{"range":[41,41,41,45],"value":{"type":"functionOrValue","functionOrValue":{"moduleName":[],"name":"fill"}}}]}}]}},{"range":[42,13,55,14],"value":{"type":"list","list":[{"range":[43,13,54,18],"value":{"type":"application","application":[{"range":[43,13,43,16],"value":{"type":"functionOrValue","functionOrValue":{"moduleName":[],"name":"row"}}},{"range":[43,17,47,18],"value":{"type":"list","list":[{"range":[44,17,44,27],"value":{"type":"application","application":[{"range":[44,17,44,24],"value":{"type":"functionOrValue","functionOrValue":{"moduleName":[],"name":"padding"}}},{"range":[44,25,44,27],"value":{"type":"integer","integer":12}}]}},{"range":[45,17,45,27],"value":{"type":"application","application":[{"range":[45,17,45,22],"value":{"type":"functionOrValue","functionOrValue":{"moduleName":[],"name":"width"}}},{"range":[45,23,45,27],"value":{"type":"functionOrValue","functionOrValue":{"moduleName":[],"name":"fill"}}}]}},{"range":[46,17,46,37],"value":{"type":"application","application":[{"range":[46,17,46,33],"value":{"type":"functionOrValue","functionOrValue":{"moduleName":["Background"],"name":"color"}}},{"range":[46,34,46,37],"value":{"type":"functionOrValue","functionOrValue":{"moduleName":[],"name":"red"}}}]}}]}},{"range":[48,17,54,18],"value":{"type":"list","list":[{"range":[49,21,53,22],"value":{"type":"application","application":[{"range":[49,21,49,27],"value":{"type":"functionOrValue","functionOrValue":{"moduleName":[],"name":"column"}}},{"range":[49,28,49,30],"value":{"type":"list","list":[]}},{"range":[49,31,53,22],"value":{"type":"list","list":[{"range":[50,25,50,51],"value":{"type":"application","application":[{"range":[50,25,50,27],"value":{"type":"functionOrValue","functionOrValue":{"moduleName":[],"name":"el"}}},{"range":[50,28,50,30],"value":{"type":"list","list":[]}},{"range":[50,31,50,51],"value":{"type":"parenthesized","parenthesized":{"range":[50,32,50,50],"value":{"type":"application","application":[{"range":[50,32,50,36],"value":{"type":"functionOrValue","functionOrValue":{"moduleName":[],"name":"text"}}},{"range":[50,37,50,50],"value":{"type":"literal","literal":"HELLO WORLD"}}]}}}}]}},{"range":[51,25,51,51],"value":{"type":"application","application":[{"range":[51,25,51,27],"value":{"type":"functionOrValue","functionOrValue":{"moduleName":[],"name":"el"}}},{"range":[51,28,51,30],"value":{"type":"list","list":[]}},{"range":[51,31,51,51],"value":{"type":"parenthesized","parenthesized":{"range":[51,32,51,50],"value":{"type":"application","application":[{"range":[51,32,51,36],"value":{"type":"functionOrValue","functionOrValue":{"moduleName":[],"name":"text"}}},{"range":[51,37,51,50],"value":{"type":"literal","literal":"HELLO WORLD"}}]}}}}]}}]}}]}}]}}]}}]}}]}}}}}}},{"range":[57,1,74,14],"value":{"type":"function","function":{"documentation":null,"signature":{"range":[57,1,57,22],"value":{"name":{"range":[57,1,57,9],"value":"myRow222"},"typeAnnotation":{"range":[57,11,57,22],"value":{"type":"typed","typed":{"moduleNameAndName":{"range":[57,11,57,18],"value":{"moduleName":[],"name":"Element"}},"args":[{"range":[57,19,57,22],"value":{"type":"generic","generic":{"value":"msg"}}}]}}}}},"declaration":{"range":[58,1,74,14],"value":{"name":{"range":[58,1,58,9],"value":"myRow222"},"arguments":[],"expression":{"range":[58,12,74,14],"value":{"type":"application","application":[{"range":[58,12,58,15],"value":{"type":"functionOrValue","functionOrValue":{"moduleName":[],"name":"row"}}},{"range":[58,16,58,18],"value":{"type":"list","list":[]}},{"range":[59,13,74,14],"value":{"type":"list","list":[{"range":[60,13,60,79],"value":{"type":"application","application":[{"range":[60,13,60,15],"value":{"type":"functionOrValue","functionOrValue":{"moduleName":[],"name":"el"}}},{"range":[60,16,60,74],"value":{"type":"list","list":[{"range":[60,18,60,33],"value":{"type":"application","application":[{"range":[60,18,60,24],"value":{"type":"functionOrValue","functionOrValue":{"moduleName":[],"name":"height"}}},{"range":[60,25,60,33],"value":{"type":"parenthesized","parenthesized":{"range":[60,26,60,32],"value":{"type":"application","application":[{"range":[60,26,60,28],"value":{"type":"functionOrValue","functionOrValue":{"moduleName":[],"name":"px"}}},{"range":[60,29,60,32],"value":{"type":"integer","integer":400}}]}}}}]}},{"range":[60,35,60,49],"value":{"type":"application","application":[{"range":[60,35,60,40],"value":{"type":"functionOrValue","functionOrValue":{"moduleName":[],"name":"width"}}},{"range":[60,41,60,49],"value":{"type":"parenthesized","parenthesized":{"range":[60,42,60,48],"value":{"type":"application","application":[{"range":[60,42,60,44],"value":{"type":"functionOrValue","functionOrValue":{"moduleName":[],"name":"px"}}},{"range":[60,45,60,48],"value":{"type":"integer","integer":100}}]}}}}]}},{"range":[60,51,60,73],"value":{"type":"application","application":[{"range":[60,51,60,67],"value":{"type":"functionOrValue","functionOrValue":{"moduleName":["Background"],"name":"color"}}},{"range":[60,68,60,73],"value":{"type":"functionOrValue","functionOrValue":{"moduleName":[],"name":"green"}}}]}}]}},{"range":[60,75,60,79],"value":{"type":"functionOrValue","functionOrValue":{"moduleName":[],"name":"none"}}}]}},{"range":[61,14,73,18],"value":{"type":"application","application":[{"range":[61,14,61,20],"value":{"type":"functionOrValue","functionOrValue":{"moduleName":[],"name":"column"}}},{"range":[62,17,62,43],"value":{"type":"list","list":[{"range":[62,18,62,29],"value":{"type":"functionOrValue","functionOrValue":{"moduleName":[],"name":"spaceEvenly"}}},{"range":[62,31,62,42],"value":{"type":"application","application":[{"range":[62,31,62,37],"value":{"type":"functionOrValue","functionOrValue":{"moduleName":[],"name":"height"}}},{"range":[62,38,62,42],"value":{"type":"functionOrValue","functionOrValue":{"moduleName":[],"name":"fill"}}}]}}]}},{"range":[63,17,73,18],"value":{"type":"list","list":[{"range":[64,17,64,35],"value":{"type":"application","application":[{"range":[64,17,64,19],"value":{"type":"functionOrValue","functionOrValue":{"moduleName":[],"name":"el"}}},{"range":[64,20,64,22],"value":{"type":"list","list":[]}},{"range":[64,23,64,35],"value":{"type":"parenthesized","parenthesized":{"range":[64,24,64,34],"value":{"type":"application","application":[{"range":[64,24,64,28],"value":{"type":"functionOrValue","functionOrValue":{"moduleName":[],"name":"text"}}},{"range":[64,29,64,34],"value":{"type":"literal","literal":"Top"}}]}}}}]}},{"range":[65,18,71,22],"value":{"type":"application","application":[{"range":[65,18,65,24],"value":{"type":"functionOrValue","functionOrValue":{"moduleName":[],"name":"column"}}},{"range":[66,21,66,23],"value":{"type":"list","list":[]}},{"range":[67,21,71,22],"value":{"type":"list","list":[{"range":[68,25,68,42],"value":{"type":"application","application":[{"range":[68,25,68,27],"value":{"type":"functionOrValue","functionOrValue":{"moduleName":[],"name":"el"}}},{"range":[68,28,68,30],"value":{"type":"list","list":[]}},{"range":[68,31,68,42],"value":{"type":"parenthesized","parenthesized":{"range":[68,32,68,41],"value":{"type":"application","application":[{"range":[68,32,68,36],"value":{"type":"functionOrValue","functionOrValue":{"moduleName":[],"name":"text"}}},{"range":[68,37,68,41],"value":{"type":"literal","literal":"M1"}}]}}}}]}},{"range":[69,26,69,43],"value":{"type":"application","application":[{"range":[69,26,69,28],"value":{"type":"functionOrValue","functionOrValue":{"moduleName":[],"name":"el"}}},{"range":[69,29,69,31],"value":{"type":"list","list":[]}},{"range":[69,32,69,43],"value":{"type":"parenthesized","parenthesized":{"range":[69,33,69,42],"value":{"type":"application","application":[{"range":[69,33,69,37],"value":{"type":"functionOrValue","functionOrValue":{"moduleName":[],"name":"text"}}},{"range":[69,38,69,42],"value":{"type":"literal","literal":"M2"}}]}}}}]}},{"range":[70,26,70,43],"value":{"type":"application","application":[{"range":[70,26,70,28],"value":{"type":"functionOrValue","functionOrValue":{"moduleName":[],"name":"el"}}},{"range":[70,29,70,31],"value":{"type":"list","list":[]}},{"range":[70,32,70,43],"value":{"type":"parenthesized","parenthesized":{"range":[70,33,70,42],"value":{"type":"application","application":[{"range":[70,33,70,37],"value":{"type":"functionOrValue","functionOrValue":{"moduleName":[],"name":"text"}}},{"range":[70,38,70,42],"value":{"type":"literal","literal":"M3"}}]}}}}]}}]}}]}},{"range":[72,19,72,40],"value":{"type":"application","application":[{"range":[72,19,72,21],"value":{"type":"functionOrValue","functionOrValue":{"moduleName":[],"name":"el"}}},{"range":[72,22,72,24],"value":{"type":"list","list":[]}},{"range":[72,25,72,40],"value":{"type":"parenthesized","parenthesized":{"range":[72,26,72,39],"value":{"type":"application","application":[{"range":[72,26,72,30],"value":{"type":"functionOrValue","functionOrValue":{"moduleName":[],"name":"text"}}},{"range":[72,31,72,39],"value":{"type":"literal","literal":"Bottom"}}]}}}}]}}]}}]}}]}}]}}}}}}},{"range":[76,1,82,14],"value":{"type":"function","function":{"documentation":null,"signature":{"range":[76,1,76,22],"value":{"name":{"range":[76,1,76,9],"value":"myRow333"},"typeAnnotation":{"range":[76,11,76,22],"value":{"type":"typed","typed":{"moduleNameAndName":{"range":[76,11,76,18],"value":{"moduleName":[],"name":"Element"}},"args":[{"range":[76,19,76,22],"value":{"type":"generic","generic":{"value":"msg"}}}]}}}}},"declaration":{"range":[77,1,82,14],"value":{"name":{"range":[77,1,77,9],"value":"myRow333"},"arguments":[],"expression":{"range":[77,12,82,14],"value":{"type":"application","application":[{"range":[77,12,77,15],"value":{"type":"functionOrValue","functionOrValue":{"moduleName":[],"name":"row"}}},{"range":[78,13,78,16],"value":{"type":"list","list":[]}},{"range":[79,13,82,14],"value":{"type":"list","list":[{"range":[79,15,81,95],"value":{"type":"application","application":[{"range":[79,15,79,20],"value":{"type":"functionOrValue","functionOrValue":{"moduleName":[],"name":"image"}}},{"range":[80,17,80,34],"value":{"type":"list","list":[{"range":[80,19,80,32],"value":{"type":"application","application":[{"range":[80,19,80,24],"value":{"type":"functionOrValue","functionOrValue":{"moduleName":[],"name":"width"}}},{"range":[80,25,80,32],"value":{"type":"parenthesized","parenthesized":{"range":[80,26,80,31],"value":{"type":"application","application":[{"range":[80,26,80,28],"value":{"type":"functionOrValue","functionOrValue":{"moduleName":[],"name":"px"}}},{"range":[80,29,80,31],"value":{"type":"integer","integer":80}}]}}}}]}}]}},{"range":[81,17,81,95],"value":{"type":"record","record":[{"range":[81,19,81,71],"value":{"field":{"range":[81,19,81,22],"value":"src"},"expression":{"range":[81,25,81,71],"value":{"type":"literal","literal":"http://localhost:3200/SaiAuLogo.c8014053.png"}}}},{"range":[81,73,81,94],"value":{"field":{"range":[81,73,81,84],"value":"description"},"expression":{"range":[81,87,81,94],"value":{"type":"literal","literal":"HELLO"}}}}]}}]}}]}}]}}}}}}},{"range":[84,1,117,6],"value":{"type":"function","function":{"documentation":null,"signature":{"range":[84,1,84,20],"value":{"name":{"range":[84,1,84,7],"value":"myRow1"},"typeAnnotation":{"range":[84,9,84,20],"value":{"type":"typed","typed":{"moduleNameAndName":{"range":[84,9,84,16],"value":{"moduleName":[],"name":"Element"}},"args":[{"range":[84,17,84,20],"value":{"type":"generic","generic":{"value":"msg"}}}]}}}}},"declaration":{"range":[85,1,117,6],"value":{"name":{"range":[85,1,85,7],"value":"myRow1"},"arguments":[],"expression":{"range":[85,10,117,6],"value":{"type":"application","application":[{"range":[85,10,85,16],"value":{"type":"functionOrValue","functionOrValue":{"moduleName":[],"name":"column"}}},{"range":[86,5,86,30],"value":{"type":"list","list":[{"range":[86,7,86,17],"value":{"type":"application","application":[{"range":[86,7,86,14],"value":{"type":"functionOrValue","functionOrValue":{"moduleName":[],"name":"spacing"}}},{"range":[86,15,86,17],"value":{"type":"integer","integer":20}}]}},{"range":[86,19,86,29],"value":{"type":"application","application":[{"range":[86,19,86,26],"value":{"type":"functionOrValue","functionOrValue":{"moduleName":[],"name":"padding"}}},{"range":[86,27,86,29],"value":{"type":"integer","integer":32}}]}}]}},{"range":[87,5,117,6],"value":{"type":"list","list":[{"range":[88,9,88,62],"value":{"type":"application","application":[{"range":[88,9,88,11],"value":{"type":"functionOrValue","functionOrValue":{"moduleName":[],"name":"el"}}},{"range":[88,12,88,42],"value":{"type":"list","list":[{"range":[88,14,88,41],"value":{"type":"application","application":[{"range":[88,14,88,20],"value":{"type":"functionOrValue","functionOrValue":{"moduleName":[],"name":"onLeft"}}},{"range":[88,21,88,41],"value":{"type":"parenthesized","parenthesized":{"range":[88,22,88,40],"value":{"type":"application","application":[{"range":[88,22,88,26],"value":{"type":"functionOrValue","functionOrValue":{"moduleName":[],"name":"text"}}},{"range":[88,27,88,40],"value":{"type":"literal","literal":"I'm bellow!"}}]}}}}]}}]}},{"range":[88,43,88,62],"value":{"type":"parenthesized","parenthesized":{"range":[88,44,88,61],"value":{"type":"application","application":[{"range":[88,44,88,48],"value":{"type":"functionOrValue","functionOrValue":{"moduleName":[],"name":"text"}}},{"range":[88,49,88,61],"value":{"type":"literal","literal":"I'm normal"}}]}}}}]}},{"range":[89,11,91,31],"value":{"type":"application","application":[{"range":[89,11,89,13],"value":{"type":"functionOrValue","functionOrValue":{"moduleName":[],"name":"el"}}},{"range":[89,14,90,14],"value":{"type":"list","list":[]}},{"range":[91,13,91,31],"value":{"type":"parenthesized","parenthesized":{"range":[91,14,91,30],"value":{"type":"application","application":[{"range":[91,14,91,18],"value":{"type":"functionOrValue","functionOrValue":{"moduleName":[],"name":"text"}}},{"range":[91,19,91,30],"value":{"type":"literal","literal":"test none"}}]}}}}]}},{"range":[92,11,95,32],"value":{"type":"application","application":[{"range":[92,11,92,13],"value":{"type":"functionOrValue","functionOrValue":{"moduleName":[],"name":"el"}}},{"range":[92,14,94,14],"value":{"type":"list","list":[{"range":[93,13,93,69],"value":{"type":"application","application":[{"range":[93,13,93,20],"value":{"type":"functionOrValue","functionOrValue":{"moduleName":[],"name":"inFront"}}},{"range":[93,21,93,23],"value":{"type":"operator","operator":"<|"}},{"range":[93,24,93,26],"value":{"type":"functionOrValue","functionOrValue":{"moduleName":[],"name":"el"}}},{"range":[93,27,93,64],"value":{"type":"list","list":[{"range":[93,29,93,39],"value":{"type":"application","application":[{"range":[93,29,93,36],"value":{"type":"functionOrValue","functionOrValue":{"moduleName":[],"name":"padding"}}},{"range":[93,37,93,39],"value":{"type":"integer","integer":10}}]}},{"range":[93,41,93,62],"value":{"type":"application","application":[{"range":[93,41,93,57],"value":{"type":"functionOrValue","functionOrValue":{"moduleName":["Background"],"name":"color"}}},{"range":[93,58,93,62],"value":{"type":"functionOrValue","functionOrValue":{"moduleName":[],"name":"blue"}}}]}}]}},{"range":[93,65,93,69],"value":{"type":"functionOrValue","functionOrValue":{"moduleName":[],"name":"none"}}}]}}]}},{"range":[95,13,95,32],"value":{"type":"parenthesized","parenthesized":{"range":[95,14,95,31],"value":{"type":"application","application":[{"range":[95,14,95,18],"value":{"type":"functionOrValue","functionOrValue":{"moduleName":[],"name":"text"}}},{"range":[95,19,95,31],"value":{"type":"literal","literal":"test front"}}]}}}}]}},{"range":[96,11,99,33],"value":{"type":"application","application":[{"range":[96,11,96,13],"value":{"type":"functionOrValue","functionOrValue":{"moduleName":[],"name":"el"}}},{"range":[96,14,98,14],"value":{"type":"list","list":[{"range":[97,13,97,75],"value":{"type":"application","application":[{"range":[97,13,97,26],"value":{"type":"functionOrValue","functionOrValue":{"moduleName":[],"name":"behindContent"}}},{"range":[97,27,97,29],"value":{"type":"operator","operator":"<|"}},{"range":[97,30,97,32],"value":{"type":"functionOrValue","functionOrValue":{"moduleName":[],"name":"el"}}},{"range":[97,33,97,70],"value":{"type":"list","list":[{"range":[97,35,97,45],"value":{"type":"application","application":[{"range":[97,35,97,42],"value":{"type":"functionOrValue","functionOrValue":{"moduleName":[],"name":"padding"}}},{"range":[97,43,97,45],"value":{"type":"integer","integer":10}}]}},{"range":[97,47,97,68],"value":{"type":"application","application":[{"range":[97,47,97,63],"value":{"type":"functionOrValue","functionOrValue":{"moduleName":["Background"],"name":"color"}}},{"range":[97,64,97,68],"value":{"type":"functionOrValue","functionOrValue":{"moduleName":[],"name":"blue"}}}]}}]}},{"range":[97,71,97,75],"value":{"type":"functionOrValue","functionOrValue":{"moduleName":[],"name":"none"}}}]}}]}},{"range":[99,13,99,33],"value":{"type":"parenthesized","parenthesized":{"range":[99,14,99,32],"value":{"type":"application","application":[{"range":[99,14,99,18],"value":{"type":"functionOrValue","functionOrValue":{"moduleName":[],"name":"text"}}},{"range":[99,19,99,32],"value":{"type":"literal","literal":"test behind"}}]}}}}]}},{"range":[100,11,103,31],"value":{"type":"application","application":[{"range":[100,11,100,13],"value":{"type":"functionOrValue","functionOrValue":{"moduleName":[],"name":"el"}}},{"range":[100,14,102,14],"value":{"type":"list","list":[{"range":[101,13,101,68],"value":{"type":"application","application":[{"range":[101,13,101,19],"value":{"type":"functionOrValue","functionOrValue":{"moduleName":[],"name":"onLeft"}}},{"range":[101,20,101,22],"value":{"type":"operator","operator":"<|"}},{"range":[101,23,101,25],"value":{"type":"functionOrValue","functionOrValue":{"moduleName":[],"name":"el"}}},{"range":[101,26,101,63],"value":{"type":"list","list":[{"range":[101,28,101,38],"value":{"type":"application","application":[{"range":[101,28,101,35],"value":{"type":"functionOrValue","functionOrValue":{"moduleName":[],"name":"padding"}}},{"range":[101,36,101,38],"value":{"type":"integer","integer":10}}]}},{"range":[101,40,101,61],"value":{"type":"application","application":[{"range":[101,40,101,56],"value":{"type":"functionOrValue","functionOrValue":{"moduleName":["Background"],"name":"color"}}},{"range":[101,57,101,61],"value":{"type":"functionOrValue","functionOrValue":{"moduleName":[],"name":"blue"}}}]}}]}},{"range":[101,64,101,68],"value":{"type":"functionOrValue","functionOrValue":{"moduleName":[],"name":"none"}}}]}}]}},{"range":[103,13,103,31],"value":{"type":"parenthesized","parenthesized":{"range":[103,14,103,30],"value":{"type":"application","application":[{"range":[103,14,103,18],"value":{"type":"functionOrValue","functionOrValue":{"moduleName":[],"name":"text"}}},{"range":[103,19,103,30],"value":{"type":"literal","literal":"test left"}}]}}}}]}},{"range":[104,11,107,32],"value":{"type":"application","application":[{"range":[104,11,104,13],"value":{"type":"functionOrValue","functionOrValue":{"moduleName":[],"name":"el"}}},{"range":[104,14,106,14],"value":{"type":"list","list":[{"range":[105,13,105,69],"value":{"type":"application","application":[{"range":[105,13,105,20],"value":{"type":"functionOrValue","functionOrValue":{"moduleName":[],"name":"onRight"}}},{"range":[105,21,105,23],"value":{"type":"operator","operator":"<|"}},{"range":[105,24,105,26],"value":{"type":"functionOrValue","functionOrValue":{"moduleName":[],"name":"el"}}},{"range":[105,27,105,64],"value":{"type":"list","list":[{"range":[105,29,105,39],"value":{"type":"application","application":[{"range":[105,29,105,36],"value":{"type":"functionOrValue","functionOrValue":{"moduleName":[],"name":"padding"}}},{"range":[105,37,105,39],"value":{"type":"integer","integer":10}}]}},{"range":[105,41,105,62],"value":{"type":"application","application":[{"range":[105,41,105,57],"value":{"type":"functionOrValue","functionOrValue":{"moduleName":["Background"],"name":"color"}}},{"range":[105,58,105,62],"value":{"type":"functionOrValue","functionOrValue":{"moduleName":[],"name":"blue"}}}]}}]}},{"range":[105,65,105,69],"value":{"type":"functionOrValue","functionOrValue":{"moduleName":[],"name":"none"}}}]}}]}},{"range":[107,13,107,32],"value":{"type":"parenthesized","parenthesized":{"range":[107,14,107,31],"value":{"type":"application","application":[{"range":[107,14,107,18],"value":{"type":"functionOrValue","functionOrValue":{"moduleName":[],"name":"text"}}},{"range":[107,19,107,31],"value":{"type":"literal","literal":"test right"}}]}}}}]}},{"range":[108,11,111,32],"value":{"type":"application","application":[{"range":[108,11,108,13],"value":{"type":"functionOrValue","functionOrValue":{"moduleName":[],"name":"el"}}},{"range":[108,14,110,14],"value":{"type":"list","list":[{"range":[109,13,109,67],"value":{"type":"application","application":[{"range":[109,13,109,18],"value":{"type":"functionOrValue","functionOrValue":{"moduleName":[],"name":"above"}}},{"range":[109,19,109,21],"value":{"type":"operator","operator":"<|"}},{"range":[109,22,109,24],"value":{"type":"functionOrValue","functionOrValue":{"moduleName":[],"name":"el"}}},{"range":[109,25,109,62],"value":{"type":"list","list":[{"range":[109,27,109,37],"value":{"type":"application","application":[{"range":[109,27,109,34],"value":{"type":"functionOrValue","functionOrValue":{"moduleName":[],"name":"padding"}}},{"range":[109,35,109,37],"value":{"type":"integer","integer":10}}]}},{"range":[109,39,109,60],"value":{"type":"application","application":[{"range":[109,39,109,55],"value":{"type":"functionOrValue","functionOrValue":{"moduleName":["Background"],"name":"color"}}},{"range":[109,56,109,60],"value":{"type":"functionOrValue","functionOrValue":{"moduleName":[],"name":"blue"}}}]}}]}},{"range":[109,63,109,67],"value":{"type":"functionOrValue","functionOrValue":{"moduleName":[],"name":"none"}}}]}}]}},{"range":[111,13,111,32],"value":{"type":"parenthesized","parenthesized":{"range":[111,14,111,31],"value":{"type":"application","application":[{"range":[111,14,111,18],"value":{"type":"functionOrValue","functionOrValue":{"moduleName":[],"name":"text"}}},{"range":[111,19,111,31],"value":{"type":"literal","literal":"test above"}}]}}}}]}},{"range":[112,11,115,32],"value":{"type":"application","application":[{"range":[112,11,112,13],"value":{"type":"functionOrValue","functionOrValue":{"moduleName":[],"name":"el"}}},{"range":[112,14,114,14],"value":{"type":"list","list":[{"range":[113,13,113,67],"value":{"type":"application","application":[{"range":[113,13,113,18],"value":{"type":"functionOrValue","functionOrValue":{"moduleName":[],"name":"below"}}},{"range":[113,19,113,21],"value":{"type":"operator","operator":"<|"}},{"range":[113,22,113,24],"value":{"type":"functionOrValue","functionOrValue":{"moduleName":[],"name":"el"}}},{"range":[113,25,113,62],"value":{"type":"list","list":[{"range":[113,27,113,37],"value":{"type":"application","application":[{"range":[113,27,113,34],"value":{"type":"functionOrValue","functionOrValue":{"moduleName":[],"name":"padding"}}},{"range":[113,35,113,37],"value":{"type":"integer","integer":10}}]}},{"range":[113,39,113,60],"value":{"type":"application","application":[{"range":[113,39,113,55],"value":{"type":"functionOrValue","functionOrValue":{"moduleName":["Background"],"name":"color"}}},{"range":[113,56,113,60],"value":{"type":"functionOrValue","functionOrValue":{"moduleName":[],"name":"blue"}}}]}}]}},{"range":[113,63,113,67],"value":{"type":"functionOrValue","functionOrValue":{"moduleName":[],"name":"none"}}}]}}]}},{"range":[115,13,115,32],"value":{"type":"parenthesized","parenthesized":{"range":[115,14,115,31],"value":{"type":"application","application":[{"range":[115,14,115,18],"value":{"type":"functionOrValue","functionOrValue":{"moduleName":[],"name":"text"}}},{"range":[115,19,115,31],"value":{"type":"literal","literal":"test below"}}]}}}}]}}]}}]}}}}}}},{"range":[119,1,127,6],"value":{"type":"function","function":{"documentation":null,"signature":{"range":[119,1,119,19],"value":{"name":{"range":[119,1,119,6],"value":"myCol"},"typeAnnotation":{"range":[119,8,119,19],"value":{"type":"typed","typed":{"moduleNameAndName":{"range":[119,8,119,15],"value":{"moduleName":[],"name":"Element"}},"args":[{"range":[119,16,119,19],"value":{"type":"generic","generic":{"value":"msg"}}}]}}}}},"declaration":{"range":[120,1,127,6],"value":{"name":{"range":[120,1,120,6],"value":"myCol"},"arguments":[],"expression":{"range":[120,9,127,6],"value":{"type":"application","application":[{"range":[120,9,120,15],"value":{"type":"functionOrValue","functionOrValue":{"moduleName":[],"name":"column"}}},{"range":[120,16,123,6],"value":{"type":"list","list":[{"range":[121,5,121,15],"value":{"type":"application","application":[{"range":[121,5,121,10],"value":{"type":"functionOrValue","functionOrValue":{"moduleName":[],"name":"width"}}},{"range":[121,11,121,15],"value":{"type":"functionOrValue","functionOrValue":{"moduleName":[],"name":"fill"}}}]}},{"range":[122,7,122,18],"value":{"type":"application","application":[{"range":[122,7,122,13],"value":{"type":"functionOrValue","functionOrValue":{"moduleName":[],"name":"height"}}},{"range":[122,14,122,18],"value":{"type":"functionOrValue","functionOrValue":{"moduleName":[],"name":"fill"}}}]}}]}},{"range":[124,5,127,6],"value":{"type":"list","list":[{"range":[124,7,124,33],"value":{"type":"application","application":[{"range":[124,7,124,9],"value":{"type":"functionOrValue","functionOrValue":{"moduleName":[],"name":"el"}}},{"range":[124,10,124,12],"value":{"type":"list","list":[]}},{"range":[124,13,124,33],"value":{"type":"parenthesized","parenthesized":{"range":[124,14,124,32],"value":{"type":"application","application":[{"range":[124,14,124,18],"value":{"type":"functionOrValue","functionOrValue":{"moduleName":[],"name":"text"}}},{"range":[124,19,124,32],"value":{"type":"literal","literal":"HELLO WORLD"}}]}}}}]}},{"range":[125,7,125,42],"value":{"type":"application","application":[{"range":[125,7,125,9],"value":{"type":"functionOrValue","functionOrValue":{"moduleName":[],"name":"el"}}},{"range":[125,10,125,28],"value":{"type":"list","list":[{"range":[125,11,125,18],"value":{"type":"functionOrValue","functionOrValue":{"moduleName":[],"name":"centerY"}}},{"range":[125,20,125,27],"value":{"type":"functionOrValue","functionOrValue":{"moduleName":[],"name":"centerX"}}}]}},{"range":[125,29,125,42],"value":{"type":"parenthesized","parenthesized":{"range":[125,30,125,41],"value":{"type":"application","application":[{"range":[125,30,125,34],"value":{"type":"functionOrValue","functionOrValue":{"moduleName":[],"name":"text"}}},{"range":[125,35,125,41],"value":{"type":"literal","literal":"COOL"}}]}}}}]}},{"range":[126,7,126,25],"value":{"type":"application","application":[{"range":[126,7,126,9],"value":{"type":"functionOrValue","functionOrValue":{"moduleName":[],"name":"el"}}},{"range":[126,10,126,12],"value":{"type":"list","list":[]}},{"range":[126,13,126,25],"value":{"type":"parenthesized","parenthesized":{"range":[126,14,126,24],"value":{"type":"application","application":[{"range":[126,14,126,18],"value":{"type":"functionOrValue","functionOrValue":{"moduleName":[],"name":"text"}}},{"range":[126,19,126,24],"value":{"type":"literal","literal":"MAN"}}]}}}}]}}]}}]}}}}}}},{"range":[130,1,141,6],"value":{"type":"function","function":{"documentation":null,"signature":{"range":[130,1,130,19],"value":{"name":{"range":[130,1,130,6],"value":"myRow"},"typeAnnotation":{"range":[130,8,130,19],"value":{"type":"typed","typed":{"moduleNameAndName":{"range":[130,8,130,15],"value":{"moduleName":[],"name":"Element"}},"args":[{"range":[130,16,130,19],"value":{"type":"generic","generic":{"value":"msg"}}}]}}}}},"declaration":{"range":[131,1,141,6],"value":{"name":{"range":[131,1,131,6],"value":"myRow"},"arguments":[],"expression":{"range":[131,9,141,6],"value":{"type":"application","application":[{"range":[131,9,131,12],"value":{"type":"functionOrValue","functionOrValue":{"moduleName":[],"name":"row"}}},{"range":[132,5,132,35],"value":{"type":"list","list":[{"range":[132,6,132,13],"value":{"type":"functionOrValue","functionOrValue":{"moduleName":[],"name":"centerX"}}},{"range":[132,15,132,22],"value":{"type":"functionOrValue","functionOrValue":{"moduleName":[],"name":"centerY"}}},{"range":[132,24,132,34],"value":{"type":"application","application":[{"range":[132,24,132,31],"value":{"type":"functionOrValue","functionOrValue":{"moduleName":[],"name":"spacing"}}},{"range":[132,32,132,34],"value":{"type":"integer","integer":10}}]}}]}},{"range":[133,5,141,6],"value":{"type":"list","list":[{"range":[133,7,133,16],"value":{"type":"functionOrValue","functionOrValue":{"moduleName":[],"name":"myElement"}}},{"range":[134,7,134,25],"value":{"type":"application","application":[{"range":[134,7,134,10],"value":{"type":"functionOrValue","functionOrValue":{"moduleName":[],"name":"row"}}},{"range":[134,11,134,13],"value":{"type":"list","list":[]}},{"range":[134,14,134,25],"value":{"type":"list","list":[{"range":[134,15,134,24],"value":{"type":"functionOrValue","functionOrValue":{"moduleName":[],"name":"myElement"}}}]}}]}},{"range":[135,7,139,38],"value":{"type":"application","application":[{"range":[135,7,135,13],"value":{"type":"functionOrValue","functionOrValue":{"moduleName":[],"name":"column"}}},{"range":[136,9,138,10],"value":{"type":"list","list":[{"range":[137,9,137,19],"value":{"type":"application","application":[{"range":[137,9,137,14],"value":{"type":"functionOrValue","functionOrValue":{"moduleName":[],"name":"width"}}},{"range":[137,15,137,19],"value":{"type":"functionOrValue","functionOrValue":{"moduleName":[],"name":"fill"}}}]}}]}},{"range":[139,9,139,38],"value":{"type":"list","list":[{"range":[139,11,139,37],"value":{"type":"application","application":[{"range":[139,11,139,20],"value":{"type":"functionOrValue","functionOrValue":{"moduleName":[],"name":"paragraph"}}},{"range":[139,21,139,23],"value":{"type":"list","list":[]}},{"range":[139,24,139,37],"value":{"type":"list","list":[{"range":[139,26,139,36],"value":{"type":"application","application":[{"range":[139,26,139,30],"value":{"type":"functionOrValue","functionOrValue":{"moduleName":[],"name":"text"}}},{"range":[139,31,139,36],"value":{"type":"functionOrValue","functionOrValue":{"moduleName":[],"name":"title"}}}]}}]}}]}}]}}]}},{"range":[140,7,140,16],"value":{"type":"functionOrValue","functionOrValue":{"moduleName":[],"name":"myElement"}}}]}}]}}}}}}},{"range":[143,1,157,26],"value":{"type":"function","function":{"documentation":null,"signature":{"range":[143,1,143,24],"value":{"name":{"range":[143,1,143,10],"value":"myElement"},"typeAnnotation":{"range":[143,13,143,24],"value":{"type":"typed","typed":{"moduleNameAndName":{"range":[143,13,143,20],"value":{"moduleName":[],"name":"Element"}},"args":[{"range":[143,21,143,24],"value":{"type":"generic","generic":{"value":"msg"}}}]}}}}},"declaration":{"range":[144,1,157,26],"value":{"name":{"range":[144,1,144,10],"value":"myElement"},"arguments":[],"expression":{"range":[145,5,157,26],"value":{"type":"application","application":[{"range":[145,5,145,7],"value":{"type":"functionOrValue","functionOrValue":{"moduleName":[],"name":"el"}}},{"range":[146,9,156,10],"value":{"type":"list","list":[{"range":[146,11,146,27],"value":{"type":"application","application":[{"range":[146,11,146,25],"value":{"type":"functionOrValue","functionOrValue":{"moduleName":["Border"],"name":"rounded"}}},{"range":[146,26,146,27],"value":{"type":"integer","integer":4}}]}},{"range":[148,11,148,31],"value":{"type":"application","application":[{"range":[148,11,148,27],"value":{"type":"functionOrValue","functionOrValue":{"moduleName":["Background"],"name":"image"}}},{"range":[148,28,148,31],"value":{"type":"functionOrValue","functionOrValue":{"moduleName":[],"name":"url"}}}]}},{"range":[149,11,149,42],"value":{"type":"application","application":[{"range":[149,11,149,21],"value":{"type":"functionOrValue","functionOrValue":{"moduleName":["Font"],"name":"color"}}},{"range":[149,22,149,42],"value":{"type":"parenthesized","parenthesized":{"range":[149,23,149,41],"value":{"type":"application","application":[{"range":[149,23,149,29],"value":{"type":"functionOrValue","functionOrValue":{"moduleName":[],"name":"rgb255"}}},{"range":[149,30,149,33],"value":{"type":"integer","integer":255}},{"range":[149,34,149,37],"value":{"type":"integer","integer":255}},{"range":[149,38,149,41],"value":{"type":"integer","integer":255}}]}}}}]}},{"range":[151,11,151,26],"value":{"type":"application","application":[{"range":[151,11,151,16],"value":{"type":"functionOrValue","functionOrValue":{"moduleName":[],"name":"width"}}},{"range":[151,17,151,19],"value":{"type":"operator","operator":"<|"}},{"range":[151,20,151,22],"value":{"type":"functionOrValue","functionOrValue":{"moduleName":[],"name":"px"}}},{"range":[151,23,151,26],"value":{"type":"integer","integer":160}}]}},{"range":[152,11,152,27],"value":{"type":"application","application":[{"range":[152,11,152,17],"value":{"type":"functionOrValue","functionOrValue":{"moduleName":[],"name":"height"}}},{"range":[152,18,152,20],"value":{"type":"operator","operator":"<|"}},{"range":[152,21,152,23],"value":{"type":"functionOrValue","functionOrValue":{"moduleName":[],"name":"px"}}},{"range":[152,24,152,27],"value":{"type":"integer","integer":160}}]}}]}},{"range":[157,9,157,26],"value":{"type":"parenthesized","parenthesized":{"range":[157,10,157,25],"value":{"type":"application","application":[{"range":[157,10,157,14],"value":{"type":"functionOrValue","functionOrValue":{"moduleName":[],"name":"text"}}},{"range":[157,15,157,25],"value":{"type":"literal","literal":"stylish!"}}]}}}}]}}}}}}}],"comments":[{"range":[155,9,155,20],"value":"--, centerY"},{"range":[154,9,154,20],"value":"--, centerX"},{"range":[153,9,153,23],"value":"--, width fill"},{"range":[150,9,150,23],"value":"--, padding 80"},{"range":[147,9,147,48],"value":"--, Background.color (rgb255 10 160 10)"},{"range":[31,9,31,31],"value":"--inFront <| myFronCol"},{"range":[8,1,8,9],"value":"--     )"},{"range":[7,1,7,24],"value":"--     centerX, maximum"},{"range":[6,1,6,61],"value":"--     width, height, px, rgb255, spacing, centerY, padding,"},{"range":[5,1,5,69],"value":"--     Element, el, text, row, column, paragraph, alignRight, fill, "},{"range":[4,1,4,29],"value":"-- import Element exposing ("}]}