{"moduleDefinition":{"range":[2,1,2,24],"value":{"type":"normal","normal":{"moduleName":{"range":[2,8,2,10],"value":["UI"]},"exposingList":{"range":[2,11,2,24],"value":{"type":"all","all":[2,21,2,23]}}}}},"imports":[{"range":[4,1,8,6],"value":{"moduleName":{"range":[4,8,4,15],"value":["Element"]},"moduleAlias":null,"exposingList":{"range":[4,16,8,6],"value":{"type":"explicit","explicit":[{"range":[5,5,5,12],"value":{"type":"typeOrAlias","typeOrAlias":{"name":"Element"}}},{"range":[5,14,5,16],"value":{"type":"function","function":{"name":"el"}}},{"range":[5,18,5,22],"value":{"type":"function","function":{"name":"text"}}},{"range":[5,24,5,27],"value":{"type":"function","function":{"name":"row"}}},{"range":[5,29,5,39],"value":{"type":"function","function":{"name":"alignRight"}}},{"range":[5,41,5,45],"value":{"type":"function","function":{"name":"fill"}}},{"range":[6,5,6,10],"value":{"type":"function","function":{"name":"width"}}},{"range":[6,12,6,18],"value":{"type":"function","function":{"name":"rgb255"}}},{"range":[6,20,6,27],"value":{"type":"function","function":{"name":"spacing"}}},{"range":[6,29,6,36],"value":{"type":"function","function":{"name":"centerY"}}},{"range":[6,38,6,45],"value":{"type":"function","function":{"name":"padding"}}},{"range":[7,5,7,12],"value":{"type":"function","function":{"name":"centerX"}}},{"range":[7,14,7,21],"value":{"type":"function","function":{"name":"maximum"}}}]}}}},{"range":[9,1,9,40],"value":{"moduleName":{"range":[9,8,9,26],"value":["Element","Background"]},"moduleAlias":{"range":[9,30,9,40],"value":["Background"]},"exposingList":null}},{"range":[10,1,10,32],"value":{"moduleName":{"range":[10,8,10,22],"value":["Element","Border"]},"moduleAlias":{"range":[10,26,10,32],"value":["Border"]},"exposingList":null}},{"range":[11,1,11,28],"value":{"moduleName":{"range":[11,8,11,20],"value":["Element","Font"]},"moduleAlias":{"range":[11,24,11,28],"value":["Font"]},"exposingList":null}},{"range":[12,1,12,13],"value":{"moduleName":{"range":[12,8,12,13],"value":["Debug"]},"moduleAlias":null,"exposingList":null}}],"declarations":[{"range":[15,1,15,26],"value":{"type":"function","function":{"documentation":null,"signature":null,"declaration":{"range":[15,1,15,26],"value":{"name":{"range":[15,1,15,5],"value":"gray"},"arguments":[],"expression":{"range":[15,8,15,26],"value":{"type":"application","application":[{"range":[15,8,15,14],"value":{"type":"functionOrValue","functionOrValue":{"moduleName":[],"name":"rgb255"}}},{"range":[15,15,15,18],"value":{"type":"integer","integer":200}},{"range":[15,19,15,22],"value":{"type":"integer","integer":200}},{"range":[15,23,15,26],"value":{"type":"integer","integer":200}}]}}}}}}},{"range":[16,1,16,21],"value":{"type":"function","function":{"documentation":null,"signature":null,"declaration":{"range":[16,1,16,21],"value":{"name":{"range":[16,1,16,4],"value":"red"},"arguments":[],"expression":{"range":[16,7,16,21],"value":{"type":"application","application":[{"range":[16,7,16,13],"value":{"type":"functionOrValue","functionOrValue":{"moduleName":[],"name":"rgb255"}}},{"range":[16,14,16,17],"value":{"type":"integer","integer":210}},{"range":[16,18,16,19],"value":{"type":"integer","integer":0}},{"range":[16,20,16,21],"value":{"type":"integer","integer":0}}]}}}}}}},{"range":[17,1,17,27],"value":{"type":"function","function":{"documentation":null,"signature":null,"declaration":{"range":[17,1,17,27],"value":{"name":{"range":[17,1,17,6],"value":"white"},"arguments":[],"expression":{"range":[17,9,17,27],"value":{"type":"application","application":[{"range":[17,9,17,15],"value":{"type":"functionOrValue","functionOrValue":{"moduleName":[],"name":"rgb255"}}},{"range":[17,16,17,19],"value":{"type":"integer","integer":255}},{"range":[17,20,17,23],"value":{"type":"integer","integer":255}},{"range":[17,24,17,27],"value":{"type":"integer","integer":255}}]}}}}}}},{"range":[18,1,18,26],"value":{"type":"function","function":{"documentation":null,"signature":null,"declaration":{"range":[18,1,18,26],"value":{"name":{"range":[18,1,18,6],"value":"green"},"arguments":[],"expression":{"range":[18,9,18,26],"value":{"type":"application","application":[{"range":[18,9,18,15],"value":{"type":"functionOrValue","functionOrValue":{"moduleName":[],"name":"rgb255"}}},{"range":[18,16,18,18],"value":{"type":"integer","integer":86}},{"range":[18,19,18,22],"value":{"type":"integer","integer":182}},{"range":[18,23,18,26],"value":{"type":"integer","integer":139}}]}}}}}}},{"range":[23,1,25,21],"value":{"type":"function","function":{"documentation":null,"signature":null,"declaration":{"range":[23,1,25,21],"value":{"name":{"range":[23,1,23,5],"value":"main"},"arguments":[],"expression":{"range":[24,5,25,21],"value":{"type":"application","application":[{"range":[24,5,24,19],"value":{"type":"functionOrValue","functionOrValue":{"moduleName":["Element"],"name":"layout"}}},{"range":[24,20,24,22],"value":{"type":"list","list":[]}},{"range":[25,9,25,21],"value":{"type":"functionOrValue","functionOrValue":{"moduleName":[],"name":"myRowOfStuff"}}}]}}}}}}},{"range":[27,1,33,10],"value":{"type":"function","function":{"documentation":null,"signature":{"range":[27,1,27,27],"value":{"name":{"range":[27,1,27,13],"value":"myRowOfStuff"},"typeAnnotation":{"range":[27,16,27,27],"value":{"type":"typed","typed":{"moduleNameAndName":{"range":[27,16,27,23],"value":{"moduleName":[],"name":"Element"}},"args":[{"range":[27,24,27,27],"value":{"type":"generic","generic":{"value":"msg"}}}]}}}}},"declaration":{"range":[28,1,33,10],"value":{"name":{"range":[28,1,28,13],"value":"myRowOfStuff"},"arguments":[],"expression":{"range":[29,5,33,10],"value":{"type":"application","application":[{"range":[29,5,29,8],"value":{"type":"functionOrValue","functionOrValue":{"moduleName":[],"name":"row"}}},{"range":[29,9,29,85],"value":{"type":"list","list":[{"range":[29,11,29,18],"value":{"type":"functionOrValue","functionOrValue":{"moduleName":[],"name":"centerX"}}},{"range":[29,20,29,30],"value":{"type":"application","application":[{"range":[29,20,29,27],"value":{"type":"functionOrValue","functionOrValue":{"moduleName":[],"name":"spacing"}}},{"range":[29,28,29,30],"value":{"type":"integer","integer":14}}]}},{"range":[29,32,29,54],"value":{"type":"application","application":[{"range":[29,32,29,48],"value":{"type":"functionOrValue","functionOrValue":{"moduleName":["Background"],"name":"color"}}},{"range":[29,49,29,54],"value":{"type":"functionOrValue","functionOrValue":{"moduleName":[],"name":"green"}}}]}},{"range":[29,56,29,84],"value":{"type":"application","application":[{"range":[29,56,29,61],"value":{"type":"functionOrValue","functionOrValue":{"moduleName":[],"name":"width"}}},{"range":[29,62,29,84],"value":{"type":"parenthesized","parenthesized":{"range":[29,63,29,83],"value":{"type":"application","application":[{"range":[29,63,29,67],"value":{"type":"functionOrValue","functionOrValue":{"moduleName":[],"name":"fill"}}},{"range":[29,68,29,70],"value":{"type":"operator","operator":"|>"}},{"range":[29,71,29,78],"value":{"type":"functionOrValue","functionOrValue":{"moduleName":[],"name":"maximum"}}},{"range":[29,79,29,83],"value":{"type":"integer","integer":1000}}]}}}}]}}]}},{"range":[30,9,33,10],"value":{"type":"list","list":[{"range":[30,11,30,20],"value":{"type":"functionOrValue","functionOrValue":{"moduleName":[],"name":"myElement"}}},{"range":[31,11,31,20],"value":{"type":"functionOrValue","functionOrValue":{"moduleName":[],"name":"myElement"}}},{"range":[32,11,32,38],"value":{"type":"application","application":[{"range":[32,11,32,13],"value":{"type":"functionOrValue","functionOrValue":{"moduleName":[],"name":"el"}}},{"range":[32,14,32,28],"value":{"type":"list","list":[{"range":[32,16,32,26],"value":{"type":"functionOrValue","functionOrValue":{"moduleName":[],"name":"alignRight"}}}]}},{"range":[32,29,32,38],"value":{"type":"functionOrValue","functionOrValue":{"moduleName":[],"name":"myElement"}}}]}}]}}]}}}}}}},{"range":[36,1,44,26],"value":{"type":"function","function":{"documentation":null,"signature":{"range":[36,1,36,24],"value":{"name":{"range":[36,1,36,10],"value":"myElement"},"typeAnnotation":{"range":[36,13,36,24],"value":{"type":"typed","typed":{"moduleNameAndName":{"range":[36,13,36,20],"value":{"moduleName":[],"name":"Element"}},"args":[{"range":[36,21,36,24],"value":{"type":"generic","generic":{"value":"msg"}}}]}}}}},"declaration":{"range":[37,1,44,26],"value":{"name":{"range":[37,1,37,10],"value":"myElement"},"arguments":[],"expression":{"range":[38,5,44,26],"value":{"type":"application","application":[{"range":[38,5,38,7],"value":{"type":"functionOrValue","functionOrValue":{"moduleName":[],"name":"el"}}},{"range":[39,9,43,10],"value":{"type":"list","list":[{"range":[39,11,39,44],"value":{"type":"application","application":[{"range":[39,11,39,27],"value":{"type":"functionOrValue","functionOrValue":{"moduleName":["Background"],"name":"color"}}},{"range":[39,28,39,44],"value":{"type":"parenthesized","parenthesized":{"range":[39,29,39,43],"value":{"type":"application","application":[{"range":[39,29,39,35],"value":{"type":"functionOrValue","functionOrValue":{"moduleName":[],"name":"rgb255"}}},{"range":[39,36,39,37],"value":{"type":"integer","integer":0}},{"range":[39,38,39,39],"value":{"type":"integer","integer":0}},{"range":[39,40,39,43],"value":{"type":"integer","integer":245}}]}}}}]}},{"range":[40,11,40,42],"value":{"type":"application","application":[{"range":[40,11,40,21],"value":{"type":"functionOrValue","functionOrValue":{"moduleName":["Font"],"name":"color"}}},{"range":[40,22,40,42],"value":{"type":"parenthesized","parenthesized":{"range":[40,23,40,41],"value":{"type":"application","application":[{"range":[40,23,40,29],"value":{"type":"functionOrValue","functionOrValue":{"moduleName":[],"name":"rgb255"}}},{"range":[40,30,40,33],"value":{"type":"integer","integer":255}},{"range":[40,34,40,37],"value":{"type":"integer","integer":255}},{"range":[40,38,40,41],"value":{"type":"integer","integer":255}}]}}}}]}},{"range":[41,11,41,27],"value":{"type":"application","application":[{"range":[41,11,41,25],"value":{"type":"functionOrValue","functionOrValue":{"moduleName":["Border"],"name":"rounded"}}},{"range":[41,26,41,27],"value":{"type":"integer","integer":4}}]}},{"range":[42,11,42,21],"value":{"type":"application","application":[{"range":[42,11,42,18],"value":{"type":"functionOrValue","functionOrValue":{"moduleName":[],"name":"padding"}}},{"range":[42,19,42,21],"value":{"type":"integer","integer":30}}]}}]}},{"range":[44,9,44,26],"value":{"type":"parenthesized","parenthesized":{"range":[44,10,44,25],"value":{"type":"application","application":[{"range":[44,10,44,14],"value":{"type":"functionOrValue","functionOrValue":{"moduleName":[],"name":"text"}}},{"range":[44,15,44,25],"value":{"type":"literal","literal":"stylish!"}}]}}}}]}}}}}}}],"comments":[]}