{"moduleDefinition":{"range":[2,1,2,24],"value":{"type":"normal","normal":{"moduleName":{"range":[2,8,2,10],"value":["UI"]},"exposingList":{"range":[2,11,2,24],"value":{"type":"all","all":[2,21,2,23]}}}}},"imports":[{"range":[4,1,8,6],"value":{"moduleName":{"range":[4,8,4,15],"value":["Element"]},"moduleAlias":null,"exposingList":{"range":[4,16,8,6],"value":{"type":"explicit","explicit":[{"range":[5,5,5,12],"value":{"type":"typeOrAlias","typeOrAlias":{"name":"Element"}}},{"range":[5,14,5,16],"value":{"type":"function","function":{"name":"el"}}},{"range":[5,18,5,22],"value":{"type":"function","function":{"name":"text"}}},{"range":[5,24,5,27],"value":{"type":"function","function":{"name":"row"}}},{"range":[5,29,5,39],"value":{"type":"function","function":{"name":"alignRight"}}},{"range":[5,41,5,45],"value":{"type":"function","function":{"name":"fill"}}},{"range":[6,5,6,10],"value":{"type":"function","function":{"name":"width"}}},{"range":[6,12,6,18],"value":{"type":"function","function":{"name":"rgb255"}}},{"range":[6,20,6,27],"value":{"type":"function","function":{"name":"spacing"}}},{"range":[6,29,6,36],"value":{"type":"function","function":{"name":"centerY"}}},{"range":[6,38,6,45],"value":{"type":"function","function":{"name":"padding"}}},{"range":[7,5,7,12],"value":{"type":"function","function":{"name":"centerX"}}},{"range":[7,14,7,21],"value":{"type":"function","function":{"name":"maximum"}}}]}}}},{"range":[9,1,9,40],"value":{"moduleName":{"range":[9,8,9,26],"value":["Element","Background"]},"moduleAlias":{"range":[9,30,9,40],"value":["Background"]},"exposingList":null}},{"range":[10,1,10,32],"value":{"moduleName":{"range":[10,8,10,22],"value":["Element","Border"]},"moduleAlias":{"range":[10,26,10,32],"value":["Border"]},"exposingList":null}},{"range":[11,1,11,28],"value":{"moduleName":{"range":[11,8,11,20],"value":["Element","Font"]},"moduleAlias":{"range":[11,24,11,28],"value":["Font"]},"exposingList":null}},{"range":[12,1,12,13],"value":{"moduleName":{"range":[12,8,12,13],"value":["Debug"]},"moduleAlias":null,"exposingList":null}}],"declarations":[{"range":[15,1,15,26],"value":{"type":"function","function":{"documentation":null,"signature":null,"declaration":{"range":[15,1,15,26],"value":{"name":{"range":[15,1,15,5],"value":"gray"},"arguments":[],"expression":{"range":[15,8,15,26],"value":{"type":"application","application":[{"range":[15,8,15,14],"value":{"type":"functionOrValue","functionOrValue":{"moduleName":[],"name":"rgb255"}}},{"range":[15,15,15,18],"value":{"type":"integer","integer":200}},{"range":[15,19,15,22],"value":{"type":"integer","integer":200}},{"range":[15,23,15,26],"value":{"type":"integer","integer":200}}]}}}}}}},{"range":[16,1,16,21],"value":{"type":"function","function":{"documentation":null,"signature":null,"declaration":{"range":[16,1,16,21],"value":{"name":{"range":[16,1,16,4],"value":"red"},"arguments":[],"expression":{"range":[16,7,16,21],"value":{"type":"application","application":[{"range":[16,7,16,13],"value":{"type":"functionOrValue","functionOrValue":{"moduleName":[],"name":"rgb255"}}},{"range":[16,14,16,17],"value":{"type":"integer","integer":210}},{"range":[16,18,16,19],"value":{"type":"integer","integer":0}},{"range":[16,20,16,21],"value":{"type":"integer","integer":0}}]}}}}}}},{"range":[17,1,17,27],"value":{"type":"function","function":{"documentation":null,"signature":null,"declaration":{"range":[17,1,17,27],"value":{"name":{"range":[17,1,17,6],"value":"white"},"arguments":[],"expression":{"range":[17,9,17,27],"value":{"type":"application","application":[{"range":[17,9,17,15],"value":{"type":"functionOrValue","functionOrValue":{"moduleName":[],"name":"rgb255"}}},{"range":[17,16,17,19],"value":{"type":"integer","integer":255}},{"range":[17,20,17,23],"value":{"type":"integer","integer":255}},{"range":[17,24,17,27],"value":{"type":"integer","integer":255}}]}}}}}}},{"range":[18,1,18,26],"value":{"type":"function","function":{"documentation":null,"signature":null,"declaration":{"range":[18,1,18,26],"value":{"name":{"range":[18,1,18,6],"value":"green"},"arguments":[],"expression":{"range":[18,9,18,26],"value":{"type":"application","application":[{"range":[18,9,18,15],"value":{"type":"functionOrValue","functionOrValue":{"moduleName":[],"name":"rgb255"}}},{"range":[18,16,18,18],"value":{"type":"integer","integer":86}},{"range":[18,19,18,22],"value":{"type":"integer","integer":182}},{"range":[18,23,18,26],"value":{"type":"integer","integer":139}}]}}}}}}},{"range":[20,1,21,197],"value":{"type":"function","function":{"documentation":null,"signature":{"range":[20,1,20,12],"value":{"name":{"range":[20,1,20,4],"value":"url"},"typeAnnotation":{"range":[20,6,20,12],"value":{"type":"typed","typed":{"moduleNameAndName":{"range":[20,6,20,12],"value":{"moduleName":[],"name":"String"}},"args":[]}}}}},"declaration":{"range":[21,1,21,197],"value":{"name":{"range":[21,1,21,4],"value":"url"},"arguments":[],"expression":{"range":[21,7,21,197],"value":{"type":"literal","literal":"http://bw-qm-public.oss-cn-shenzhen.aliyuncs.com/qm/entityxwzx/fieldfm/37066e44-d760-4daf-bef6-59fc5df54a14.png?x-oss-process=image/resize,m_lfit,w_1440,limit_1/auto-orient,1/quality,q_100"}}}}}}},{"range":[23,1,25,14],"value":{"type":"function","function":{"documentation":null,"signature":null,"declaration":{"range":[23,1,25,14],"value":{"name":{"range":[23,1,23,5],"value":"main"},"arguments":[],"expression":{"range":[24,5,25,14],"value":{"type":"application","application":[{"range":[24,5,24,19],"value":{"type":"functionOrValue","functionOrValue":{"moduleName":["Element"],"name":"layout"}}},{"range":[24,20,24,22],"value":{"type":"list","list":[]}},{"range":[25,9,25,14],"value":{"type":"functionOrValue","functionOrValue":{"moduleName":[],"name":"myRow"}}}]}}}}}}},{"range":[27,1,30,26],"value":{"type":"function","function":{"documentation":null,"signature":{"range":[27,1,27,19],"value":{"name":{"range":[27,1,27,6],"value":"myRow"},"typeAnnotation":{"range":[27,8,27,19],"value":{"type":"typed","typed":{"moduleNameAndName":{"range":[27,8,27,15],"value":{"moduleName":[],"name":"Element"}},"args":[{"range":[27,16,27,19],"value":{"type":"generic","generic":{"value":"msg"}}}]}}}}},"declaration":{"range":[28,1,30,26],"value":{"name":{"range":[28,1,28,6],"value":"myRow"},"arguments":[],"expression":{"range":[28,9,30,26],"value":{"type":"application","application":[{"range":[28,9,28,12],"value":{"type":"functionOrValue","functionOrValue":{"moduleName":[],"name":"row"}}},{"range":[28,13,30,2],"value":{"type":"list","list":[{"range":[29,5,29,12],"value":{"type":"functionOrValue","functionOrValue":{"moduleName":[],"name":"centerX"}}}]}},{"range":[30,3,30,26],"value":{"type":"list","list":[{"range":[30,5,30,14],"value":{"type":"functionOrValue","functionOrValue":{"moduleName":[],"name":"myElement"}}},{"range":[30,16,30,25],"value":{"type":"functionOrValue","functionOrValue":{"moduleName":[],"name":"myElement"}}}]}}]}}}}}}},{"range":[32,1,43,26],"value":{"type":"function","function":{"documentation":null,"signature":{"range":[32,1,32,24],"value":{"name":{"range":[32,1,32,10],"value":"myElement"},"typeAnnotation":{"range":[32,13,32,24],"value":{"type":"typed","typed":{"moduleNameAndName":{"range":[32,13,32,20],"value":{"moduleName":[],"name":"Element"}},"args":[{"range":[32,21,32,24],"value":{"type":"generic","generic":{"value":"msg"}}}]}}}}},"declaration":{"range":[33,1,43,26],"value":{"name":{"range":[33,1,33,10],"value":"myElement"},"arguments":[],"expression":{"range":[34,5,43,26],"value":{"type":"application","application":[{"range":[34,5,34,7],"value":{"type":"functionOrValue","functionOrValue":{"moduleName":[],"name":"el"}}},{"range":[35,9,42,10],"value":{"type":"list","list":[{"range":[35,11,35,27],"value":{"type":"application","application":[{"range":[35,11,35,25],"value":{"type":"functionOrValue","functionOrValue":{"moduleName":["Border"],"name":"rounded"}}},{"range":[35,26,35,27],"value":{"type":"integer","integer":4}}]}},{"range":[37,11,37,31],"value":{"type":"application","application":[{"range":[37,11,37,27],"value":{"type":"functionOrValue","functionOrValue":{"moduleName":["Background"],"name":"image"}}},{"range":[37,28,37,31],"value":{"type":"functionOrValue","functionOrValue":{"moduleName":[],"name":"url"}}}]}},{"range":[38,11,38,42],"value":{"type":"application","application":[{"range":[38,11,38,21],"value":{"type":"functionOrValue","functionOrValue":{"moduleName":["Font"],"name":"color"}}},{"range":[38,22,38,42],"value":{"type":"parenthesized","parenthesized":{"range":[38,23,38,41],"value":{"type":"application","application":[{"range":[38,23,38,29],"value":{"type":"functionOrValue","functionOrValue":{"moduleName":[],"name":"rgb255"}}},{"range":[38,30,38,33],"value":{"type":"integer","integer":255}},{"range":[38,34,38,37],"value":{"type":"integer","integer":255}},{"range":[38,38,38,41],"value":{"type":"integer","integer":255}}]}}}}]}},{"range":[39,11,39,21],"value":{"type":"application","application":[{"range":[39,11,39,18],"value":{"type":"functionOrValue","functionOrValue":{"moduleName":[],"name":"padding"}}},{"range":[39,19,39,21],"value":{"type":"integer","integer":80}}]}},{"range":[40,11,40,18],"value":{"type":"functionOrValue","functionOrValue":{"moduleName":[],"name":"centerX"}}},{"range":[41,11,41,18],"value":{"type":"functionOrValue","functionOrValue":{"moduleName":[],"name":"centerY"}}}]}},{"range":[43,9,43,26],"value":{"type":"parenthesized","parenthesized":{"range":[43,10,43,25],"value":{"type":"application","application":[{"range":[43,10,43,14],"value":{"type":"functionOrValue","functionOrValue":{"moduleName":[],"name":"text"}}},{"range":[43,15,43,25],"value":{"type":"literal","literal":"stylish!"}}]}}}}]}}}}}}}],"comments":[{"range":[36,9,36,48],"value":"--, Background.color (rgb255 10 160 10)"}]}