{"moduleDefinition":{"range":[2,1,2,31],"value":{"type":"normal","normal":{"moduleName":{"range":[2,8,2,15],"value":["SlackUI"]},"exposingList":{"range":[2,16,2,31],"value":{"type":"explicit","explicit":[{"range":[2,26,2,30],"value":{"type":"function","function":{"name":"main"}}}]}}}}},"imports":[{"range":[4,1,4,29],"value":{"moduleName":{"range":[4,8,4,15],"value":["Element"]},"moduleAlias":null,"exposingList":{"range":[4,16,4,29],"value":{"type":"all","all":[4,26,4,28]}}}},{"range":[5,1,5,40],"value":{"moduleName":{"range":[5,8,5,26],"value":["Element","Background"]},"moduleAlias":{"range":[5,30,5,40],"value":["Background"]},"exposingList":null}},{"range":[6,1,6,32],"value":{"moduleName":{"range":[6,8,6,22],"value":["Element","Border"]},"moduleAlias":{"range":[6,26,6,32],"value":["Border"]},"exposingList":null}},{"range":[7,1,7,28],"value":{"moduleName":{"range":[7,8,7,20],"value":["Element","Font"]},"moduleAlias":{"range":[7,24,7,28],"value":["Font"]},"exposingList":null}},{"range":[8,1,8,30],"value":{"moduleName":{"range":[8,8,8,21],"value":["Element","Input"]},"moduleAlias":{"range":[8,25,8,30],"value":["Input"]},"exposingList":null}},{"range":[9,1,9,32],"value":{"moduleName":{"range":[9,8,9,22],"value":["Element","Region"]},"moduleAlias":{"range":[9,26,9,32],"value":["Region"]},"exposingList":null}},{"range":[10,1,10,28],"value":{"moduleName":{"range":[10,8,10,12],"value":["Html"]},"moduleAlias":null,"exposingList":{"range":[10,13,10,28],"value":{"type":"explicit","explicit":[{"range":[10,23,10,27],"value":{"type":"typeOrAlias","typeOrAlias":{"name":"Html"}}}]}}}}],"declarations":[{"range":[13,1,13,47],"value":{"type":"function","function":{"documentation":null,"signature":null,"declaration":{"range":[13,1,13,47],"value":{"name":{"range":[13,1,13,15],"value":"sampleChannels"},"arguments":[],"expression":{"range":[13,19,13,47],"value":{"type":"list","list":[{"range":[13,20,13,25],"value":{"type":"literal","literal":"elm"}},{"range":[13,27,13,35],"value":{"type":"literal","literal":"elm-ui"}},{"range":[13,37,13,46],"value":{"type":"literal","literal":"general"}}]}}}}}}},{"range":[14,1,14,31],"value":{"type":"function","function":{"documentation":null,"signature":null,"declaration":{"range":[14,1,14,31],"value":{"name":{"range":[14,1,14,20],"value":"sampleActiveChannel"},"arguments":[],"expression":{"range":[14,23,14,31],"value":{"type":"literal","literal":"elm-ui"}}}}}}},{"range":[16,1,16,71],"value":{"type":"typeAlias","typeAlias":{"documentation":null,"name":{"range":[16,12,16,19],"value":"Message"},"generics":[],"typeAnnotation":{"range":[16,22,16,71],"value":{"type":"record","record":{"value":[{"range":[16,24,16,39],"value":{"name":{"range":[16,24,16,30],"value":"author"},"typeAnnotation":{"range":[16,33,16,39],"value":{"type":"typed","typed":{"moduleNameAndName":{"range":[16,33,16,39],"value":{"moduleName":[],"name":"String"}},"args":[]}}}}},{"range":[16,39,16,54],"value":{"name":{"range":[16,41,16,45],"value":"time"},"typeAnnotation":{"range":[16,48,16,54],"value":{"type":"typed","typed":{"moduleNameAndName":{"range":[16,48,16,54],"value":{"moduleName":[],"name":"String"}},"args":[]}}}}},{"range":[16,54,16,70],"value":{"name":{"range":[16,56,16,60],"value":"text"},"typeAnnotation":{"range":[16,63,16,69],"value":{"type":"typed","typed":{"moduleNameAndName":{"range":[16,63,16,69],"value":{"moduleName":[],"name":"String"}},"args":[]}}}}}]}}}}}},{"range":[18,1,32,6],"value":{"type":"function","function":{"documentation":null,"signature":{"range":[18,1,18,30],"value":{"name":{"range":[18,1,18,15],"value":"sampleMessages"},"typeAnnotation":{"range":[18,18,18,30],"value":{"type":"typed","typed":{"moduleNameAndName":{"range":[18,18,18,22],"value":{"moduleName":[],"name":"List"}},"args":[{"range":[18,23,18,30],"value":{"type":"typed","typed":{"moduleNameAndName":{"range":[18,23,18,30],"value":{"moduleName":[],"name":"Message"}},"args":[]}}}]}}}}},"declaration":{"range":[19,1,32,6],"value":{"name":{"range":[19,1,19,15],"value":"sampleMessages"},"arguments":[],"expression":{"range":[20,5,32,6],"value":{"type":"list","list":[{"range":[20,7,20,254],"value":{"type":"record","record":[{"range":[20,9,20,30],"value":{"field":{"range":[20,9,20,15],"value":"author"},"expression":{"range":[20,18,20,30],"value":{"type":"literal","literal":"augustin82"}}}},{"range":[20,32,20,47],"value":{"field":{"range":[20,32,20,36],"value":"time"},"expression":{"range":[20,39,20,47],"value":{"type":"literal","literal":"6:09AM"}}}},{"range":[20,49,20,253],"value":{"field":{"range":[20,49,20,53],"value":"text"},"expression":{"range":[20,56,20,252],"value":{"type":"literal","literal":"@gampleman I think you need to `clip` the `scrollable` element, and that that element should be larger than its parent, which (I think) means that the containing parent should have a fixed width"}}}}]}},{"range":[21,7,21,246],"value":{"type":"record","record":[{"range":[21,9,21,28],"value":{"field":{"range":[21,9,21,15],"value":"author"},"expression":{"range":[21,18,21,28],"value":{"type":"literal","literal":"u0421793"}}}},{"range":[21,30,21,45],"value":{"field":{"range":[21,30,21,34],"value":"time"},"expression":{"range":[21,37,21,45],"value":{"type":"literal","literal":"6:22AM"}}}},{"range":[21,47,21,245],"value":{"field":{"range":[21,47,21,51],"value":"text"},"expression":{"range":[21,54,21,244],"value":{"type":"literal","literal":"I’ve been trying to make a few links on a page in elm and elm-ui but I’ve not found a way to make it work because I haven’t found any examples of elm-ui which incorporate an anchor element"}}}}]}},{"range":[22,7,22,162],"value":{"type":"record","record":[{"range":[22,9,22,30],"value":{"field":{"range":[22,9,22,15],"value":"author"},"expression":{"range":[22,18,22,30],"value":{"type":"literal","literal":"augustin82"}}}},{"range":[22,32,22,47],"value":{"field":{"range":[22,32,22,36],"value":"time"},"expression":{"range":[22,39,22,47],"value":{"type":"literal","literal":"6:27AM"}}}},{"range":[22,49,22,161],"value":{"field":{"range":[22,49,22,53],"value":"text"},"expression":{"range":[22,56,22,160],"value":{"type":"literal","literal":"@u0421793 what are you looking for exactly? do you have an Ellie where you've tried  doing some stuff?"}}}}]}},{"range":[23,7,23,174],"value":{"type":"record","record":[{"range":[23,9,23,26],"value":{"field":{"range":[23,9,23,15],"value":"author"},"expression":{"range":[23,18,23,26],"value":{"type":"literal","literal":"icepac"}}}},{"range":[23,28,23,44],"value":{"field":{"range":[23,28,23,32],"value":"time"},"expression":{"range":[23,35,23,44],"value":{"type":"literal","literal":"7:53 AM"}}}},{"range":[23,46,23,173],"value":{"field":{"range":[23,46,23,50],"value":"text"},"expression":{"range":[23,53,23,172],"value":{"type":"literal","literal":"Anybody replied to @lango https://elmlang.slack.com/archives/C4F9NBLR1/p1541911789377400 About Animation vs Element ?"}}}}]}},{"range":[24,7,24,179],"value":{"type":"record","record":[{"range":[24,9,24,29],"value":{"field":{"range":[24,9,24,15],"value":"author"},"expression":{"range":[24,18,24,29],"value":{"type":"literal","literal":"mgriffith"}}}},{"range":[24,31,24,47],"value":{"field":{"range":[24,31,24,35],"value":"time"},"expression":{"range":[24,38,24,47],"value":{"type":"literal","literal":"8:00 AM"}}}},{"range":[24,49,24,178],"value":{"field":{"range":[24,49,24,53],"value":"text"},"expression":{"range":[24,56,24,177],"value":{"type":"literal","literal":"You can use them together, for sure :smile: You just need to use `Element.htmlAttribute` to render the style attribute."}}}}]}},{"range":[25,7,25,172],"value":{"type":"record","record":[{"range":[25,9,25,26],"value":{"field":{"range":[25,9,25,15],"value":"author"},"expression":{"range":[25,18,25,26],"value":{"type":"literal","literal":"duncan"}}}},{"range":[25,28,25,44],"value":{"field":{"range":[25,28,25,32],"value":"time"},"expression":{"range":[25,35,25,44],"value":{"type":"literal","literal":"9:32 AM"}}}},{"range":[25,46,25,171],"value":{"field":{"range":[25,46,25,50],"value":"text"},"expression":{"range":[25,53,25,170],"value":{"type":"literal","literal":"so ideally, it'd be nice to get the r,g,b,a components from a `Color` so that I could do the string interp (edited)"}}}}]}},{"range":[26,7,26,362],"value":{"type":"record","record":[{"range":[26,9,26,25],"value":{"field":{"range":[26,9,26,15],"value":"author"},"expression":{"range":[26,18,26,25],"value":{"type":"literal","literal":"lango"}}}},{"range":[26,27,26,43],"value":{"field":{"range":[26,27,26,31],"value":"time"},"expression":{"range":[26,34,26,43],"value":{"type":"literal","literal":"1:23 PM"}}}},{"range":[26,45,26,361],"value":{"field":{"range":[26,45,26,49],"value":"text"},"expression":{"range":[26,52,26,360],"value":{"type":"literal","literal":"@mgriffith But that isn't really them 'working together' is it, its more they just happen to be together? For example, `elm-ui` has `background.gradient` but `elm-style-animation` only has `backgroundColor`. It's not clear to me how I could animation `elm-ui`'s `background.gradient` using `elm-animation`?"}}}}]}},{"range":[27,7,27,272],"value":{"type":"record","record":[{"range":[27,9,27,29],"value":{"field":{"range":[27,9,27,15],"value":"author"},"expression":{"range":[27,18,27,29],"value":{"type":"literal","literal":"mgriffith"}}}},{"range":[27,31,27,47],"value":{"field":{"range":[27,31,27,35],"value":"time"},"expression":{"range":[27,38,27,47],"value":{"type":"literal","literal":"4:28 PM"}}}},{"range":[27,49,27,271],"value":{"field":{"range":[27,49,27,53],"value":"text"},"expression":{"range":[27,56,27,270],"value":{"type":"literal","literal":"@lango Oh, yeah I totally agree it isn’t seamless :smile: That’s why I’ve been putting a lot of time towards an API for animation for elm-ui.  But technically `elm-style-animation` and `elm-ui` can work together."}}}}]}},{"range":[28,7,28,442],"value":{"type":"record","record":[{"range":[28,9,28,28],"value":{"field":{"range":[28,9,28,15],"value":"author"},"expression":{"range":[28,18,28,28],"value":{"type":"literal","literal":"eniac314"}}}},{"range":[28,30,28,46],"value":{"field":{"range":[28,30,28,34],"value":"time"},"expression":{"range":[28,37,28,46],"value":{"type":"literal","literal":"6:49 AM"}}}},{"range":[28,48,28,441],"value":{"field":{"range":[28,48,28,52],"value":"text"},"expression":{"range":[28,55,28,440],"value":{"type":"literal","literal":"It seems it it possible to press buttons without the event handler associated being fired when one clicks the thin area along the top border. In this example: https://ellie-app.com/3T4KLBKbnTQa1 it's possible to see the button moving without the counter increasing or decreasing. Is this due to the way I did the styling for the buttons? It seems to be related to the shadow (edited)"}}}}]}},{"range":[29,7,29,147],"value":{"type":"record","record":[{"range":[29,9,29,37],"value":{"field":{"range":[29,9,29,15],"value":"author"},"expression":{"range":[29,18,29,37],"value":{"type":"literal","literal":"anthony.deschamps"}}}},{"range":[29,39,29,56],"value":{"field":{"range":[29,39,29,43],"value":"time"},"expression":{"range":[29,46,29,56],"value":{"type":"literal","literal":"10:24 AM"}}}},{"range":[29,58,29,146],"value":{"field":{"range":[29,58,29,62],"value":"text"},"expression":{"range":[29,65,29,145],"value":{"type":"literal","literal":"What's the most recent version of elm-ui/stylish-elephants that works on 0.18?"}}}}]}},{"range":[30,7,30,233],"value":{"type":"record","record":[{"range":[30,9,30,27],"value":{"field":{"range":[30,9,30,15],"value":"author"},"expression":{"range":[30,18,30,27],"value":{"type":"literal","literal":"progger"}}}},{"range":[30,29,30,46],"value":{"field":{"range":[30,29,30,33],"value":"time"},"expression":{"range":[30,36,30,46],"value":{"type":"literal","literal":"10:46 AM"}}}},{"range":[30,48,30,232],"value":{"field":{"range":[30,48,30,52],"value":"text"},"expression":{"range":[30,55,30,231],"value":{"type":"literal","literal":"I've got some text that I'm laying out in a paragraph, and I want to put a link in there too.  Paragraph put the link on its own line though.  Shouldn't it all flow together?"}}}}]}},{"range":[31,7,31,128],"value":{"type":"record","record":[{"range":[31,9,31,27],"value":{"field":{"range":[31,9,31,15],"value":"author"},"expression":{"range":[31,18,31,27],"value":{"type":"literal","literal":"progger"}}}},{"range":[31,29,31,46],"value":{"field":{"range":[31,29,31,33],"value":"time"},"expression":{"range":[31,36,31,46],"value":{"type":"literal","literal":"11:22 AM"}}}},{"range":[31,48,31,127],"value":{"field":{"range":[31,48,31,52],"value":"text"},"expression":{"range":[31,55,31,126],"value":{"type":"literal","literal":"Ha, I filed an issue about this back in oct.  Used my own workaround!"}}}}]}}]}}}}}}},{"range":[35,1,39,110],"value":{"type":"function","function":{"documentation":null,"signature":{"range":[35,1,35,15],"value":{"name":{"range":[35,1,35,5],"value":"main"},"typeAnnotation":{"range":[35,7,35,15],"value":{"type":"typed","typed":{"moduleNameAndName":{"range":[35,7,35,11],"value":{"moduleName":[],"name":"Html"}},"args":[{"range":[35,12,35,15],"value":{"type":"generic","generic":{"value":"msg"}}}]}}}}},"declaration":{"range":[36,1,39,110],"value":{"name":{"range":[36,1,36,5],"value":"main"},"arguments":[],"expression":{"range":[37,5,39,110],"value":{"type":"application","application":[{"range":[37,5,37,11],"value":{"type":"functionOrValue","functionOrValue":{"moduleName":[],"name":"layout"}}},{"range":[37,12,37,27],"value":{"type":"list","list":[{"range":[37,14,37,25],"value":{"type":"application","application":[{"range":[37,14,37,20],"value":{"type":"functionOrValue","functionOrValue":{"moduleName":[],"name":"height"}}},{"range":[37,21,37,25],"value":{"type":"functionOrValue","functionOrValue":{"moduleName":[],"name":"fill"}}}]}}]}},{"range":[37,28,37,30],"value":{"type":"operator","operator":"<|"}},{"range":[38,9,38,12],"value":{"type":"functionOrValue","functionOrValue":{"moduleName":[],"name":"row"}}},{"range":[38,13,38,40],"value":{"type":"list","list":[{"range":[38,15,38,26],"value":{"type":"application","application":[{"range":[38,15,38,21],"value":{"type":"functionOrValue","functionOrValue":{"moduleName":[],"name":"height"}}},{"range":[38,22,38,26],"value":{"type":"functionOrValue","functionOrValue":{"moduleName":[],"name":"fill"}}}]}},{"range":[38,28,38,38],"value":{"type":"application","application":[{"range":[38,28,38,33],"value":{"type":"functionOrValue","functionOrValue":{"moduleName":[],"name":"width"}}},{"range":[38,34,38,38],"value":{"type":"functionOrValue","functionOrValue":{"moduleName":[],"name":"fill"}}}]}}]}},{"range":[39,13,39,110],"value":{"type":"list","list":[{"range":[39,15,39,63],"value":{"type":"application","application":[{"range":[39,15,39,28],"value":{"type":"functionOrValue","functionOrValue":{"moduleName":[],"name":"channelPannel"}}},{"range":[39,29,39,43],"value":{"type":"functionOrValue","functionOrValue":{"moduleName":[],"name":"sampleChannels"}}},{"range":[39,44,39,63],"value":{"type":"functionOrValue","functionOrValue":{"moduleName":[],"name":"sampleActiveChannel"}}}]}},{"range":[39,65,39,109],"value":{"type":"application","application":[{"range":[39,65,39,74],"value":{"type":"functionOrValue","functionOrValue":{"moduleName":[],"name":"chatPanel"}}},{"range":[39,75,39,94],"value":{"type":"functionOrValue","functionOrValue":{"moduleName":[],"name":"sampleActiveChannel"}}},{"range":[39,95,39,109],"value":{"type":"functionOrValue","functionOrValue":{"moduleName":[],"name":"sampleMessages"}}}]}}]}}]}}}}}}},{"range":[41,1,69,1],"value":{"type":"function","function":{"documentation":null,"signature":{"range":[41,1,41,52],"value":{"name":{"range":[41,1,41,14],"value":"channelPannel"},"typeAnnotation":{"range":[41,16,41,52],"value":{"type":"function","function":{"left":{"range":[41,16,41,27],"value":{"type":"typed","typed":{"moduleNameAndName":{"range":[41,16,41,20],"value":{"moduleName":[],"name":"List"}},"args":[{"range":[41,21,41,27],"value":{"type":"typed","typed":{"moduleNameAndName":{"range":[41,21,41,27],"value":{"moduleName":[],"name":"String"}},"args":[]}}}]}}},"right":{"range":[41,31,41,52],"value":{"type":"function","function":{"left":{"range":[41,31,41,37],"value":{"type":"typed","typed":{"moduleNameAndName":{"range":[41,31,41,37],"value":{"moduleName":[],"name":"String"}},"args":[]}}},"right":{"range":[41,41,41,52],"value":{"type":"typed","typed":{"moduleNameAndName":{"range":[41,41,41,48],"value":{"moduleName":[],"name":"Element"}},"args":[{"range":[41,49,41,52],"value":{"type":"generic","generic":{"value":"msg"}}}]}}}}}}}}}}},"declaration":{"range":[42,1,69,1],"value":{"name":{"range":[42,1,42,14],"value":"channelPannel"},"arguments":[{"range":[42,15,42,23],"value":{"type":"var","var":{"value":"channels"}}},{"range":[42,24,42,37],"value":{"type":"var","var":{"value":"activeChannel"}}}],"expression":{"range":[43,5,69,1],"value":{"type":"let","let":{"declarations":[{"range":[44,9,45,9],"value":{"type":"function","function":{"documentation":null,"signature":null,"declaration":{"range":[44,9,44,83],"value":{"name":{"range":[44,9,44,27],"value":"activeChannelAttrs"},"arguments":[],"expression":{"range":[44,30,44,83],"value":{"type":"list","list":[{"range":[44,32,44,70],"value":{"type":"application","application":[{"range":[44,32,44,48],"value":{"type":"functionOrValue","functionOrValue":{"moduleName":["Background"],"name":"color"}}},{"range":[44,49,44,51],"value":{"type":"operator","operator":"<|"}},{"range":[44,52,44,58],"value":{"type":"functionOrValue","functionOrValue":{"moduleName":[],"name":"rgb255"}}},{"range":[44,59,44,62],"value":{"type":"integer","integer":117}},{"range":[44,63,44,66],"value":{"type":"integer","integer":179}},{"range":[44,67,44,70],"value":{"type":"integer","integer":201}}]}},{"range":[44,72,44,81],"value":{"type":"functionOrValue","functionOrValue":{"moduleName":["Font"],"name":"bold"}}}]}}}}}}},{"range":[45,9,46,9],"value":{"type":"function","function":{"documentation":null,"signature":null,"declaration":{"range":[45,9,45,102],"value":{"name":{"range":[45,9,45,21],"value":"channelAttrs"},"arguments":[],"expression":{"range":[45,24,45,102],"value":{"type":"list","list":[{"range":[45,26,45,41],"value":{"type":"functionOrValue","functionOrValue":{"moduleName":["Region"],"name":"announce"}}},{"range":[45,43,45,57],"value":{"type":"application","application":[{"range":[45,43,45,52],"value":{"type":"functionOrValue","functionOrValue":{"moduleName":[],"name":"paddingXY"}}},{"range":[45,53,45,55],"value":{"type":"integer","integer":15}},{"range":[45,56,45,57],"value":{"type":"integer","integer":5}}]}},{"range":[45,59,45,66],"value":{"type":"functionOrValue","functionOrValue":{"moduleName":[],"name":"centerX"}}},{"range":[45,68,45,100],"value":{"type":"application","application":[{"range":[45,68,45,73],"value":{"type":"functionOrValue","functionOrValue":{"moduleName":[],"name":"width"}}},{"range":[45,74,45,76],"value":{"type":"operator","operator":"<|"}},{"range":[45,77,45,88],"value":{"type":"functionOrValue","functionOrValue":{"moduleName":[],"name":"fillPortion"}}},{"range":[45,89,45,100],"value":{"type":"integer","integer":10232351234}}]}}]}}}}}}},{"range":[46,9,55,5],"value":{"type":"function","function":{"documentation":null,"signature":null,"declaration":{"range":[46,9,54,39],"value":{"name":{"range":[46,9,46,18],"value":"channelEl"},"arguments":[{"range":[46,19,46,26],"value":{"type":"var","var":{"value":"channel"}}}],"expression":{"range":[47,13,54,39],"value":{"type":"application","application":[{"range":[47,13,47,15],"value":{"type":"functionOrValue","functionOrValue":{"moduleName":[],"name":"el"}}},{"range":[48,17,52,18],"value":{"type":"parenthesized","parenthesized":{"range":[48,18,52,17],"value":{"type":"ifBlock","ifBlock":{"clause":{"range":[48,21,48,45],"value":{"type":"application","application":[{"range":[48,21,48,28],"value":{"type":"functionOrValue","functionOrValue":{"moduleName":[],"name":"channel"}}},{"range":[48,29,48,31],"value":{"type":"operator","operator":"=="}},{"range":[48,32,48,45],"value":{"type":"functionOrValue","functionOrValue":{"moduleName":[],"name":"activeChannel"}}}]}},"then":{"range":[49,21,49,55],"value":{"type":"application","application":[{"range":[49,21,49,39],"value":{"type":"functionOrValue","functionOrValue":{"moduleName":[],"name":"activeChannelAttrs"}}},{"range":[49,40,49,42],"value":{"type":"operator","operator":"++"}},{"range":[49,43,49,55],"value":{"type":"functionOrValue","functionOrValue":{"moduleName":[],"name":"channelAttrs"}}}]}},"else":{"range":[51,21,51,33],"value":{"type":"functionOrValue","functionOrValue":{"moduleName":[],"name":"channelAttrs"}}}}}}}},{"range":[53,13,53,15],"value":{"type":"operator","operator":"<|"}},{"range":[54,17,54,21],"value":{"type":"functionOrValue","functionOrValue":{"moduleName":[],"name":"text"}}},{"range":[54,22,54,39],"value":{"type":"parenthesized","parenthesized":{"range":[54,23,54,38],"value":{"type":"application","application":[{"range":[54,23,54,27],"value":{"type":"literal","literal":"# "}},{"range":[54,28,54,30],"value":{"type":"operator","operator":"++"}},{"range":[54,31,54,38],"value":{"type":"functionOrValue","functionOrValue":{"moduleName":[],"name":"channel"}}}]}}}}]}}}}}}}],"expression":{"range":[56,5,65,36],"value":{"type":"application","application":[{"range":[56,5,56,11],"value":{"type":"functionOrValue","functionOrValue":{"moduleName":[],"name":"column"}}},{"range":[57,9,63,10],"value":{"type":"list","list":[{"range":[57,11,57,22],"value":{"type":"application","application":[{"range":[57,11,57,17],"value":{"type":"functionOrValue","functionOrValue":{"moduleName":[],"name":"height"}}},{"range":[57,18,57,22],"value":{"type":"functionOrValue","functionOrValue":{"moduleName":[],"name":"fill"}}}]}},{"range":[58,11,58,33],"value":{"type":"application","application":[{"range":[58,11,58,16],"value":{"type":"functionOrValue","functionOrValue":{"moduleName":[],"name":"width"}}},{"range":[58,17,58,19],"value":{"type":"operator","operator":"<|"}},{"range":[58,20,58,31],"value":{"type":"functionOrValue","functionOrValue":{"moduleName":[],"name":"fillPortion"}}},{"range":[58,32,58,33],"value":{"type":"integer","integer":1}}]}},{"range":[59,11,59,25],"value":{"type":"application","application":[{"range":[59,11,59,20],"value":{"type":"functionOrValue","functionOrValue":{"moduleName":[],"name":"paddingXY"}}},{"range":[59,21,59,22],"value":{"type":"integer","integer":0}},{"range":[59,23,59,25],"value":{"type":"integer","integer":10}}]}},{"range":[60,11,60,47],"value":{"type":"application","application":[{"range":[60,11,60,27],"value":{"type":"functionOrValue","functionOrValue":{"moduleName":["Background"],"name":"color"}}},{"range":[60,28,60,30],"value":{"type":"operator","operator":"<|"}},{"range":[60,31,60,37],"value":{"type":"functionOrValue","functionOrValue":{"moduleName":[],"name":"rgb255"}}},{"range":[60,38,60,40],"value":{"type":"integer","integer":92}},{"range":[60,41,60,43],"value":{"type":"integer","integer":99}},{"range":[60,44,60,47],"value":{"type":"integer","integer":118}}]}},{"range":[61,11,61,21],"value":{"type":"application","application":[{"range":[61,11,61,18],"value":{"type":"functionOrValue","functionOrValue":{"moduleName":[],"name":"spacing"}}},{"range":[61,19,61,21],"value":{"type":"integer","integer":20}}]}},{"range":[62,11,62,43],"value":{"type":"application","application":[{"range":[62,11,62,21],"value":{"type":"functionOrValue","functionOrValue":{"moduleName":["Font"],"name":"color"}}},{"range":[62,22,62,24],"value":{"type":"operator","operator":"<|"}},{"range":[62,25,62,31],"value":{"type":"functionOrValue","functionOrValue":{"moduleName":[],"name":"rgb255"}}},{"range":[62,32,62,35],"value":{"type":"integer","integer":255}},{"range":[62,36,62,39],"value":{"type":"integer","integer":255}},{"range":[62,40,62,43],"value":{"type":"integer","integer":255}}]}}]}},{"range":[64,5,64,7],"value":{"type":"operator","operator":"<|"}},{"range":[65,9,65,17],"value":{"type":"functionOrValue","functionOrValue":{"moduleName":["List"],"name":"map"}}},{"range":[65,18,65,27],"value":{"type":"functionOrValue","functionOrValue":{"moduleName":[],"name":"channelEl"}}},{"range":[65,28,65,36],"value":{"type":"functionOrValue","functionOrValue":{"moduleName":[],"name":"channels"}}}]}}}}}}}}}},{"range":[69,1,69,26],"value":{"type":"function","function":{"documentation":null,"signature":null,"declaration":{"range":[69,1,69,26],"value":{"name":{"range":[69,1,69,5],"value":"gray"},"arguments":[],"expression":{"range":[69,8,69,26],"value":{"type":"application","application":[{"range":[69,8,69,14],"value":{"type":"functionOrValue","functionOrValue":{"moduleName":[],"name":"rgb255"}}},{"range":[69,15,69,18],"value":{"type":"integer","integer":200}},{"range":[69,19,69,22],"value":{"type":"integer","integer":200}},{"range":[69,23,69,26],"value":{"type":"integer","integer":200}}]}}}}}}},{"range":[70,1,70,21],"value":{"type":"function","function":{"documentation":null,"signature":null,"declaration":{"range":[70,1,70,21],"value":{"name":{"range":[70,1,70,4],"value":"red"},"arguments":[],"expression":{"range":[70,7,70,21],"value":{"type":"application","application":[{"range":[70,7,70,13],"value":{"type":"functionOrValue","functionOrValue":{"moduleName":[],"name":"rgb255"}}},{"range":[70,14,70,17],"value":{"type":"integer","integer":210}},{"range":[70,18,70,19],"value":{"type":"integer","integer":0}},{"range":[70,20,70,21],"value":{"type":"integer","integer":0}}]}}}}}}},{"range":[71,1,71,27],"value":{"type":"function","function":{"documentation":null,"signature":null,"declaration":{"range":[71,1,71,27],"value":{"name":{"range":[71,1,71,6],"value":"white"},"arguments":[],"expression":{"range":[71,9,71,27],"value":{"type":"application","application":[{"range":[71,9,71,15],"value":{"type":"functionOrValue","functionOrValue":{"moduleName":[],"name":"rgb255"}}},{"range":[71,16,71,19],"value":{"type":"integer","integer":255}},{"range":[71,20,71,23],"value":{"type":"integer","integer":255}},{"range":[71,24,71,27],"value":{"type":"integer","integer":255}}]}}}}}}},{"range":[72,1,72,26],"value":{"type":"function","function":{"documentation":null,"signature":null,"declaration":{"range":[72,1,72,26],"value":{"name":{"range":[72,1,72,6],"value":"green"},"arguments":[],"expression":{"range":[72,9,72,26],"value":{"type":"application","application":[{"range":[72,9,72,15],"value":{"type":"functionOrValue","functionOrValue":{"moduleName":[],"name":"rgb255"}}},{"range":[72,16,72,18],"value":{"type":"integer","integer":86}},{"range":[72,19,72,22],"value":{"type":"integer","integer":182}},{"range":[72,23,72,26],"value":{"type":"integer","integer":139}}]}}}}}}},{"range":[75,1,142,1],"value":{"type":"function","function":{"documentation":null,"signature":null,"declaration":{"range":[75,1,142,1],"value":{"name":{"range":[75,1,75,10],"value":"chatPanel"},"arguments":[{"range":[75,11,75,18],"value":{"type":"var","var":{"value":"channel"}}},{"range":[75,19,75,27],"value":{"type":"var","var":{"value":"messages"}}}],"expression":{"range":[76,5,142,1],"value":{"type":"let","let":{"declarations":[{"range":[77,9,102,9],"value":{"type":"function","function":{"documentation":null,"signature":null,"declaration":{"range":[77,9,100,18],"value":{"name":{"range":[77,9,77,15],"value":"header"},"arguments":[],"expression":{"range":[78,13,100,18],"value":{"type":"application","application":[{"range":[78,13,78,16],"value":{"type":"functionOrValue","functionOrValue":{"moduleName":[],"name":"row"}}},{"range":[79,17,84,18],"value":{"type":"list","list":[{"range":[79,19,79,29],"value":{"type":"application","application":[{"range":[79,19,79,24],"value":{"type":"functionOrValue","functionOrValue":{"moduleName":[],"name":"width"}}},{"range":[79,25,79,29],"value":{"type":"functionOrValue","functionOrValue":{"moduleName":[],"name":"fill"}}}]}},{"range":[80,19,80,30],"value":{"type":"functionOrValue","functionOrValue":{"moduleName":[],"name":"spaceEvenly"}}},{"range":[81,19,81,33],"value":{"type":"application","application":[{"range":[81,19,81,28],"value":{"type":"functionOrValue","functionOrValue":{"moduleName":[],"name":"paddingXY"}}},{"range":[81,29,81,31],"value":{"type":"integer","integer":20}},{"range":[81,32,81,33],"value":{"type":"integer","integer":5}}]}},{"range":[82,19,82,80],"value":{"type":"application","application":[{"range":[82,19,82,35],"value":{"type":"functionOrValue","functionOrValue":{"moduleName":["Border"],"name":"widthEach"}}},{"range":[82,36,82,80],"value":{"type":"record","record":[{"range":[82,38,82,48],"value":{"field":{"range":[82,38,82,44],"value":"bottom"},"expression":{"range":[82,47,82,48],"value":{"type":"integer","integer":1}}}},{"range":[82,50,82,57],"value":{"field":{"range":[82,50,82,53],"value":"top"},"expression":{"range":[82,56,82,57],"value":{"type":"integer","integer":0}}}},{"range":[82,59,82,67],"value":{"field":{"range":[82,59,82,63],"value":"left"},"expression":{"range":[82,66,82,67],"value":{"type":"integer","integer":0}}}},{"range":[82,69,82,79],"value":{"field":{"range":[82,69,82,74],"value":"right"},"expression":{"range":[82,77,82,78],"value":{"type":"integer","integer":0}}}}]}}]}},{"range":[83,19,83,36],"value":{"type":"application","application":[{"range":[83,19,83,31],"value":{"type":"functionOrValue","functionOrValue":{"moduleName":["Border"],"name":"color"}}},{"range":[83,32,83,36],"value":{"type":"functionOrValue","functionOrValue":{"moduleName":[],"name":"gray"}}}]}}]}},{"range":[85,17,100,18],"value":{"type":"list","list":[{"range":[85,21,85,61],"value":{"type":"application","application":[{"range":[85,21,85,23],"value":{"type":"functionOrValue","functionOrValue":{"moduleName":[],"name":"el"}}},{"range":[85,24,85,36],"value":{"type":"list","list":[{"range":[85,25,85,35],"value":{"type":"application","application":[{"range":[85,25,85,32],"value":{"type":"functionOrValue","functionOrValue":{"moduleName":[],"name":"spacing"}}},{"range":[85,33,85,35],"value":{"type":"integer","integer":10}}]}}]}},{"range":[85,37,85,39],"value":{"type":"operator","operator":"<|"}},{"range":[85,40,85,44],"value":{"type":"functionOrValue","functionOrValue":{"moduleName":[],"name":"text"}}},{"range":[85,45,85,61],"value":{"type":"parenthesized","parenthesized":{"range":[85,46,85,60],"value":{"type":"application","application":[{"range":[85,46,85,49],"value":{"type":"literal","literal":"#"}},{"range":[85,50,85,52],"value":{"type":"operator","operator":"++"}},{"range":[85,53,85,60],"value":{"type":"functionOrValue","functionOrValue":{"moduleName":[],"name":"channel"}}}]}}}}]}},{"range":[87,19,99,22],"value":{"type":"application","application":[{"range":[87,19,87,31],"value":{"type":"functionOrValue","functionOrValue":{"moduleName":["Input"],"name":"button"}}},{"range":[88,21,96,22],"value":{"type":"list","list":[{"range":[88,23,88,32],"value":{"type":"application","application":[{"range":[88,23,88,30],"value":{"type":"functionOrValue","functionOrValue":{"moduleName":[],"name":"padding"}}},{"range":[88,31,88,32],"value":{"type":"integer","integer":5}}]}},{"range":[91,23,91,34],"value":{"type":"application","application":[{"range":[91,23,91,29],"value":{"type":"functionOrValue","functionOrValue":{"moduleName":[],"name":"height"}}},{"range":[91,30,91,34],"value":{"type":"functionOrValue","functionOrValue":{"moduleName":[],"name":"fill"}}}]}},{"range":[92,23,92,37],"value":{"type":"application","application":[{"range":[92,23,92,35],"value":{"type":"functionOrValue","functionOrValue":{"moduleName":["Border"],"name":"width"}}},{"range":[92,36,92,37],"value":{"type":"integer","integer":1}}]}},{"range":[93,23,93,39],"value":{"type":"application","application":[{"range":[93,23,93,37],"value":{"type":"functionOrValue","functionOrValue":{"moduleName":["Border"],"name":"rounded"}}},{"range":[93,38,93,39],"value":{"type":"integer","integer":3}}]}},{"range":[94,23,94,40],"value":{"type":"application","application":[{"range":[94,23,94,35],"value":{"type":"functionOrValue","functionOrValue":{"moduleName":["Border"],"name":"color"}}},{"range":[94,36,94,40],"value":{"type":"functionOrValue","functionOrValue":{"moduleName":[],"name":"gray"}}}]}},{"range":[95,23,95,36],"value":{"type":"functionOrValue","functionOrValue":{"moduleName":["Border"],"name":"dashed"}}}]}},{"range":[97,21,99,22],"value":{"type":"record","record":[{"range":[97,23,97,40],"value":{"field":{"range":[97,23,97,30],"value":"onPress"},"expression":{"range":[97,33,97,40],"value":{"type":"functionOrValue","functionOrValue":{"moduleName":[],"name":"Nothing"}}}}},{"range":[98,23,99,21],"value":{"field":{"range":[98,23,98,28],"value":"label"},"expression":{"range":[98,31,98,44],"value":{"type":"application","application":[{"range":[98,31,98,35],"value":{"type":"functionOrValue","functionOrValue":{"moduleName":[],"name":"text"}}},{"range":[98,36,98,44],"value":{"type":"literal","literal":"Search"}}]}}}}]}}]}}]}}]}}}}}}},{"range":[102,9,109,9],"value":{"type":"function","function":{"documentation":null,"signature":null,"declaration":{"range":[102,9,107,18],"value":{"name":{"range":[102,9,102,21],"value":"messageEntry"},"arguments":[{"range":[102,22,102,29],"value":{"type":"var","var":{"value":"message"}}}],"expression":{"range":[103,13,107,18],"value":{"type":"application","application":[{"range":[103,13,103,19],"value":{"type":"functionOrValue","functionOrValue":{"moduleName":[],"name":"column"}}},{"range":[103,20,103,64],"value":{"type":"list","list":[{"range":[103,22,103,32],"value":{"type":"application","application":[{"range":[103,22,103,27],"value":{"type":"functionOrValue","functionOrValue":{"moduleName":[],"name":"width"}}},{"range":[103,28,103,32],"value":{"type":"functionOrValue","functionOrValue":{"moduleName":[],"name":"fill"}}}]}},{"range":[103,34,103,47],"value":{"type":"application","application":[{"range":[103,34,103,43],"value":{"type":"functionOrValue","functionOrValue":{"moduleName":[],"name":"spacingXY"}}},{"range":[103,44,103,45],"value":{"type":"integer","integer":0}},{"range":[103,46,103,47],"value":{"type":"integer","integer":5}}]}},{"range":[103,49,103,62],"value":{"type":"application","application":[{"range":[103,49,103,58],"value":{"type":"functionOrValue","functionOrValue":{"moduleName":[],"name":"paddingXY"}}},{"range":[103,59,103,60],"value":{"type":"integer","integer":8}},{"range":[103,61,103,62],"value":{"type":"integer","integer":8}}]}}]}},{"range":[104,17,107,18],"value":{"type":"list","list":[{"range":[104,19,105,82],"value":{"type":"application","application":[{"range":[104,19,104,22],"value":{"type":"functionOrValue","functionOrValue":{"moduleName":[],"name":"row"}}},{"range":[104,23,104,40],"value":{"type":"list","list":[{"range":[104,25,104,39],"value":{"type":"application","application":[{"range":[104,25,104,34],"value":{"type":"functionOrValue","functionOrValue":{"moduleName":[],"name":"spacingXY"}}},{"range":[104,35,104,37],"value":{"type":"integer","integer":10}},{"range":[104,38,104,39],"value":{"type":"integer","integer":0}}]}}]}},{"range":[105,21,105,82],"value":{"type":"list","list":[{"range":[105,23,105,62],"value":{"type":"application","application":[{"range":[105,23,105,25],"value":{"type":"functionOrValue","functionOrValue":{"moduleName":[],"name":"el"}}},{"range":[105,26,105,39],"value":{"type":"list","list":[{"range":[105,28,105,37],"value":{"type":"functionOrValue","functionOrValue":{"moduleName":["Font"],"name":"bold"}}}]}},{"range":[105,40,105,42],"value":{"type":"operator","operator":"<|"}},{"range":[105,43,105,47],"value":{"type":"functionOrValue","functionOrValue":{"moduleName":[],"name":"text"}}},{"range":[105,55,105,62],"value":{"type":"recordAccess","recordAccess":{"expression":{"range":[105,48,105,55],"value":{"type":"functionOrValue","functionOrValue":{"moduleName":[],"name":"message"}}},"name":{"range":[105,56,105,62],"value":"author"}}}}]}},{"range":[105,64,105,81],"value":{"type":"application","application":[{"range":[105,64,105,68],"value":{"type":"functionOrValue","functionOrValue":{"moduleName":[],"name":"text"}}},{"range":[105,76,105,81],"value":{"type":"recordAccess","recordAccess":{"expression":{"range":[105,69,105,76],"value":{"type":"functionOrValue","functionOrValue":{"moduleName":[],"name":"message"}}},"name":{"range":[105,77,105,81],"value":"time"}}}}]}}]}}]}},{"range":[106,19,106,65],"value":{"type":"application","application":[{"range":[106,19,106,28],"value":{"type":"functionOrValue","functionOrValue":{"moduleName":[],"name":"paragraph"}}},{"range":[106,29,106,43],"value":{"type":"list","list":[{"range":[106,31,106,42],"value":{"type":"application","application":[{"range":[106,31,106,38],"value":{"type":"functionOrValue","functionOrValue":{"moduleName":[],"name":"spacing"}}},{"range":[106,39,106,42],"value":{"type":"integer","integer":130}}]}}]}},{"range":[106,44,106,65],"value":{"type":"list","list":[{"range":[106,46,106,63],"value":{"type":"application","application":[{"range":[106,46,106,50],"value":{"type":"functionOrValue","functionOrValue":{"moduleName":[],"name":"text"}}},{"range":[106,58,106,63],"value":{"type":"recordAccess","recordAccess":{"expression":{"range":[106,51,106,58],"value":{"type":"functionOrValue","functionOrValue":{"moduleName":[],"name":"message"}}},"name":{"range":[106,59,106,63],"value":"text"}}}}]}}]}}]}}]}}]}}}}}}},{"range":[109,9,113,9],"value":{"type":"function","function":{"documentation":null,"signature":null,"declaration":{"range":[109,9,111,47],"value":{"name":{"range":[109,9,109,21],"value":"messagePanel"},"arguments":[],"expression":{"range":[110,13,111,47],"value":{"type":"application","application":[{"range":[110,13,110,19],"value":{"type":"functionOrValue","functionOrValue":{"moduleName":[],"name":"column"}}},{"range":[110,20,110,74],"value":{"type":"list","list":[{"range":[110,22,110,32],"value":{"type":"application","application":[{"range":[110,22,110,29],"value":{"type":"functionOrValue","functionOrValue":{"moduleName":[],"name":"padding"}}},{"range":[110,30,110,32],"value":{"type":"integer","integer":10}}]}},{"range":[110,34,110,48],"value":{"type":"application","application":[{"range":[110,34,110,43],"value":{"type":"functionOrValue","functionOrValue":{"moduleName":[],"name":"spacingXY"}}},{"range":[110,44,110,45],"value":{"type":"integer","integer":0}},{"range":[110,46,110,48],"value":{"type":"integer","integer":20}}]}},{"range":[110,50,110,60],"value":{"type":"functionOrValue","functionOrValue":{"moduleName":[],"name":"scrollbarY"}}},{"range":[110,62,110,72],"value":{"type":"application","application":[{"range":[110,62,110,67],"value":{"type":"functionOrValue","functionOrValue":{"moduleName":[],"name":"width"}}},{"range":[110,68,110,72],"value":{"type":"functionOrValue","functionOrValue":{"moduleName":[],"name":"fill"}}}]}}]}},{"range":[110,75,110,77],"value":{"type":"operator","operator":"<|"}},{"range":[111,17,111,25],"value":{"type":"functionOrValue","functionOrValue":{"moduleName":["List"],"name":"map"}}},{"range":[111,26,111,38],"value":{"type":"functionOrValue","functionOrValue":{"moduleName":[],"name":"messageEntry"}}},{"range":[111,39,111,47],"value":{"type":"functionOrValue","functionOrValue":{"moduleName":[],"name":"messages"}}}]}}}}}}},{"range":[113,9,133,5],"value":{"type":"function","function":{"documentation":null,"signature":null,"declaration":{"range":[113,9,132,22],"value":{"name":{"range":[113,9,113,15],"value":"footer"},"arguments":[],"expression":{"range":[114,13,132,22],"value":{"type":"application","application":[{"range":[114,13,114,15],"value":{"type":"functionOrValue","functionOrValue":{"moduleName":[],"name":"el"}}},{"range":[114,16,114,55],"value":{"type":"list","list":[{"range":[114,18,114,29],"value":{"type":"functionOrValue","functionOrValue":{"moduleName":[],"name":"alignBottom"}}},{"range":[114,31,114,41],"value":{"type":"application","application":[{"range":[114,31,114,38],"value":{"type":"functionOrValue","functionOrValue":{"moduleName":[],"name":"padding"}}},{"range":[114,39,114,41],"value":{"type":"integer","integer":20}}]}},{"range":[114,43,114,53],"value":{"type":"application","application":[{"range":[114,43,114,48],"value":{"type":"functionOrValue","functionOrValue":{"moduleName":[],"name":"width"}}},{"range":[114,49,114,53],"value":{"type":"functionOrValue","functionOrValue":{"moduleName":[],"name":"fill"}}}]}}]}},{"range":[114,56,114,58],"value":{"type":"operator","operator":"<|"}},{"range":[115,17,115,20],"value":{"type":"functionOrValue","functionOrValue":{"moduleName":[],"name":"row"}}},{"range":[116,21,122,22],"value":{"type":"list","list":[{"range":[116,23,116,36],"value":{"type":"application","application":[{"range":[116,23,116,32],"value":{"type":"functionOrValue","functionOrValue":{"moduleName":[],"name":"spacingXY"}}},{"range":[116,33,116,34],"value":{"type":"integer","integer":2}},{"range":[116,35,116,36],"value":{"type":"integer","integer":0}}]}},{"range":[117,23,117,33],"value":{"type":"application","application":[{"range":[117,23,117,28],"value":{"type":"functionOrValue","functionOrValue":{"moduleName":[],"name":"width"}}},{"range":[117,29,117,33],"value":{"type":"functionOrValue","functionOrValue":{"moduleName":[],"name":"fill"}}}]}},{"range":[119,23,119,37],"value":{"type":"application","application":[{"range":[119,23,119,35],"value":{"type":"functionOrValue","functionOrValue":{"moduleName":["Border"],"name":"width"}}},{"range":[119,36,119,37],"value":{"type":"integer","integer":2}}]}},{"range":[120,23,120,39],"value":{"type":"application","application":[{"range":[120,23,120,37],"value":{"type":"functionOrValue","functionOrValue":{"moduleName":["Border"],"name":"rounded"}}},{"range":[120,38,120,39],"value":{"type":"integer","integer":4}}]}},{"range":[121,23,121,40],"value":{"type":"application","application":[{"range":[121,23,121,35],"value":{"type":"functionOrValue","functionOrValue":{"moduleName":["Border"],"name":"color"}}},{"range":[121,36,121,40],"value":{"type":"functionOrValue","functionOrValue":{"moduleName":[],"name":"gray"}}}]}}]}},{"range":[123,21,132,22],"value":{"type":"list","list":[{"range":[123,23,130,37],"value":{"type":"application","application":[{"range":[123,23,123,25],"value":{"type":"functionOrValue","functionOrValue":{"moduleName":[],"name":"el"}}},{"range":[124,25,128,26],"value":{"type":"list","list":[{"range":[124,27,124,36],"value":{"type":"application","application":[{"range":[124,27,124,34],"value":{"type":"functionOrValue","functionOrValue":{"moduleName":[],"name":"padding"}}},{"range":[124,35,124,36],"value":{"type":"integer","integer":5}}]}},{"range":[125,27,125,88],"value":{"type":"application","application":[{"range":[125,27,125,43],"value":{"type":"functionOrValue","functionOrValue":{"moduleName":["Border"],"name":"widthEach"}}},{"range":[125,44,125,88],"value":{"type":"record","record":[{"range":[125,46,125,55],"value":{"field":{"range":[125,46,125,51],"value":"right"},"expression":{"range":[125,54,125,55],"value":{"type":"integer","integer":2}}}},{"range":[125,57,125,65],"value":{"field":{"range":[125,57,125,61],"value":"left"},"expression":{"range":[125,64,125,65],"value":{"type":"integer","integer":0}}}},{"range":[125,67,125,74],"value":{"field":{"range":[125,67,125,70],"value":"top"},"expression":{"range":[125,73,125,74],"value":{"type":"integer","integer":0}}}},{"range":[125,76,125,87],"value":{"field":{"range":[125,76,125,82],"value":"bottom"},"expression":{"range":[125,85,125,86],"value":{"type":"integer","integer":0}}}}]}}]}},{"range":[126,27,126,44],"value":{"type":"application","application":[{"range":[126,27,126,39],"value":{"type":"functionOrValue","functionOrValue":{"moduleName":["Border"],"name":"color"}}},{"range":[126,40,126,44],"value":{"type":"functionOrValue","functionOrValue":{"moduleName":[],"name":"gray"}}}]}},{"range":[127,27,127,63],"value":{"type":"application","application":[{"range":[127,27,127,36],"value":{"type":"functionOrValue","functionOrValue":{"moduleName":[],"name":"mouseOver"}}},{"range":[127,37,127,63],"value":{"type":"list","list":[{"range":[127,39,127,61],"value":{"type":"application","application":[{"range":[127,39,127,55],"value":{"type":"functionOrValue","functionOrValue":{"moduleName":["Background"],"name":"color"}}},{"range":[127,56,127,61],"value":{"type":"functionOrValue","functionOrValue":{"moduleName":[],"name":"green"}}}]}}]}}]}}]}},{"range":[129,25,129,27],"value":{"type":"operator","operator":"<|"}},{"range":[130,29,130,33],"value":{"type":"functionOrValue","functionOrValue":{"moduleName":[],"name":"text"}}},{"range":[130,34,130,37],"value":{"type":"literal","literal":"+"}}]}},{"range":[131,23,131,56],"value":{"type":"application","application":[{"range":[131,23,131,25],"value":{"type":"functionOrValue","functionOrValue":{"moduleName":[],"name":"el"}}},{"range":[131,26,131,51],"value":{"type":"list","list":[{"range":[131,27,131,49],"value":{"type":"application","application":[{"range":[131,27,131,43],"value":{"type":"functionOrValue","functionOrValue":{"moduleName":["Background"],"name":"color"}}},{"range":[131,44,131,49],"value":{"type":"functionOrValue","functionOrValue":{"moduleName":[],"name":"white"}}}]}}]}},{"range":[131,52,131,56],"value":{"type":"functionOrValue","functionOrValue":{"moduleName":[],"name":"none"}}}]}}]}}]}}}}}}}],"expression":{"range":[134,5,139,10],"value":{"type":"application","application":[{"range":[134,5,134,11],"value":{"type":"functionOrValue","functionOrValue":{"moduleName":[],"name":"column"}}},{"range":[135,9,135,48],"value":{"type":"list","list":[{"range":[135,11,135,22],"value":{"type":"application","application":[{"range":[135,11,135,17],"value":{"type":"functionOrValue","functionOrValue":{"moduleName":[],"name":"height"}}},{"range":[135,18,135,22],"value":{"type":"functionOrValue","functionOrValue":{"moduleName":[],"name":"fill"}}}]}},{"range":[135,24,135,46],"value":{"type":"application","application":[{"range":[135,24,135,29],"value":{"type":"functionOrValue","functionOrValue":{"moduleName":[],"name":"width"}}},{"range":[135,30,135,32],"value":{"type":"operator","operator":"<|"}},{"range":[135,33,135,44],"value":{"type":"functionOrValue","functionOrValue":{"moduleName":[],"name":"fillPortion"}}},{"range":[135,45,135,46],"value":{"type":"integer","integer":4}}]}}]}},{"range":[136,9,139,10],"value":{"type":"list","list":[{"range":[136,11,136,17],"value":{"type":"functionOrValue","functionOrValue":{"moduleName":[],"name":"header"}}},{"range":[137,11,137,23],"value":{"type":"functionOrValue","functionOrValue":{"moduleName":[],"name":"messagePanel"}}},{"range":[138,11,138,17],"value":{"type":"functionOrValue","functionOrValue":{"moduleName":[],"name":"footer"}}}]}}]}}}}}}}}}},{"range":[142,1,142,50],"value":{"type":"function","function":{"documentation":null,"signature":null,"declaration":{"range":[142,1,142,50],"value":{"name":{"range":[142,1,142,5],"value":"chat"},"arguments":[],"expression":{"range":[142,8,142,50],"value":{"type":"application","application":[{"range":[142,8,142,10],"value":{"type":"functionOrValue","functionOrValue":{"moduleName":[],"name":"el"}}},{"range":[142,11,142,34],"value":{"type":"list","list":[{"range":[142,13,142,20],"value":{"type":"functionOrValue","functionOrValue":{"moduleName":[],"name":"centerX"}}},{"range":[142,22,142,32],"value":{"type":"functionOrValue","functionOrValue":{"moduleName":[],"name":"alignRight"}}}]}},{"range":[142,35,142,50],"value":{"type":"parenthesized","parenthesized":{"range":[142,36,142,49],"value":{"type":"application","application":[{"range":[142,36,142,40],"value":{"type":"functionOrValue","functionOrValue":{"moduleName":[],"name":"text"}}},{"range":[142,41,142,49],"value":{"type":"literal","literal":"chat!!"}}]}}}}]}}}}}}},{"range":[144,1,144,45],"value":{"type":"function","function":{"documentation":null,"signature":null,"declaration":{"range":[144,1,144,45],"value":{"name":{"range":[144,1,144,9],"value":"fixedBox"},"arguments":[],"expression":{"range":[144,12,144,45],"value":{"type":"application","application":[{"range":[144,12,144,14],"value":{"type":"functionOrValue","functionOrValue":{"moduleName":[],"name":"el"}}},{"range":[144,15,144,35],"value":{"type":"list","list":[{"range":[144,17,144,33],"value":{"type":"application","application":[{"range":[144,17,144,22],"value":{"type":"functionOrValue","functionOrValue":{"moduleName":[],"name":"width"}}},{"range":[144,23,144,25],"value":{"type":"operator","operator":"<|"}},{"range":[144,26,144,28],"value":{"type":"functionOrValue","functionOrValue":{"moduleName":[],"name":"px"}}},{"range":[144,29,144,33],"value":{"type":"integer","integer":1000}}]}}]}},{"range":[144,36,144,45],"value":{"type":"parenthesized","parenthesized":{"range":[144,37,144,44],"value":{"type":"application","application":[{"range":[144,37,144,41],"value":{"type":"functionOrValue","functionOrValue":{"moduleName":[],"name":"text"}}},{"range":[144,42,144,44],"value":{"type":"literal","literal":""}}]}}}}]}}}}}}}],"comments":[{"range":[89,21,89,32],"value":"--, centerX"}]}