{"moduleDefinition":{"range":[2,1,2,26],"value":{"type":"normal","normal":{"moduleName":{"range":[2,8,2,12],"value":["Form"]},"exposingList":{"range":[2,13,2,26],"value":{"type":"all","all":[2,23,2,25]}}}}},"imports":[{"range":[4,1,4,15],"value":{"moduleName":{"range":[4,8,4,15],"value":["Browser"]},"moduleAlias":null,"exposingList":null}},{"range":[5,1,5,26],"value":{"moduleName":{"range":[5,8,5,12],"value":["Html"]},"moduleAlias":null,"exposingList":{"range":[5,13,5,26],"value":{"type":"all","all":[5,23,5,25]}}}},{"range":[6,1,6,37],"value":{"moduleName":{"range":[6,8,6,23],"value":["Html","Attributes"]},"moduleAlias":null,"exposingList":{"range":[6,24,6,37],"value":{"type":"all","all":[6,34,6,36]}}}},{"range":[7,1,7,38],"value":{"moduleName":{"range":[7,8,7,19],"value":["Html","Events"]},"moduleAlias":null,"exposingList":{"range":[7,20,7,38],"value":{"type":"explicit","explicit":[{"range":[7,30,7,37],"value":{"type":"function","function":{"name":"onInput"}}}]}}}}],"declarations":[{"range":[10,1,10,69],"value":{"type":"function","function":{"documentation":null,"signature":null,"declaration":{"range":[10,1,10,69],"value":{"name":{"range":[10,1,10,5],"value":"main"},"arguments":[],"expression":{"range":[10,8,10,69],"value":{"type":"application","application":[{"range":[10,8,10,23],"value":{"type":"functionOrValue","functionOrValue":{"moduleName":["Browser"],"name":"sandbox"}}},{"range":[10,24,10,69],"value":{"type":"record","record":[{"range":[10,26,10,37],"value":{"field":{"range":[10,26,10,30],"value":"init"},"expression":{"range":[10,33,10,37],"value":{"type":"functionOrValue","functionOrValue":{"moduleName":[],"name":"init"}}}}},{"range":[10,39,10,54],"value":{"field":{"range":[10,39,10,45],"value":"update"},"expression":{"range":[10,48,10,54],"value":{"type":"functionOrValue","functionOrValue":{"moduleName":[],"name":"update"}}}}},{"range":[10,56,10,68],"value":{"field":{"range":[10,56,10,60],"value":"view"},"expression":{"range":[10,63,10,67],"value":{"type":"functionOrValue","functionOrValue":{"moduleName":[],"name":"view"}}}}}]}}]}}}}}}},{"range":[12,1,16,6],"value":{"type":"typeAlias","typeAlias":{"documentation":null,"name":{"range":[12,12,12,17],"value":"Model"},"generics":[],"typeAnnotation":{"range":[12,20,16,6],"value":{"type":"record","record":{"value":[{"range":[13,5,13,17],"value":{"name":{"range":[13,5,13,9],"value":"name"},"typeAnnotation":{"range":[13,11,13,17],"value":{"type":"typed","typed":{"moduleNameAndName":{"range":[13,11,13,17],"value":{"moduleName":[],"name":"String"}},"args":[]}}}}},{"range":[14,5,15,5],"value":{"name":{"range":[14,7,14,15],"value":"password"},"typeAnnotation":{"range":[14,17,14,23],"value":{"type":"typed","typed":{"moduleNameAndName":{"range":[14,17,14,23],"value":{"moduleName":[],"name":"String"}},"args":[]}}}}},{"range":[15,5,16,5],"value":{"name":{"range":[15,7,15,20],"value":"passwordAgain"},"typeAnnotation":{"range":[15,22,15,28],"value":{"type":"typed","typed":{"moduleNameAndName":{"range":[15,22,15,28],"value":{"moduleName":[],"name":"String"}},"args":[]}}}}}]}}}}}},{"range":[18,1,19,22],"value":{"type":"function","function":{"documentation":null,"signature":{"range":[18,1,18,12],"value":{"name":{"range":[18,1,18,5],"value":"init"},"typeAnnotation":{"range":[18,7,18,12],"value":{"type":"typed","typed":{"moduleNameAndName":{"range":[18,7,18,12],"value":{"moduleName":[],"name":"Model"}},"args":[]}}}}},"declaration":{"range":[19,1,19,22],"value":{"name":{"range":[19,1,19,5],"value":"init"},"arguments":[],"expression":{"range":[19,8,19,22],"value":{"type":"application","application":[{"range":[19,8,19,13],"value":{"type":"functionOrValue","functionOrValue":{"moduleName":[],"name":"Model"}}},{"range":[19,14,19,16],"value":{"type":"literal","literal":""}},{"range":[19,17,19,19],"value":{"type":"literal","literal":""}},{"range":[19,20,19,22],"value":{"type":"literal","literal":""}}]}}}}}}},{"range":[21,1,24,27],"value":{"type":"typedecl","typedecl":{"documentation":null,"name":{"range":[21,6,21,9],"value":"Msg"},"generics":[],"constructors":[{"range":[22,7,22,18],"value":{"name":{"range":[22,7,22,11],"value":"Name"},"arguments":[{"range":[22,12,22,18],"value":{"type":"typed","typed":{"moduleNameAndName":{"range":[22,12,22,18],"value":{"moduleName":[],"name":"String"}},"args":[]}}}]}},{"range":[23,7,23,22],"value":{"name":{"range":[23,7,23,15],"value":"Password"},"arguments":[{"range":[23,16,23,22],"value":{"type":"typed","typed":{"moduleNameAndName":{"range":[23,16,23,22],"value":{"moduleName":[],"name":"String"}},"args":[]}}}]}},{"range":[24,7,24,27],"value":{"name":{"range":[24,7,24,20],"value":"PasswordAgain"},"arguments":[{"range":[24,21,24,27],"value":{"type":"typed","typed":{"moduleNameAndName":{"range":[24,21,24,27],"value":{"moduleName":[],"name":"String"}},"args":[]}}}]}}]}}},{"range":[27,1,31,61],"value":{"type":"function","function":{"documentation":null,"signature":null,"declaration":{"range":[27,1,31,61],"value":{"name":{"range":[27,1,27,7],"value":"update"},"arguments":[{"range":[27,8,27,11],"value":{"type":"var","var":{"value":"msg"}}},{"range":[27,12,27,17],"value":{"type":"var","var":{"value":"model"}}}],"expression":{"range":[28,5,31,61],"value":{"type":"case","case":{"cases":[{"pattern":{"range":[29,9,29,18],"value":{"type":"named","named":{"qualified":{"moduleName":[],"name":"Name"},"patterns":[{"range":[29,14,29,18],"value":{"type":"var","var":{"value":"name"}}}]}}},"expression":{"range":[29,22,29,45],"value":{"type":"recordUpdate","recordUpdate":{"name":{"range":[29,24,29,29],"value":"model"},"updates":[{"range":[29,32,29,44],"value":{"field":{"range":[29,32,29,36],"value":"name"},"expression":{"range":[29,39,29,43],"value":{"type":"functionOrValue","functionOrValue":{"moduleName":[],"name":"name"}}}}}]}}}},{"pattern":{"range":[30,9,30,21],"value":{"type":"named","named":{"qualified":{"moduleName":[],"name":"Password"},"patterns":[{"range":[30,18,30,21],"value":{"type":"var","var":{"value":"pwd"}}}]}}},"expression":{"range":[30,25,30,51],"value":{"type":"recordUpdate","recordUpdate":{"name":{"range":[30,27,30,32],"value":"model"},"updates":[{"range":[30,35,30,50],"value":{"field":{"range":[30,35,30,43],"value":"password"},"expression":{"range":[30,46,30,49],"value":{"type":"functionOrValue","functionOrValue":{"moduleName":[],"name":"pwd"}}}}}]}}}},{"pattern":{"range":[31,9,31,26],"value":{"type":"named","named":{"qualified":{"moduleName":[],"name":"PasswordAgain"},"patterns":[{"range":[31,23,31,26],"value":{"type":"var","var":{"value":"pwd"}}}]}}},"expression":{"range":[31,30,31,61],"value":{"type":"recordUpdate","recordUpdate":{"name":{"range":[31,32,31,37],"value":"model"},"updates":[{"range":[31,40,31,60],"value":{"field":{"range":[31,40,31,53],"value":"passwordAgain"},"expression":{"range":[31,56,31,59],"value":{"type":"functionOrValue","functionOrValue":{"moduleName":[],"name":"pwd"}}}}}]}}}}],"expression":{"range":[28,10,28,13],"value":{"type":"functionOrValue","functionOrValue":{"moduleName":[],"name":"msg"}}}}}}}}}}},{"range":[35,1,40,32],"value":{"type":"function","function":{"documentation":null,"signature":null,"declaration":{"range":[35,1,40,32],"value":{"name":{"range":[35,1,35,5],"value":"view"},"arguments":[{"range":[35,6,35,11],"value":{"type":"var","var":{"value":"model"}}}],"expression":{"range":[36,5,40,32],"value":{"type":"application","application":[{"range":[36,5,36,8],"value":{"type":"functionOrValue","functionOrValue":{"moduleName":[],"name":"div"}}},{"range":[36,9,36,11],"value":{"type":"list","list":[]}},{"range":[37,9,40,32],"value":{"type":"list","list":[{"range":[37,11,37,50],"value":{"type":"application","application":[{"range":[37,11,37,20],"value":{"type":"functionOrValue","functionOrValue":{"moduleName":[],"name":"viewInput"}}},{"range":[37,21,37,27],"value":{"type":"literal","literal":"text"}},{"range":[37,28,37,34],"value":{"type":"literal","literal":"Name"}},{"range":[37,40,37,45],"value":{"type":"recordAccess","recordAccess":{"expression":{"range":[37,35,37,40],"value":{"type":"functionOrValue","functionOrValue":{"moduleName":[],"name":"model"}}},"name":{"range":[37,41,37,45],"value":"name"}}}},{"range":[37,46,37,50],"value":{"type":"functionOrValue","functionOrValue":{"moduleName":[],"name":"Name"}}}]}},{"range":[38,11,38,67],"value":{"type":"application","application":[{"range":[38,11,38,20],"value":{"type":"functionOrValue","functionOrValue":{"moduleName":[],"name":"viewInput"}}},{"range":[38,21,38,31],"value":{"type":"literal","literal":"password"}},{"range":[38,33,38,43],"value":{"type":"literal","literal":"Password"}},{"range":[38,49,38,58],"value":{"type":"recordAccess","recordAccess":{"expression":{"range":[38,44,38,49],"value":{"type":"functionOrValue","functionOrValue":{"moduleName":[],"name":"model"}}},"name":{"range":[38,50,38,58],"value":"password"}}}},{"range":[38,59,38,67],"value":{"type":"functionOrValue","functionOrValue":{"moduleName":[],"name":"Password"}}}]}},{"range":[39,11,39,86],"value":{"type":"application","application":[{"range":[39,11,39,20],"value":{"type":"functionOrValue","functionOrValue":{"moduleName":[],"name":"viewInput"}}},{"range":[39,21,39,31],"value":{"type":"literal","literal":"password"}},{"range":[39,32,39,51],"value":{"type":"literal","literal":"Re-enter Password"}},{"range":[39,58,39,72],"value":{"type":"recordAccess","recordAccess":{"expression":{"range":[39,53,39,58],"value":{"type":"functionOrValue","functionOrValue":{"moduleName":[],"name":"model"}}},"name":{"range":[39,59,39,72],"value":"passwordAgain"}}}},{"range":[39,73,39,86],"value":{"type":"functionOrValue","functionOrValue":{"moduleName":[],"name":"PasswordAgain"}}}]}},{"range":[40,11,40,31],"value":{"type":"application","application":[{"range":[40,11,40,25],"value":{"type":"functionOrValue","functionOrValue":{"moduleName":[],"name":"viewValidation"}}},{"range":[40,26,40,31],"value":{"type":"functionOrValue","functionOrValue":{"moduleName":[],"name":"model"}}}]}}]}}]}}}}}}},{"range":[42,1,44,63],"value":{"type":"function","function":{"documentation":null,"signature":{"range":[42,1,42,69],"value":{"name":{"range":[42,1,42,10],"value":"viewInput"},"typeAnnotation":{"range":[42,12,42,69],"value":{"type":"function","function":{"left":{"range":[42,12,42,18],"value":{"type":"typed","typed":{"moduleNameAndName":{"range":[42,12,42,18],"value":{"moduleName":[],"name":"String"}},"args":[]}}},"right":{"range":[42,22,42,69],"value":{"type":"function","function":{"left":{"range":[42,22,42,28],"value":{"type":"typed","typed":{"moduleNameAndName":{"range":[42,22,42,28],"value":{"moduleName":[],"name":"String"}},"args":[]}}},"right":{"range":[42,32,42,69],"value":{"type":"function","function":{"left":{"range":[42,32,42,38],"value":{"type":"typed","typed":{"moduleNameAndName":{"range":[42,32,42,38],"value":{"moduleName":[],"name":"String"}},"args":[]}}},"right":{"range":[42,42,42,69],"value":{"type":"function","function":{"left":{"range":[42,42,42,57],"value":{"type":"function","function":{"left":{"range":[42,43,42,49],"value":{"type":"typed","typed":{"moduleNameAndName":{"range":[42,43,42,49],"value":{"moduleName":[],"name":"String"}},"args":[]}}},"right":{"range":[42,53,42,56],"value":{"type":"generic","generic":{"value":"msg"}}}}}},"right":{"range":[42,61,42,69],"value":{"type":"typed","typed":{"moduleNameAndName":{"range":[42,61,42,65],"value":{"moduleName":[],"name":"Html"}},"args":[{"range":[42,66,42,69],"value":{"type":"generic","generic":{"value":"msg"}}}]}}}}}}}}}}}}}}}}},"declaration":{"range":[43,1,44,63],"value":{"name":{"range":[43,1,43,10],"value":"viewInput"},"arguments":[{"range":[43,11,43,12],"value":{"type":"var","var":{"value":"t"}}},{"range":[43,13,43,14],"value":{"type":"var","var":{"value":"p"}}},{"range":[43,15,43,16],"value":{"type":"var","var":{"value":"v"}}},{"range":[43,17,43,22],"value":{"type":"var","var":{"value":"toMsg"}}}],"expression":{"range":[44,5,44,63],"value":{"type":"application","application":[{"range":[44,5,44,10],"value":{"type":"functionOrValue","functionOrValue":{"moduleName":[],"name":"input"}}},{"range":[44,11,44,61],"value":{"type":"list","list":[{"range":[44,13,44,20],"value":{"type":"application","application":[{"range":[44,13,44,18],"value":{"type":"functionOrValue","functionOrValue":{"moduleName":[],"name":"type_"}}},{"range":[44,19,44,20],"value":{"type":"functionOrValue","functionOrValue":{"moduleName":[],"name":"t"}}}]}},{"range":[44,22,44,35],"value":{"type":"application","application":[{"range":[44,22,44,33],"value":{"type":"functionOrValue","functionOrValue":{"moduleName":[],"name":"placeholder"}}},{"range":[44,34,44,35],"value":{"type":"functionOrValue","functionOrValue":{"moduleName":[],"name":"p"}}}]}},{"range":[44,37,44,44],"value":{"type":"application","application":[{"range":[44,37,44,42],"value":{"type":"functionOrValue","functionOrValue":{"moduleName":[],"name":"value"}}},{"range":[44,43,44,44],"value":{"type":"functionOrValue","functionOrValue":{"moduleName":[],"name":"v"}}}]}},{"range":[44,46,44,59],"value":{"type":"application","application":[{"range":[44,46,44,53],"value":{"type":"functionOrValue","functionOrValue":{"moduleName":[],"name":"onInput"}}},{"range":[44,54,44,59],"value":{"type":"functionOrValue","functionOrValue":{"moduleName":[],"name":"toMsg"}}}]}}]}},{"range":[44,61,44,63],"value":{"type":"list","list":[]}}]}}}}}}},{"range":[47,1,57,1],"value":{"type":"function","function":{"documentation":null,"signature":{"range":[47,1,47,34],"value":{"name":{"range":[47,1,47,15],"value":"viewValidation"},"typeAnnotation":{"range":[47,17,47,34],"value":{"type":"function","function":{"left":{"range":[47,17,47,22],"value":{"type":"typed","typed":{"moduleNameAndName":{"range":[47,17,47,22],"value":{"moduleName":[],"name":"Model"}},"args":[]}}},"right":{"range":[47,26,47,34],"value":{"type":"typed","typed":{"moduleNameAndName":{"range":[47,26,47,30],"value":{"moduleName":[],"name":"Html"}},"args":[{"range":[47,31,47,34],"value":{"type":"generic","generic":{"value":"msg"}}}]}}}}}}}},"declaration":{"range":[48,1,57,1],"value":{"name":{"range":[48,1,48,15],"value":"viewValidation"},"arguments":[{"range":[48,16,48,21],"value":{"type":"var","var":{"value":"model"}}}],"expression":{"range":[49,5,57,1],"value":{"type":"ifBlock","ifBlock":{"clause":{"range":[49,13,49,45],"value":{"type":"application","application":[{"range":[49,13,49,22],"value":{"type":"recordAccess","recordAccess":{"expression":{"range":[49,8,49,13],"value":{"type":"functionOrValue","functionOrValue":{"moduleName":[],"name":"model"}}},"name":{"range":[49,14,49,22],"value":"password"}}}},{"range":[49,23,49,25],"value":{"type":"operator","operator":"=="}},{"range":[49,31,49,45],"value":{"type":"recordAccess","recordAccess":{"expression":{"range":[49,26,49,31],"value":{"type":"functionOrValue","functionOrValue":{"moduleName":[],"name":"model"}}},"name":{"range":[49,32,49,45],"value":"passwordAgain"}}}}]}},"then":{"range":[50,9,50,50],"value":{"type":"application","application":[{"range":[50,9,50,12],"value":{"type":"functionOrValue","functionOrValue":{"moduleName":[],"name":"div"}}},{"range":[50,13,50,37],"value":{"type":"list","list":[{"range":[50,15,50,36],"value":{"type":"application","application":[{"range":[50,15,50,20],"value":{"type":"functionOrValue","functionOrValue":{"moduleName":[],"name":"style"}}},{"range":[50,21,50,28],"value":{"type":"literal","literal":"color"}},{"range":[50,29,50,36],"value":{"type":"literal","literal":"green"}}]}}]}},{"range":[50,37,50,50],"value":{"type":"list","list":[{"range":[50,39,50,48],"value":{"type":"application","application":[{"range":[50,39,50,43],"value":{"type":"functionOrValue","functionOrValue":{"moduleName":[],"name":"text"}}},{"range":[50,44,50,48],"value":{"type":"literal","literal":"OK"}}]}}]}}]}},"else":{"range":[52,9,52,66],"value":{"type":"application","application":[{"range":[52,9,52,12],"value":{"type":"functionOrValue","functionOrValue":{"moduleName":[],"name":"div"}}},{"range":[52,13,52,35],"value":{"type":"list","list":[{"range":[52,15,52,34],"value":{"type":"application","application":[{"range":[52,15,52,20],"value":{"type":"functionOrValue","functionOrValue":{"moduleName":[],"name":"style"}}},{"range":[52,21,52,28],"value":{"type":"literal","literal":"color"}},{"range":[52,29,52,34],"value":{"type":"literal","literal":"red"}}]}}]}},{"range":[52,36,52,66],"value":{"type":"list","list":[{"range":[52,38,52,65],"value":{"type":"application","application":[{"range":[52,38,52,42],"value":{"type":"functionOrValue","functionOrValue":{"moduleName":[],"name":"text"}}},{"range":[52,43,52,65],"value":{"type":"literal","literal":"Passwors do not page"}}]}}]}}]}}}}}}}}}}],"comments":[{"range":[34,1,34,27],"value":"-- view: Model -> Html Msg"},{"range":[26,1,26,33],"value":"-- update: Msg -> Model -> Model"}]}