{"moduleDefinition":{"range":[2,1,2,24],"value":{"type":"normal","normal":{"moduleName":{"range":[2,8,2,10],"value":["UI"]},"exposingList":{"range":[2,11,2,24],"value":{"type":"all","all":[2,21,2,23]}}}}},"imports":[{"range":[9,1,9,29],"value":{"moduleName":{"range":[9,8,9,15],"value":["Element"]},"moduleAlias":null,"exposingList":{"range":[9,16,9,29],"value":{"type":"all","all":[9,26,9,28]}}}},{"range":[10,1,10,40],"value":{"moduleName":{"range":[10,8,10,26],"value":["Element","Background"]},"moduleAlias":{"range":[10,30,10,40],"value":["Background"]},"exposingList":null}},{"range":[11,1,11,32],"value":{"moduleName":{"range":[11,8,11,22],"value":["Element","Border"]},"moduleAlias":{"range":[11,26,11,32],"value":["Border"]},"exposingList":null}},{"range":[12,1,12,28],"value":{"moduleName":{"range":[12,8,12,20],"value":["Element","Font"]},"moduleAlias":{"range":[12,24,12,28],"value":["Font"]},"exposingList":null}},{"range":[13,1,13,30],"value":{"moduleName":{"range":[13,8,13,21],"value":["Element","Input"]},"moduleAlias":{"range":[13,25,13,30],"value":["Input"]},"exposingList":null}},{"range":[14,1,14,13],"value":{"moduleName":{"range":[14,8,14,13],"value":["Debug"]},"moduleAlias":null,"exposingList":null}}],"declarations":[{"range":[17,1,17,26],"value":{"type":"function","function":{"documentation":null,"signature":null,"declaration":{"range":[17,1,17,26],"value":{"name":{"range":[17,1,17,5],"value":"gray"},"arguments":[],"expression":{"range":[17,8,17,26],"value":{"type":"application","application":[{"range":[17,8,17,14],"value":{"type":"functionOrValue","functionOrValue":{"moduleName":[],"name":"rgb255"}}},{"range":[17,15,17,18],"value":{"type":"integer","integer":200}},{"range":[17,19,17,22],"value":{"type":"integer","integer":200}},{"range":[17,23,17,26],"value":{"type":"integer","integer":200}}]}}}}}}},{"range":[18,1,18,21],"value":{"type":"function","function":{"documentation":null,"signature":null,"declaration":{"range":[18,1,18,21],"value":{"name":{"range":[18,1,18,4],"value":"red"},"arguments":[],"expression":{"range":[18,7,18,21],"value":{"type":"application","application":[{"range":[18,7,18,13],"value":{"type":"functionOrValue","functionOrValue":{"moduleName":[],"name":"rgb255"}}},{"range":[18,14,18,17],"value":{"type":"integer","integer":210}},{"range":[18,18,18,19],"value":{"type":"integer","integer":0}},{"range":[18,20,18,21],"value":{"type":"integer","integer":0}}]}}}}}}},{"range":[19,1,19,27],"value":{"type":"function","function":{"documentation":null,"signature":null,"declaration":{"range":[19,1,19,27],"value":{"name":{"range":[19,1,19,6],"value":"white"},"arguments":[],"expression":{"range":[19,9,19,27],"value":{"type":"application","application":[{"range":[19,9,19,15],"value":{"type":"functionOrValue","functionOrValue":{"moduleName":[],"name":"rgb255"}}},{"range":[19,16,19,19],"value":{"type":"integer","integer":255}},{"range":[19,20,19,23],"value":{"type":"integer","integer":255}},{"range":[19,24,19,27],"value":{"type":"integer","integer":255}}]}}}}}}},{"range":[20,1,20,26],"value":{"type":"function","function":{"documentation":null,"signature":null,"declaration":{"range":[20,1,20,26],"value":{"name":{"range":[20,1,20,6],"value":"green"},"arguments":[],"expression":{"range":[20,9,20,26],"value":{"type":"application","application":[{"range":[20,9,20,15],"value":{"type":"functionOrValue","functionOrValue":{"moduleName":[],"name":"rgb255"}}},{"range":[20,16,20,18],"value":{"type":"integer","integer":86}},{"range":[20,19,20,22],"value":{"type":"integer","integer":182}},{"range":[20,23,20,26],"value":{"type":"integer","integer":139}}]}}}}}}},{"range":[22,1,23,197],"value":{"type":"function","function":{"documentation":null,"signature":{"range":[22,1,22,12],"value":{"name":{"range":[22,1,22,4],"value":"url"},"typeAnnotation":{"range":[22,6,22,12],"value":{"type":"typed","typed":{"moduleNameAndName":{"range":[22,6,22,12],"value":{"moduleName":[],"name":"String"}},"args":[]}}}}},"declaration":{"range":[23,1,23,197],"value":{"name":{"range":[23,1,23,4],"value":"url"},"arguments":[],"expression":{"range":[23,7,23,197],"value":{"type":"literal","literal":"http://bw-qm-public.oss-cn-shenzhen.aliyuncs.com/qm/entityxwzx/fieldfm/37066e44-d760-4daf-bef6-59fc5df54a14.png?x-oss-process=image/resize,m_lfit,w_1440,limit_1/auto-orient,1/quality,q_100"}}}}}}},{"range":[25,1,26,63],"value":{"type":"function","function":{"documentation":null,"signature":{"range":[25,1,25,14],"value":{"name":{"range":[25,1,25,6],"value":"title"},"typeAnnotation":{"range":[25,8,25,14],"value":{"type":"typed","typed":{"moduleNameAndName":{"range":[25,8,25,14],"value":{"moduleName":[],"name":"String"}},"args":[]}}}}},"declaration":{"range":[26,1,26,63],"value":{"name":{"range":[26,1,26,6],"value":"title"},"arguments":[],"expression":{"range":[26,9,26,63],"value":{"type":"literal","literal":"新闻资讯标题新闻资讯标题新闻资讯标题新闻资讯新闻资讯标题新闻资讯标题新闻资讯标题新闻资讯新闻资讯标题新闻"}}}}}}},{"range":[28,1,30,14],"value":{"type":"function","function":{"documentation":null,"signature":null,"declaration":{"range":[28,1,30,14],"value":{"name":{"range":[28,1,28,5],"value":"main"},"arguments":[],"expression":{"range":[29,5,30,14],"value":{"type":"application","application":[{"range":[29,5,29,19],"value":{"type":"functionOrValue","functionOrValue":{"moduleName":["Element"],"name":"layout"}}},{"range":[29,20,29,22],"value":{"type":"list","list":[]}},{"range":[30,9,30,14],"value":{"type":"functionOrValue","functionOrValue":{"moduleName":[],"name":"myCol"}}}]}}}}}}},{"range":[32,1,40,6],"value":{"type":"function","function":{"documentation":null,"signature":{"range":[32,1,32,19],"value":{"name":{"range":[32,1,32,6],"value":"myCol"},"typeAnnotation":{"range":[32,8,32,19],"value":{"type":"typed","typed":{"moduleNameAndName":{"range":[32,8,32,15],"value":{"moduleName":[],"name":"Element"}},"args":[{"range":[32,16,32,19],"value":{"type":"generic","generic":{"value":"msg"}}}]}}}}},"declaration":{"range":[33,1,40,6],"value":{"name":{"range":[33,1,33,6],"value":"myCol"},"arguments":[],"expression":{"range":[33,9,40,6],"value":{"type":"application","application":[{"range":[33,9,33,15],"value":{"type":"functionOrValue","functionOrValue":{"moduleName":[],"name":"column"}}},{"range":[33,16,36,6],"value":{"type":"list","list":[{"range":[34,5,34,15],"value":{"type":"application","application":[{"range":[34,5,34,10],"value":{"type":"functionOrValue","functionOrValue":{"moduleName":[],"name":"width"}}},{"range":[34,11,34,15],"value":{"type":"functionOrValue","functionOrValue":{"moduleName":[],"name":"fill"}}}]}},{"range":[35,7,35,18],"value":{"type":"application","application":[{"range":[35,7,35,13],"value":{"type":"functionOrValue","functionOrValue":{"moduleName":[],"name":"height"}}},{"range":[35,14,35,18],"value":{"type":"functionOrValue","functionOrValue":{"moduleName":[],"name":"fill"}}}]}}]}},{"range":[37,5,40,6],"value":{"type":"list","list":[{"range":[37,7,37,33],"value":{"type":"application","application":[{"range":[37,7,37,9],"value":{"type":"functionOrValue","functionOrValue":{"moduleName":[],"name":"el"}}},{"range":[37,10,37,12],"value":{"type":"list","list":[]}},{"range":[37,13,37,33],"value":{"type":"parenthesized","parenthesized":{"range":[37,14,37,32],"value":{"type":"application","application":[{"range":[37,14,37,18],"value":{"type":"functionOrValue","functionOrValue":{"moduleName":[],"name":"text"}}},{"range":[37,19,37,32],"value":{"type":"literal","literal":"HELLO WORLD"}}]}}}}]}},{"range":[38,7,38,42],"value":{"type":"application","application":[{"range":[38,7,38,9],"value":{"type":"functionOrValue","functionOrValue":{"moduleName":[],"name":"el"}}},{"range":[38,10,38,28],"value":{"type":"list","list":[{"range":[38,11,38,18],"value":{"type":"functionOrValue","functionOrValue":{"moduleName":[],"name":"centerY"}}},{"range":[38,20,38,27],"value":{"type":"functionOrValue","functionOrValue":{"moduleName":[],"name":"centerX"}}}]}},{"range":[38,29,38,42],"value":{"type":"parenthesized","parenthesized":{"range":[38,30,38,41],"value":{"type":"application","application":[{"range":[38,30,38,34],"value":{"type":"functionOrValue","functionOrValue":{"moduleName":[],"name":"text"}}},{"range":[38,35,38,41],"value":{"type":"literal","literal":"COOL"}}]}}}}]}},{"range":[39,7,39,25],"value":{"type":"application","application":[{"range":[39,7,39,9],"value":{"type":"functionOrValue","functionOrValue":{"moduleName":[],"name":"el"}}},{"range":[39,10,39,12],"value":{"type":"list","list":[]}},{"range":[39,13,39,25],"value":{"type":"parenthesized","parenthesized":{"range":[39,14,39,24],"value":{"type":"application","application":[{"range":[39,14,39,18],"value":{"type":"functionOrValue","functionOrValue":{"moduleName":[],"name":"text"}}},{"range":[39,19,39,24],"value":{"type":"literal","literal":"MAN"}}]}}}}]}}]}}]}}}}}}},{"range":[43,1,54,6],"value":{"type":"function","function":{"documentation":null,"signature":{"range":[43,1,43,19],"value":{"name":{"range":[43,1,43,6],"value":"myRow"},"typeAnnotation":{"range":[43,8,43,19],"value":{"type":"typed","typed":{"moduleNameAndName":{"range":[43,8,43,15],"value":{"moduleName":[],"name":"Element"}},"args":[{"range":[43,16,43,19],"value":{"type":"generic","generic":{"value":"msg"}}}]}}}}},"declaration":{"range":[44,1,54,6],"value":{"name":{"range":[44,1,44,6],"value":"myRow"},"arguments":[],"expression":{"range":[44,9,54,6],"value":{"type":"application","application":[{"range":[44,9,44,12],"value":{"type":"functionOrValue","functionOrValue":{"moduleName":[],"name":"row"}}},{"range":[45,5,45,35],"value":{"type":"list","list":[{"range":[45,6,45,13],"value":{"type":"functionOrValue","functionOrValue":{"moduleName":[],"name":"centerX"}}},{"range":[45,15,45,22],"value":{"type":"functionOrValue","functionOrValue":{"moduleName":[],"name":"centerY"}}},{"range":[45,24,45,34],"value":{"type":"application","application":[{"range":[45,24,45,31],"value":{"type":"functionOrValue","functionOrValue":{"moduleName":[],"name":"spacing"}}},{"range":[45,32,45,34],"value":{"type":"integer","integer":10}}]}}]}},{"range":[46,5,54,6],"value":{"type":"list","list":[{"range":[46,7,46,16],"value":{"type":"functionOrValue","functionOrValue":{"moduleName":[],"name":"myElement"}}},{"range":[47,7,47,25],"value":{"type":"application","application":[{"range":[47,7,47,10],"value":{"type":"functionOrValue","functionOrValue":{"moduleName":[],"name":"row"}}},{"range":[47,11,47,13],"value":{"type":"list","list":[]}},{"range":[47,14,47,25],"value":{"type":"list","list":[{"range":[47,15,47,24],"value":{"type":"functionOrValue","functionOrValue":{"moduleName":[],"name":"myElement"}}}]}}]}},{"range":[48,7,52,38],"value":{"type":"application","application":[{"range":[48,7,48,13],"value":{"type":"functionOrValue","functionOrValue":{"moduleName":[],"name":"column"}}},{"range":[49,9,51,10],"value":{"type":"list","list":[{"range":[50,9,50,19],"value":{"type":"application","application":[{"range":[50,9,50,14],"value":{"type":"functionOrValue","functionOrValue":{"moduleName":[],"name":"width"}}},{"range":[50,15,50,19],"value":{"type":"functionOrValue","functionOrValue":{"moduleName":[],"name":"fill"}}}]}}]}},{"range":[52,9,52,38],"value":{"type":"list","list":[{"range":[52,11,52,37],"value":{"type":"application","application":[{"range":[52,11,52,20],"value":{"type":"functionOrValue","functionOrValue":{"moduleName":[],"name":"paragraph"}}},{"range":[52,21,52,23],"value":{"type":"list","list":[]}},{"range":[52,24,52,37],"value":{"type":"list","list":[{"range":[52,26,52,36],"value":{"type":"application","application":[{"range":[52,26,52,30],"value":{"type":"functionOrValue","functionOrValue":{"moduleName":[],"name":"text"}}},{"range":[52,31,52,36],"value":{"type":"functionOrValue","functionOrValue":{"moduleName":[],"name":"title"}}}]}}]}}]}}]}}]}},{"range":[53,7,53,16],"value":{"type":"functionOrValue","functionOrValue":{"moduleName":[],"name":"myElement"}}}]}}]}}}}}}},{"range":[56,1,70,26],"value":{"type":"function","function":{"documentation":null,"signature":{"range":[56,1,56,24],"value":{"name":{"range":[56,1,56,10],"value":"myElement"},"typeAnnotation":{"range":[56,13,56,24],"value":{"type":"typed","typed":{"moduleNameAndName":{"range":[56,13,56,20],"value":{"moduleName":[],"name":"Element"}},"args":[{"range":[56,21,56,24],"value":{"type":"generic","generic":{"value":"msg"}}}]}}}}},"declaration":{"range":[57,1,70,26],"value":{"name":{"range":[57,1,57,10],"value":"myElement"},"arguments":[],"expression":{"range":[58,5,70,26],"value":{"type":"application","application":[{"range":[58,5,58,7],"value":{"type":"functionOrValue","functionOrValue":{"moduleName":[],"name":"el"}}},{"range":[59,9,69,10],"value":{"type":"list","list":[{"range":[59,11,59,27],"value":{"type":"application","application":[{"range":[59,11,59,25],"value":{"type":"functionOrValue","functionOrValue":{"moduleName":["Border"],"name":"rounded"}}},{"range":[59,26,59,27],"value":{"type":"integer","integer":4}}]}},{"range":[61,11,61,31],"value":{"type":"application","application":[{"range":[61,11,61,27],"value":{"type":"functionOrValue","functionOrValue":{"moduleName":["Background"],"name":"image"}}},{"range":[61,28,61,31],"value":{"type":"functionOrValue","functionOrValue":{"moduleName":[],"name":"url"}}}]}},{"range":[62,11,62,42],"value":{"type":"application","application":[{"range":[62,11,62,21],"value":{"type":"functionOrValue","functionOrValue":{"moduleName":["Font"],"name":"color"}}},{"range":[62,22,62,42],"value":{"type":"parenthesized","parenthesized":{"range":[62,23,62,41],"value":{"type":"application","application":[{"range":[62,23,62,29],"value":{"type":"functionOrValue","functionOrValue":{"moduleName":[],"name":"rgb255"}}},{"range":[62,30,62,33],"value":{"type":"integer","integer":255}},{"range":[62,34,62,37],"value":{"type":"integer","integer":255}},{"range":[62,38,62,41],"value":{"type":"integer","integer":255}}]}}}}]}},{"range":[64,11,64,26],"value":{"type":"application","application":[{"range":[64,11,64,16],"value":{"type":"functionOrValue","functionOrValue":{"moduleName":[],"name":"width"}}},{"range":[64,17,64,19],"value":{"type":"operator","operator":"<|"}},{"range":[64,20,64,22],"value":{"type":"functionOrValue","functionOrValue":{"moduleName":[],"name":"px"}}},{"range":[64,23,64,26],"value":{"type":"integer","integer":160}}]}},{"range":[65,11,65,27],"value":{"type":"application","application":[{"range":[65,11,65,17],"value":{"type":"functionOrValue","functionOrValue":{"moduleName":[],"name":"height"}}},{"range":[65,18,65,20],"value":{"type":"operator","operator":"<|"}},{"range":[65,21,65,23],"value":{"type":"functionOrValue","functionOrValue":{"moduleName":[],"name":"px"}}},{"range":[65,24,65,27],"value":{"type":"integer","integer":160}}]}}]}},{"range":[70,9,70,26],"value":{"type":"parenthesized","parenthesized":{"range":[70,10,70,25],"value":{"type":"application","application":[{"range":[70,10,70,14],"value":{"type":"functionOrValue","functionOrValue":{"moduleName":[],"name":"text"}}},{"range":[70,15,70,25],"value":{"type":"literal","literal":"stylish!"}}]}}}}]}}}}}}}],"comments":[{"range":[68,9,68,20],"value":"--, centerY"},{"range":[67,9,67,20],"value":"--, centerX"},{"range":[66,9,66,23],"value":"--, width fill"},{"range":[63,9,63,23],"value":"--, padding 80"},{"range":[60,9,60,48],"value":"--, Background.color (rgb255 10 160 10)"},{"range":[8,1,8,9],"value":"--     )"},{"range":[7,1,7,24],"value":"--     centerX, maximum"},{"range":[6,1,6,61],"value":"--     width, height, px, rgb255, spacing, centerY, padding,"},{"range":[5,1,5,69],"value":"--     Element, el, text, row, column, paragraph, alignRight, fill, "},{"range":[4,1,4,29],"value":"-- import Element exposing ("}]}