{"moduleDefinition":{"range":[1,1,1,28],"value":{"type":"normal","normal":{"moduleName":{"range":[1,8,1,12],"value":["Menu"]},"exposingList":{"range":[1,13,1,28],"value":{"type":"explicit","explicit":[{"range":[1,23,1,27],"value":{"type":"function","function":{"name":"main"}}}]}}}}},"imports":[{"range":[3,1,3,15],"value":{"moduleName":{"range":[3,8,3,15],"value":["Browser"]},"moduleAlias":null,"exposingList":null}},{"range":[4,1,4,28],"value":{"moduleName":{"range":[4,8,4,12],"value":["Html"]},"moduleAlias":null,"exposingList":{"range":[4,13,4,28],"value":{"type":"explicit","explicit":[{"range":[4,23,4,27],"value":{"type":"typeOrAlias","typeOrAlias":{"name":"Html"}}}]}}}},{"range":[5,1,5,99],"value":{"moduleName":{"range":[5,8,5,15],"value":["Element"]},"moduleAlias":null,"exposingList":{"range":[5,16,5,99],"value":{"type":"explicit","explicit":[{"range":[5,26,5,28],"value":{"type":"function","function":{"name":"el"}}},{"range":[5,30,5,32],"value":{"type":"function","function":{"name":"px"}}},{"range":[5,34,5,37],"value":{"type":"function","function":{"name":"row"}}},{"range":[5,39,5,45],"value":{"type":"function","function":{"name":"column"}}},{"range":[5,47,5,54],"value":{"type":"function","function":{"name":"padding"}}},{"range":[5,56,5,63],"value":{"type":"function","function":{"name":"spacing"}}},{"range":[5,65,5,69],"value":{"type":"function","function":{"name":"fill"}}},{"range":[5,71,5,82],"value":{"type":"function","function":{"name":"fillPortion"}}},{"range":[5,84,5,89],"value":{"type":"function","function":{"name":"width"}}},{"range":[5,91,5,98],"value":{"type":"function","function":{"name":"centerX"}}}]}}}},{"range":[6,1,6,22],"value":{"moduleName":{"range":[6,8,6,22],"value":["Element","Events"]},"moduleAlias":null,"exposingList":null}},{"range":[7,1,7,26],"value":{"moduleName":{"range":[7,8,7,26],"value":["Element","Background"]},"moduleAlias":null,"exposingList":null}},{"range":[8,1,8,20],"value":{"moduleName":{"range":[8,8,8,20],"value":["Element","Font"]},"moduleAlias":null,"exposingList":null}}],"declarations":[{"range":[10,1,11,33],"value":{"type":"typeAlias","typeAlias":{"documentation":null,"name":{"range":[10,12,10,17],"value":"Model"},"generics":[],"typeAnnotation":{"range":[11,5,11,33],"value":{"type":"record","record":{"value":[{"range":[11,7,11,18],"value":{"name":{"range":[11,7,11,12],"value":"count"},"typeAnnotation":{"range":[11,15,11,18],"value":{"type":"typed","typed":{"moduleNameAndName":{"range":[11,15,11,18],"value":{"moduleName":[],"name":"Int"}},"args":[]}}}}},{"range":[11,18,11,32],"value":{"name":{"range":[11,20,11,24],"value":"menu"},"typeAnnotation":{"range":[11,27,11,31],"value":{"type":"typed","typed":{"moduleNameAndName":{"range":[11,27,11,31],"value":{"moduleName":[],"name":"Bool"}},"args":[]}}}}}]}}}}}},{"range":[14,1,16,32],"value":{"type":"function","function":{"documentation":null,"signature":{"range":[14,1,14,21],"value":{"name":{"range":[14,1,14,13],"value":"initialModel"},"typeAnnotation":{"range":[14,16,14,21],"value":{"type":"typed","typed":{"moduleNameAndName":{"range":[14,16,14,21],"value":{"moduleName":[],"name":"Model"}},"args":[]}}}}},"declaration":{"range":[15,1,16,32],"value":{"name":{"range":[15,1,15,13],"value":"initialModel"},"arguments":[],"expression":{"range":[16,5,16,32],"value":{"type":"record","record":[{"range":[16,7,16,16],"value":{"field":{"range":[16,7,16,12],"value":"count"},"expression":{"range":[16,15,16,16],"value":{"type":"integer","integer":0}}}},{"range":[16,18,16,31],"value":{"field":{"range":[16,18,16,22],"value":"menu"},"expression":{"range":[16,25,16,30],"value":{"type":"functionOrValue","functionOrValue":{"moduleName":[],"name":"False"}}}}}]}}}}}}},{"range":[19,1,23,16],"value":{"type":"typedecl","typedecl":{"documentation":null,"name":{"range":[19,6,19,9],"value":"Msg"},"generics":[],"constructors":[{"range":[20,7,20,16],"value":{"name":{"range":[20,7,20,16],"value":"Increment"},"arguments":[]}},{"range":[21,7,21,16],"value":{"name":{"range":[21,7,21,16],"value":"Decrement"},"arguments":[]}},{"range":[22,7,22,15],"value":{"name":{"range":[22,7,22,15],"value":"OpenMenu"},"arguments":[]}},{"range":[23,7,23,16],"value":{"name":{"range":[23,7,23,16],"value":"CloseMenu"},"arguments":[]}}]}}},{"range":[26,1,39,37],"value":{"type":"function","function":{"documentation":null,"signature":{"range":[26,1,26,31],"value":{"name":{"range":[26,1,26,7],"value":"update"},"typeAnnotation":{"range":[26,10,26,31],"value":{"type":"function","function":{"left":{"range":[26,10,26,13],"value":{"type":"typed","typed":{"moduleNameAndName":{"range":[26,10,26,13],"value":{"moduleName":[],"name":"Msg"}},"args":[]}}},"right":{"range":[26,17,26,31],"value":{"type":"function","function":{"left":{"range":[26,17,26,22],"value":{"type":"typed","typed":{"moduleNameAndName":{"range":[26,17,26,22],"value":{"moduleName":[],"name":"Model"}},"args":[]}}},"right":{"range":[26,26,26,31],"value":{"type":"typed","typed":{"moduleNameAndName":{"range":[26,26,26,31],"value":{"moduleName":[],"name":"Model"}},"args":[]}}}}}}}}}}},"declaration":{"range":[27,1,39,37],"value":{"name":{"range":[27,1,27,7],"value":"update"},"arguments":[{"range":[27,8,27,11],"value":{"type":"var","var":{"value":"msg"}}},{"range":[27,12,27,17],"value":{"type":"var","var":{"value":"model"}}}],"expression":{"range":[28,5,39,37],"value":{"type":"case","case":{"cases":[{"pattern":{"range":[29,9,29,18],"value":{"type":"named","named":{"qualified":{"moduleName":[],"name":"Increment"},"patterns":[]}}},"expression":{"range":[30,13,30,48],"value":{"type":"recordUpdate","recordUpdate":{"name":{"range":[30,15,30,20],"value":"model"},"updates":[{"range":[30,23,30,47],"value":{"field":{"range":[30,23,30,28],"value":"count"},"expression":{"range":[30,36,30,46],"value":{"type":"application","application":[{"range":[30,36,30,42],"value":{"type":"recordAccess","recordAccess":{"expression":{"range":[30,31,30,36],"value":{"type":"functionOrValue","functionOrValue":{"moduleName":[],"name":"model"}}},"name":{"range":[30,37,30,42],"value":"count"}}}},{"range":[30,43,30,44],"value":{"type":"operator","operator":"+"}},{"range":[30,45,30,46],"value":{"type":"integer","integer":1}}]}}}}]}}}},{"pattern":{"range":[32,9,32,18],"value":{"type":"named","named":{"qualified":{"moduleName":[],"name":"Decrement"},"patterns":[]}}},"expression":{"range":[33,13,33,48],"value":{"type":"recordUpdate","recordUpdate":{"name":{"range":[33,15,33,20],"value":"model"},"updates":[{"range":[33,23,33,47],"value":{"field":{"range":[33,23,33,28],"value":"count"},"expression":{"range":[33,36,33,46],"value":{"type":"application","application":[{"range":[33,36,33,42],"value":{"type":"recordAccess","recordAccess":{"expression":{"range":[33,31,33,36],"value":{"type":"functionOrValue","functionOrValue":{"moduleName":[],"name":"model"}}},"name":{"range":[33,37,33,42],"value":"count"}}}},{"range":[33,43,33,45],"value":{"type":"operator","operator":"-"}},{"range":[33,45,33,46],"value":{"type":"integer","integer":1}}]}}}}]}}}},{"pattern":{"range":[35,9,35,17],"value":{"type":"named","named":{"qualified":{"moduleName":[],"name":"OpenMenu"},"patterns":[]}}},"expression":{"range":[36,13,36,36],"value":{"type":"recordUpdate","recordUpdate":{"name":{"range":[36,15,36,20],"value":"model"},"updates":[{"range":[36,23,36,35],"value":{"field":{"range":[36,23,36,27],"value":"menu"},"expression":{"range":[36,30,36,34],"value":{"type":"functionOrValue","functionOrValue":{"moduleName":[],"name":"True"}}}}}]}}}},{"pattern":{"range":[38,9,38,18],"value":{"type":"named","named":{"qualified":{"moduleName":[],"name":"CloseMenu"},"patterns":[]}}},"expression":{"range":[39,13,39,37],"value":{"type":"recordUpdate","recordUpdate":{"name":{"range":[39,15,39,20],"value":"model"},"updates":[{"range":[39,23,39,36],"value":{"field":{"range":[39,23,39,27],"value":"menu"},"expression":{"range":[39,30,39,35],"value":{"type":"functionOrValue","functionOrValue":{"moduleName":[],"name":"False"}}}}}]}}}}],"expression":{"range":[28,10,28,13],"value":{"type":"functionOrValue","functionOrValue":{"moduleName":[],"name":"msg"}}}}}}}}}}},{"range":[42,1,58,13],"value":{"type":"function","function":{"documentation":null,"signature":{"range":[42,1,42,25],"value":{"name":{"range":[42,1,42,5],"value":"view"},"typeAnnotation":{"range":[42,8,42,25],"value":{"type":"function","function":{"left":{"range":[42,8,42,13],"value":{"type":"typed","typed":{"moduleNameAndName":{"range":[42,8,42,13],"value":{"moduleName":[],"name":"Model"}},"args":[]}}},"right":{"range":[42,17,42,25],"value":{"type":"typed","typed":{"moduleNameAndName":{"range":[42,17,42,21],"value":{"moduleName":[],"name":"Html"}},"args":[{"range":[42,22,42,25],"value":{"type":"typed","typed":{"moduleNameAndName":{"range":[42,22,42,25],"value":{"moduleName":[],"name":"Msg"}},"args":[]}}}]}}}}}}}},"declaration":{"range":[43,1,58,13],"value":{"name":{"range":[43,1,43,5],"value":"view"},"arguments":[{"range":[43,6,43,11],"value":{"type":"var","var":{"value":"model"}}}],"expression":{"range":[44,5,58,13],"value":{"type":"application","application":[{"range":[44,5,44,19],"value":{"type":"functionOrValue","functionOrValue":{"moduleName":["Element"],"name":"layout"}}},{"range":[44,20,44,85],"value":{"type":"list","list":[{"range":[44,22,44,72],"value":{"type":"application","application":[{"range":[44,22,44,46],"value":{"type":"functionOrValue","functionOrValue":{"moduleName":["Element","Background"],"name":"color"}}},{"range":[44,47,44,72],"value":{"type":"parenthesized","parenthesized":{"range":[44,48,44,71],"value":{"type":"application","application":[{"range":[44,48,44,62],"value":{"type":"functionOrValue","functionOrValue":{"moduleName":["Element"],"name":"rgb255"}}},{"range":[44,63,44,65],"value":{"type":"integer","integer":30}},{"range":[44,66,44,68],"value":{"type":"integer","integer":30}},{"range":[44,69,44,71],"value":{"type":"integer","integer":30}}]}}}}]}},{"range":[44,74,44,84],"value":{"type":"application","application":[{"range":[44,74,44,81],"value":{"type":"functionOrValue","functionOrValue":{"moduleName":[],"name":"padding"}}},{"range":[44,82,44,84],"value":{"type":"integer","integer":10}}]}}]}},{"range":[45,5,45,7],"value":{"type":"operator","operator":"<|"}},{"range":[45,8,45,14],"value":{"type":"functionOrValue","functionOrValue":{"moduleName":[],"name":"column"}}},{"range":[45,15,45,97],"value":{"type":"list","list":[{"range":[45,16,45,26],"value":{"type":"application","application":[{"range":[45,16,45,23],"value":{"type":"functionOrValue","functionOrValue":{"moduleName":[],"name":"spacing"}}},{"range":[45,24,45,26],"value":{"type":"integer","integer":10}}]}},{"range":[45,28,45,43],"value":{"type":"application","application":[{"range":[45,28,45,33],"value":{"type":"functionOrValue","functionOrValue":{"moduleName":[],"name":"width"}}},{"range":[45,34,45,36],"value":{"type":"operator","operator":"<|"}},{"range":[45,37,45,39],"value":{"type":"functionOrValue","functionOrValue":{"moduleName":[],"name":"px"}}},{"range":[45,40,45,43],"value":{"type":"integer","integer":200}}]}},{"range":[45,45,45,96],"value":{"type":"application","application":[{"range":[45,45,45,69],"value":{"type":"functionOrValue","functionOrValue":{"moduleName":["Element","Background"],"name":"color"}}},{"range":[45,70,45,96],"value":{"type":"parenthesized","parenthesized":{"range":[45,71,45,95],"value":{"type":"application","application":[{"range":[45,71,45,85],"value":{"type":"functionOrValue","functionOrValue":{"moduleName":["Element"],"name":"rgb255"}}},{"range":[45,86,45,89],"value":{"type":"integer","integer":200}},{"range":[45,90,45,92],"value":{"type":"integer","integer":30}},{"range":[45,93,45,95],"value":{"type":"integer","integer":10}}]}}}}]}}]}},{"range":[46,12,58,13],"value":{"type":"list","list":[{"range":[46,14,52,63],"value":{"type":"application","application":[{"range":[46,14,46,16],"value":{"type":"functionOrValue","functionOrValue":{"moduleName":[],"name":"el"}}},{"range":[46,17,51,18],"value":{"type":"list","list":[{"range":[46,19,46,29],"value":{"type":"application","application":[{"range":[46,19,46,24],"value":{"type":"functionOrValue","functionOrValue":{"moduleName":[],"name":"width"}}},{"range":[46,25,46,29],"value":{"type":"functionOrValue","functionOrValue":{"moduleName":[],"name":"fill"}}}]}},{"range":[47,19,47,28],"value":{"type":"application","application":[{"range":[47,19,47,26],"value":{"type":"functionOrValue","functionOrValue":{"moduleName":[],"name":"padding"}}},{"range":[47,27,47,28],"value":{"type":"integer","integer":8}}]}},{"range":[48,19,48,38],"value":{"type":"functionOrValue","functionOrValue":{"moduleName":["Element","Font"],"name":"center"}}},{"range":[49,19,50,49],"value":{"type":"application","application":[{"range":[49,19,49,43],"value":{"type":"functionOrValue","functionOrValue":{"moduleName":["Element","Background"],"name":"color"}}},{"range":[49,44,49,46],"value":{"type":"operator","operator":"<|"}},{"range":[50,23,50,37],"value":{"type":"functionOrValue","functionOrValue":{"moduleName":["Element"],"name":"rgb255"}}},{"range":[50,38,50,41],"value":{"type":"integer","integer":120}},{"range":[50,42,50,45],"value":{"type":"integer","integer":120}},{"range":[50,46,50,49],"value":{"type":"integer","integer":180}}]}}]}},{"range":[51,19,51,21],"value":{"type":"operator","operator":"<|"}},{"range":[52,22,52,34],"value":{"type":"functionOrValue","functionOrValue":{"moduleName":["Element"],"name":"text"}}},{"range":[52,35,52,63],"value":{"type":"parenthesized","parenthesized":{"range":[52,36,52,62],"value":{"type":"application","application":[{"range":[52,36,52,50],"value":{"type":"functionOrValue","functionOrValue":{"moduleName":["String"],"name":"fromInt"}}},{"range":[52,56,52,62],"value":{"type":"recordAccess","recordAccess":{"expression":{"range":[52,51,52,56],"value":{"type":"functionOrValue","functionOrValue":{"moduleName":[],"name":"model"}}},"name":{"range":[52,57,52,62],"value":"count"}}}}]}}}}]}},{"range":[53,14,57,47],"value":{"type":"application","application":[{"range":[53,14,53,16],"value":{"type":"functionOrValue","functionOrValue":{"moduleName":[],"name":"el"}}},{"range":[53,17,56,18],"value":{"type":"list","list":[{"range":[53,19,53,26],"value":{"type":"functionOrValue","functionOrValue":{"moduleName":[],"name":"centerX"}}},{"range":[54,19,54,50],"value":{"type":"application","application":[{"range":[54,19,54,41],"value":{"type":"functionOrValue","functionOrValue":{"moduleName":["Element","Events"],"name":"onClick"}}},{"range":[54,42,54,50],"value":{"type":"functionOrValue","functionOrValue":{"moduleName":[],"name":"OpenMenu"}}}]}},{"range":[55,19,55,48],"value":{"type":"application","application":[{"range":[55,19,55,32],"value":{"type":"functionOrValue","functionOrValue":{"moduleName":["Element"],"name":"below"}}},{"range":[55,33,55,35],"value":{"type":"operator","operator":"<|"}},{"range":[55,36,55,42],"value":{"type":"functionOrValue","functionOrValue":{"moduleName":[],"name":"myMenu"}}},{"range":[55,43,55,48],"value":{"type":"functionOrValue","functionOrValue":{"moduleName":[],"name":"model"}}}]}}]}},{"range":[56,19,56,21],"value":{"type":"operator","operator":"<|"}},{"range":[57,21,57,33],"value":{"type":"functionOrValue","functionOrValue":{"moduleName":["Element"],"name":"text"}}},{"range":[57,34,57,47],"value":{"type":"literal","literal":"I'm a menu!"}}]}}]}}]}}}}}}},{"range":[62,1,83,11],"value":{"type":"function","function":{"documentation":null,"signature":null,"declaration":{"range":[62,1,83,11],"value":{"name":{"range":[62,1,62,7],"value":"myMenu"},"arguments":[{"range":[62,8,62,13],"value":{"type":"var","var":{"value":"model"}}}],"expression":{"range":[63,5,83,11],"value":{"type":"case","case":{"cases":[{"pattern":{"range":[64,5,64,10],"value":{"type":"named","named":{"qualified":{"moduleName":[],"name":"False"},"patterns":[]}}},"expression":{"range":[65,9,65,27],"value":{"type":"application","application":[{"range":[65,9,65,11],"value":{"type":"functionOrValue","functionOrValue":{"moduleName":[],"name":"el"}}},{"range":[65,12,65,14],"value":{"type":"list","list":[]}},{"range":[65,15,65,27],"value":{"type":"functionOrValue","functionOrValue":{"moduleName":["Element"],"name":"none"}}}]}}},{"pattern":{"range":[67,5,67,9],"value":{"type":"named","named":{"qualified":{"moduleName":[],"name":"True"},"patterns":[]}}},"expression":{"range":[68,9,83,11],"value":{"type":"application","application":[{"range":[68,9,68,12],"value":{"type":"functionOrValue","functionOrValue":{"moduleName":[],"name":"row"}}},{"range":[68,13,71,14],"value":{"type":"list","list":[{"range":[68,15,68,30],"value":{"type":"application","application":[{"range":[68,15,68,20],"value":{"type":"functionOrValue","functionOrValue":{"moduleName":[],"name":"width"}}},{"range":[68,21,68,23],"value":{"type":"operator","operator":"<|"}},{"range":[68,24,68,26],"value":{"type":"functionOrValue","functionOrValue":{"moduleName":[],"name":"px"}}},{"range":[68,27,68,30],"value":{"type":"integer","integer":200}}]}},{"range":[69,15,69,30],"value":{"type":"functionOrValue","functionOrValue":{"moduleName":["Element"],"name":"centerX"}}},{"range":[70,15,70,68],"value":{"type":"application","application":[{"range":[70,15,70,39],"value":{"type":"functionOrValue","functionOrValue":{"moduleName":["Element","Background"],"name":"color"}}},{"range":[70,40,70,68],"value":{"type":"parenthesized","parenthesized":{"range":[70,41,70,67],"value":{"type":"application","application":[{"range":[70,41,70,55],"value":{"type":"functionOrValue","functionOrValue":{"moduleName":["Element"],"name":"rgb255"}}},{"range":[70,56,70,59],"value":{"type":"integer","integer":200}},{"range":[70,60,70,63],"value":{"type":"integer","integer":200}},{"range":[70,64,70,67],"value":{"type":"integer","integer":200}}]}}}}]}}]}},{"range":[72,13,83,11],"value":{"type":"list","list":[{"range":[72,15,76,39],"value":{"type":"application","application":[{"range":[72,15,72,17],"value":{"type":"functionOrValue","functionOrValue":{"moduleName":[],"name":"el"}}},{"range":[72,18,76,19],"value":{"type":"list","list":[{"range":[72,20,72,42],"value":{"type":"application","application":[{"range":[72,20,72,25],"value":{"type":"functionOrValue","functionOrValue":{"moduleName":[],"name":"width"}}},{"range":[72,26,72,28],"value":{"type":"operator","operator":"<|"}},{"range":[72,29,72,40],"value":{"type":"functionOrValue","functionOrValue":{"moduleName":[],"name":"fillPortion"}}},{"range":[72,41,72,42],"value":{"type":"integer","integer":1}}]}},{"range":[73,20,73,78],"value":{"type":"application","application":[{"range":[73,20,73,44],"value":{"type":"functionOrValue","functionOrValue":{"moduleName":["Element","Background"],"name":"color"}}},{"range":[73,45,73,47],"value":{"type":"operator","operator":"<|"}},{"range":[73,48,73,63],"value":{"type":"functionOrValue","functionOrValue":{"moduleName":["Element"],"name":"rgba255"}}},{"range":[73,64,73,66],"value":{"type":"integer","integer":50}},{"range":[73,67,73,70],"value":{"type":"integer","integer":100}},{"range":[73,71,73,74],"value":{"type":"integer","integer":150}},{"range":[73,75,73,78],"value":{"type":"float","float":0.4}}]}},{"range":[74,20,74,39],"value":{"type":"functionOrValue","functionOrValue":{"moduleName":["Element","Font"],"name":"center"}}},{"range":[75,20,75,52],"value":{"type":"application","application":[{"range":[75,20,75,42],"value":{"type":"functionOrValue","functionOrValue":{"moduleName":["Element","Events"],"name":"onClick"}}},{"range":[75,43,75,52],"value":{"type":"functionOrValue","functionOrValue":{"moduleName":[],"name":"Increment"}}}]}}]}},{"range":[76,20,76,22],"value":{"type":"operator","operator":"<|"}},{"range":[76,23,76,35],"value":{"type":"functionOrValue","functionOrValue":{"moduleName":["Element"],"name":"text"}}},{"range":[76,36,76,39],"value":{"type":"literal","literal":"+"}}]}},{"range":[77,15,77,57],"value":{"type":"application","application":[{"range":[77,15,77,17],"value":{"type":"functionOrValue","functionOrValue":{"moduleName":[],"name":"el"}}},{"range":[77,18,77,44],"value":{"type":"list","list":[{"range":[77,20,77,42],"value":{"type":"application","application":[{"range":[77,20,77,25],"value":{"type":"functionOrValue","functionOrValue":{"moduleName":[],"name":"width"}}},{"range":[77,26,77,28],"value":{"type":"operator","operator":"<|"}},{"range":[77,29,77,40],"value":{"type":"functionOrValue","functionOrValue":{"moduleName":[],"name":"fillPortion"}}},{"range":[77,41,77,42],"value":{"type":"integer","integer":2}}]}}]}},{"range":[77,45,77,57],"value":{"type":"functionOrValue","functionOrValue":{"moduleName":["Element"],"name":"none"}}}]}},{"range":[78,15,82,39],"value":{"type":"application","application":[{"range":[78,15,78,17],"value":{"type":"functionOrValue","functionOrValue":{"moduleName":[],"name":"el"}}},{"range":[78,18,82,19],"value":{"type":"list","list":[{"range":[78,20,78,42],"value":{"type":"application","application":[{"range":[78,20,78,25],"value":{"type":"functionOrValue","functionOrValue":{"moduleName":[],"name":"width"}}},{"range":[78,26,78,28],"value":{"type":"operator","operator":"<|"}},{"range":[78,29,78,40],"value":{"type":"functionOrValue","functionOrValue":{"moduleName":[],"name":"fillPortion"}}},{"range":[78,41,78,42],"value":{"type":"integer","integer":1}}]}},{"range":[79,20,79,78],"value":{"type":"application","application":[{"range":[79,20,79,44],"value":{"type":"functionOrValue","functionOrValue":{"moduleName":["Element","Background"],"name":"color"}}},{"range":[79,45,79,47],"value":{"type":"operator","operator":"<|"}},{"range":[79,48,79,63],"value":{"type":"functionOrValue","functionOrValue":{"moduleName":["Element"],"name":"rgba255"}}},{"range":[79,64,79,67],"value":{"type":"integer","integer":150}},{"range":[79,68,79,71],"value":{"type":"integer","integer":100}},{"range":[79,72,79,74],"value":{"type":"integer","integer":50}},{"range":[79,75,79,78],"value":{"type":"float","float":0.8}}]}},{"range":[80,20,80,39],"value":{"type":"functionOrValue","functionOrValue":{"moduleName":["Element","Font"],"name":"center"}}},{"range":[81,20,81,52],"value":{"type":"application","application":[{"range":[81,20,81,42],"value":{"type":"functionOrValue","functionOrValue":{"moduleName":["Element","Events"],"name":"onClick"}}},{"range":[81,43,81,52],"value":{"type":"functionOrValue","functionOrValue":{"moduleName":[],"name":"Decrement"}}}]}}]}},{"range":[82,20,82,22],"value":{"type":"operator","operator":"<|"}},{"range":[82,23,82,35],"value":{"type":"functionOrValue","functionOrValue":{"moduleName":["Element"],"name":"text"}}},{"range":[82,36,82,39],"value":{"type":"literal","literal":"-"}}]}}]}}]}}}],"expression":{"range":[63,15,63,20],"value":{"type":"recordAccess","recordAccess":{"expression":{"range":[63,10,63,15],"value":{"type":"functionOrValue","functionOrValue":{"moduleName":[],"name":"model"}}},"name":{"range":[63,16,63,20],"value":"menu"}}}}}}}}}}}},{"range":[85,1,91,10],"value":{"type":"function","function":{"documentation":null,"signature":{"range":[85,1,85,28],"value":{"name":{"range":[85,1,85,5],"value":"main"},"typeAnnotation":{"range":[85,8,85,28],"value":{"type":"typed","typed":{"moduleNameAndName":{"range":[85,8,85,15],"value":{"moduleName":[],"name":"Program"}},"args":[{"range":[85,16,85,18],"value":{"type":"unit","unit":{}}},{"range":[85,19,85,24],"value":{"type":"typed","typed":{"moduleNameAndName":{"range":[85,19,85,24],"value":{"moduleName":[],"name":"Model"}},"args":[]}}},{"range":[85,25,85,28],"value":{"type":"typed","typed":{"moduleNameAndName":{"range":[85,25,85,28],"value":{"moduleName":[],"name":"Msg"}},"args":[]}}}]}}}}},"declaration":{"range":[86,1,91,10],"value":{"name":{"range":[86,1,86,5],"value":"main"},"arguments":[],"expression":{"range":[87,5,91,10],"value":{"type":"application","application":[{"range":[87,5,87,20],"value":{"type":"functionOrValue","functionOrValue":{"moduleName":["Browser"],"name":"sandbox"}}},{"range":[88,9,91,10],"value":{"type":"record","record":[{"range":[88,11,88,30],"value":{"field":{"range":[88,11,88,15],"value":"init"},"expression":{"range":[88,18,88,30],"value":{"type":"functionOrValue","functionOrValue":{"moduleName":[],"name":"initialModel"}}}}},{"range":[89,11,90,9],"value":{"field":{"range":[89,11,89,15],"value":"view"},"expression":{"range":[89,18,89,22],"value":{"type":"functionOrValue","functionOrValue":{"moduleName":[],"name":"view"}}}}},{"range":[90,11,91,9],"value":{"field":{"range":[90,11,90,17],"value":"update"},"expression":{"range":[90,20,90,26],"value":{"type":"functionOrValue","functionOrValue":{"moduleName":[],"name":"update"}}}}}]}}]}}}}}}}],"comments":[]}