{"moduleDefinition":{"range":[2,1,2,31],"value":{"type":"normal","normal":{"moduleName":{"range":[2,8,2,15],"value":["SlackUI"]},"exposingList":{"range":[2,16,2,31],"value":{"type":"explicit","explicit":[{"range":[2,26,2,30],"value":{"type":"function","function":{"name":"main"}}}]}}}}},"imports":[{"range":[4,1,4,29],"value":{"moduleName":{"range":[4,8,4,15],"value":["Element"]},"moduleAlias":null,"exposingList":{"range":[4,16,4,29],"value":{"type":"all","all":[4,26,4,28]}}}},{"range":[5,1,5,40],"value":{"moduleName":{"range":[5,8,5,26],"value":["Element","Background"]},"moduleAlias":{"range":[5,30,5,40],"value":["Background"]},"exposingList":null}},{"range":[6,1,6,32],"value":{"moduleName":{"range":[6,8,6,22],"value":["Element","Border"]},"moduleAlias":{"range":[6,26,6,32],"value":["Border"]},"exposingList":null}},{"range":[7,1,7,28],"value":{"moduleName":{"range":[7,8,7,20],"value":["Element","Font"]},"moduleAlias":{"range":[7,24,7,28],"value":["Font"]},"exposingList":null}},{"range":[8,1,8,30],"value":{"moduleName":{"range":[8,8,8,21],"value":["Element","Input"]},"moduleAlias":{"range":[8,25,8,30],"value":["Input"]},"exposingList":null}},{"range":[9,1,9,32],"value":{"moduleName":{"range":[9,8,9,22],"value":["Element","Region"]},"moduleAlias":{"range":[9,26,9,32],"value":["Region"]},"exposingList":null}},{"range":[10,1,10,28],"value":{"moduleName":{"range":[10,8,10,12],"value":["Html"]},"moduleAlias":null,"exposingList":{"range":[10,13,10,28],"value":{"type":"explicit","explicit":[{"range":[10,23,10,27],"value":{"type":"typeOrAlias","typeOrAlias":{"name":"Html"}}}]}}}}],"declarations":[{"range":[13,1,13,47],"value":{"type":"function","function":{"documentation":null,"signature":null,"declaration":{"range":[13,1,13,47],"value":{"name":{"range":[13,1,13,15],"value":"sampleChannels"},"arguments":[],"expression":{"range":[13,19,13,47],"value":{"type":"list","list":[{"range":[13,20,13,25],"value":{"type":"literal","literal":"elm"}},{"range":[13,27,13,35],"value":{"type":"literal","literal":"elm-ui"}},{"range":[13,37,13,46],"value":{"type":"literal","literal":"general"}}]}}}}}}},{"range":[14,1,14,31],"value":{"type":"function","function":{"documentation":null,"signature":null,"declaration":{"range":[14,1,14,31],"value":{"name":{"range":[14,1,14,20],"value":"sampleActiveChannel"},"arguments":[],"expression":{"range":[14,23,14,31],"value":{"type":"literal","literal":"elm-ui"}}}}}}},{"range":[16,1,16,71],"value":{"type":"typeAlias","typeAlias":{"documentation":null,"name":{"range":[16,12,16,19],"value":"Message"},"generics":[],"typeAnnotation":{"range":[16,22,16,71],"value":{"type":"record","record":{"value":[{"range":[16,24,16,39],"value":{"name":{"range":[16,24,16,30],"value":"author"},"typeAnnotation":{"range":[16,33,16,39],"value":{"type":"typed","typed":{"moduleNameAndName":{"range":[16,33,16,39],"value":{"moduleName":[],"name":"String"}},"args":[]}}}}},{"range":[16,39,16,54],"value":{"name":{"range":[16,41,16,45],"value":"time"},"typeAnnotation":{"range":[16,48,16,54],"value":{"type":"typed","typed":{"moduleNameAndName":{"range":[16,48,16,54],"value":{"moduleName":[],"name":"String"}},"args":[]}}}}},{"range":[16,54,16,70],"value":{"name":{"range":[16,56,16,60],"value":"text"},"typeAnnotation":{"range":[16,63,16,69],"value":{"type":"typed","typed":{"moduleNameAndName":{"range":[16,63,16,69],"value":{"moduleName":[],"name":"String"}},"args":[]}}}}}]}}}}}},{"range":[18,1,32,6],"value":{"type":"function","function":{"documentation":null,"signature":{"range":[18,1,18,30],"value":{"name":{"range":[18,1,18,15],"value":"sampleMessages"},"typeAnnotation":{"range":[18,18,18,30],"value":{"type":"typed","typed":{"moduleNameAndName":{"range":[18,18,18,22],"value":{"moduleName":[],"name":"List"}},"args":[{"range":[18,23,18,30],"value":{"type":"typed","typed":{"moduleNameAndName":{"range":[18,23,18,30],"value":{"moduleName":[],"name":"Message"}},"args":[]}}}]}}}}},"declaration":{"range":[19,1,32,6],"value":{"name":{"range":[19,1,19,15],"value":"sampleMessages"},"arguments":[],"expression":{"range":[20,5,32,6],"value":{"type":"list","list":[{"range":[20,7,20,254],"value":{"type":"record","record":[{"range":[20,9,20,30],"value":{"field":{"range":[20,9,20,15],"value":"author"},"expression":{"range":[20,18,20,30],"value":{"type":"literal","literal":"augustin82"}}}},{"range":[20,32,20,47],"value":{"field":{"range":[20,32,20,36],"value":"time"},"expression":{"range":[20,39,20,47],"value":{"type":"literal","literal":"6:09AM"}}}},{"range":[20,49,20,253],"value":{"field":{"range":[20,49,20,53],"value":"text"},"expression":{"range":[20,56,20,252],"value":{"type":"literal","literal":"@gampleman I think you need to `clip` the `scrollable` element, and that that element should be larger than its parent, which (I think) means that the containing parent should have a fixed width"}}}}]}},{"range":[21,7,21,246],"value":{"type":"record","record":[{"range":[21,9,21,28],"value":{"field":{"range":[21,9,21,15],"value":"author"},"expression":{"range":[21,18,21,28],"value":{"type":"literal","literal":"u0421793"}}}},{"range":[21,30,21,45],"value":{"field":{"range":[21,30,21,34],"value":"time"},"expression":{"range":[21,37,21,45],"value":{"type":"literal","literal":"6:22AM"}}}},{"range":[21,47,21,245],"value":{"field":{"range":[21,47,21,51],"value":"text"},"expression":{"range":[21,54,21,244],"value":{"type":"literal","literal":"I’ve been trying to make a few links on a page in elm and elm-ui but I’ve not found a way to make it work because I haven’t found any examples of elm-ui which incorporate an anchor element"}}}}]}},{"range":[22,7,22,162],"value":{"type":"record","record":[{"range":[22,9,22,30],"value":{"field":{"range":[22,9,22,15],"value":"author"},"expression":{"range":[22,18,22,30],"value":{"type":"literal","literal":"augustin82"}}}},{"range":[22,32,22,47],"value":{"field":{"range":[22,32,22,36],"value":"time"},"expression":{"range":[22,39,22,47],"value":{"type":"literal","literal":"6:27AM"}}}},{"range":[22,49,22,161],"value":{"field":{"range":[22,49,22,53],"value":"text"},"expression":{"range":[22,56,22,160],"value":{"type":"literal","literal":"@u0421793 what are you looking for exactly? do you have an Ellie where you've tried  doing some stuff?"}}}}]}},{"range":[23,7,23,174],"value":{"type":"record","record":[{"range":[23,9,23,26],"value":{"field":{"range":[23,9,23,15],"value":"author"},"expression":{"range":[23,18,23,26],"value":{"type":"literal","literal":"icepac"}}}},{"range":[23,28,23,44],"value":{"field":{"range":[23,28,23,32],"value":"time"},"expression":{"range":[23,35,23,44],"value":{"type":"literal","literal":"7:53 AM"}}}},{"range":[23,46,23,173],"value":{"field":{"range":[23,46,23,50],"value":"text"},"expression":{"range":[23,53,23,172],"value":{"type":"literal","literal":"Anybody replied to @lango https://elmlang.slack.com/archives/C4F9NBLR1/p1541911789377400 About Animation vs Element ?"}}}}]}},{"range":[24,7,24,179],"value":{"type":"record","record":[{"range":[24,9,24,29],"value":{"field":{"range":[24,9,24,15],"value":"author"},"expression":{"range":[24,18,24,29],"value":{"type":"literal","literal":"mgriffith"}}}},{"range":[24,31,24,47],"value":{"field":{"range":[24,31,24,35],"value":"time"},"expression":{"range":[24,38,24,47],"value":{"type":"literal","literal":"8:00 AM"}}}},{"range":[24,49,24,178],"value":{"field":{"range":[24,49,24,53],"value":"text"},"expression":{"range":[24,56,24,177],"value":{"type":"literal","literal":"You can use them together, for sure :smile: You just need to use `Element.htmlAttribute` to render the style attribute."}}}}]}},{"range":[25,7,25,172],"value":{"type":"record","record":[{"range":[25,9,25,26],"value":{"field":{"range":[25,9,25,15],"value":"author"},"expression":{"range":[25,18,25,26],"value":{"type":"literal","literal":"duncan"}}}},{"range":[25,28,25,44],"value":{"field":{"range":[25,28,25,32],"value":"time"},"expression":{"range":[25,35,25,44],"value":{"type":"literal","literal":"9:32 AM"}}}},{"range":[25,46,25,171],"value":{"field":{"range":[25,46,25,50],"value":"text"},"expression":{"range":[25,53,25,170],"value":{"type":"literal","literal":"so ideally, it'd be nice to get the r,g,b,a components from a `Color` so that I could do the string interp (edited)"}}}}]}},{"range":[26,7,26,362],"value":{"type":"record","record":[{"range":[26,9,26,25],"value":{"field":{"range":[26,9,26,15],"value":"author"},"expression":{"range":[26,18,26,25],"value":{"type":"literal","literal":"lango"}}}},{"range":[26,27,26,43],"value":{"field":{"range":[26,27,26,31],"value":"time"},"expression":{"range":[26,34,26,43],"value":{"type":"literal","literal":"1:23 PM"}}}},{"range":[26,45,26,361],"value":{"field":{"range":[26,45,26,49],"value":"text"},"expression":{"range":[26,52,26,360],"value":{"type":"literal","literal":"@mgriffith But that isn't really them 'working together' is it, its more they just happen to be together? For example, `elm-ui` has `background.gradient` but `elm-style-animation` only has `backgroundColor`. It's not clear to me how I could animation `elm-ui`'s `background.gradient` using `elm-animation`?"}}}}]}},{"range":[27,7,27,272],"value":{"type":"record","record":[{"range":[27,9,27,29],"value":{"field":{"range":[27,9,27,15],"value":"author"},"expression":{"range":[27,18,27,29],"value":{"type":"literal","literal":"mgriffith"}}}},{"range":[27,31,27,47],"value":{"field":{"range":[27,31,27,35],"value":"time"},"expression":{"range":[27,38,27,47],"value":{"type":"literal","literal":"4:28 PM"}}}},{"range":[27,49,27,271],"value":{"field":{"range":[27,49,27,53],"value":"text"},"expression":{"range":[27,56,27,270],"value":{"type":"literal","literal":"@lango Oh, yeah I totally agree it isn’t seamless :smile: That’s why I’ve been putting a lot of time towards an API for animation for elm-ui.  But technically `elm-style-animation` and `elm-ui` can work together."}}}}]}},{"range":[28,7,28,442],"value":{"type":"record","record":[{"range":[28,9,28,28],"value":{"field":{"range":[28,9,28,15],"value":"author"},"expression":{"range":[28,18,28,28],"value":{"type":"literal","literal":"eniac314"}}}},{"range":[28,30,28,46],"value":{"field":{"range":[28,30,28,34],"value":"time"},"expression":{"range":[28,37,28,46],"value":{"type":"literal","literal":"6:49 AM"}}}},{"range":[28,48,28,441],"value":{"field":{"range":[28,48,28,52],"value":"text"},"expression":{"range":[28,55,28,440],"value":{"type":"literal","literal":"It seems it it possible to press buttons without the event handler associated being fired when one clicks the thin area along the top border. In this example: https://ellie-app.com/3T4KLBKbnTQa1 it's possible to see the button moving without the counter increasing or decreasing. Is this due to the way I did the styling for the buttons? It seems to be related to the shadow (edited)"}}}}]}},{"range":[29,7,29,147],"value":{"type":"record","record":[{"range":[29,9,29,37],"value":{"field":{"range":[29,9,29,15],"value":"author"},"expression":{"range":[29,18,29,37],"value":{"type":"literal","literal":"anthony.deschamps"}}}},{"range":[29,39,29,56],"value":{"field":{"range":[29,39,29,43],"value":"time"},"expression":{"range":[29,46,29,56],"value":{"type":"literal","literal":"10:24 AM"}}}},{"range":[29,58,29,146],"value":{"field":{"range":[29,58,29,62],"value":"text"},"expression":{"range":[29,65,29,145],"value":{"type":"literal","literal":"What's the most recent version of elm-ui/stylish-elephants that works on 0.18?"}}}}]}},{"range":[30,7,30,233],"value":{"type":"record","record":[{"range":[30,9,30,27],"value":{"field":{"range":[30,9,30,15],"value":"author"},"expression":{"range":[30,18,30,27],"value":{"type":"literal","literal":"progger"}}}},{"range":[30,29,30,46],"value":{"field":{"range":[30,29,30,33],"value":"time"},"expression":{"range":[30,36,30,46],"value":{"type":"literal","literal":"10:46 AM"}}}},{"range":[30,48,30,232],"value":{"field":{"range":[30,48,30,52],"value":"text"},"expression":{"range":[30,55,30,231],"value":{"type":"literal","literal":"I've got some text that I'm laying out in a paragraph, and I want to put a link in there too.  Paragraph put the link on its own line though.  Shouldn't it all flow together?"}}}}]}},{"range":[31,7,31,128],"value":{"type":"record","record":[{"range":[31,9,31,27],"value":{"field":{"range":[31,9,31,15],"value":"author"},"expression":{"range":[31,18,31,27],"value":{"type":"literal","literal":"progger"}}}},{"range":[31,29,31,46],"value":{"field":{"range":[31,29,31,33],"value":"time"},"expression":{"range":[31,36,31,46],"value":{"type":"literal","literal":"11:22 AM"}}}},{"range":[31,48,31,127],"value":{"field":{"range":[31,48,31,52],"value":"text"},"expression":{"range":[31,55,31,126],"value":{"type":"literal","literal":"Ha, I filed an issue about this back in oct.  Used my own workaround!"}}}}]}}]}}}}}}},{"range":[38,1,42,110],"value":{"type":"function","function":{"documentation":null,"signature":{"range":[38,1,38,15],"value":{"name":{"range":[38,1,38,5],"value":"main"},"typeAnnotation":{"range":[38,7,38,15],"value":{"type":"typed","typed":{"moduleNameAndName":{"range":[38,7,38,11],"value":{"moduleName":[],"name":"Html"}},"args":[{"range":[38,12,38,15],"value":{"type":"generic","generic":{"value":"msg"}}}]}}}}},"declaration":{"range":[39,1,42,110],"value":{"name":{"range":[39,1,39,5],"value":"main"},"arguments":[],"expression":{"range":[40,5,42,110],"value":{"type":"application","application":[{"range":[40,5,40,11],"value":{"type":"functionOrValue","functionOrValue":{"moduleName":[],"name":"layout"}}},{"range":[40,12,40,27],"value":{"type":"list","list":[{"range":[40,14,40,25],"value":{"type":"application","application":[{"range":[40,14,40,20],"value":{"type":"functionOrValue","functionOrValue":{"moduleName":[],"name":"height"}}},{"range":[40,21,40,25],"value":{"type":"functionOrValue","functionOrValue":{"moduleName":[],"name":"fill"}}}]}}]}},{"range":[40,28,40,30],"value":{"type":"operator","operator":"<|"}},{"range":[41,9,41,12],"value":{"type":"functionOrValue","functionOrValue":{"moduleName":[],"name":"row"}}},{"range":[41,13,41,40],"value":{"type":"list","list":[{"range":[41,15,41,26],"value":{"type":"application","application":[{"range":[41,15,41,21],"value":{"type":"functionOrValue","functionOrValue":{"moduleName":[],"name":"height"}}},{"range":[41,22,41,26],"value":{"type":"functionOrValue","functionOrValue":{"moduleName":[],"name":"fill"}}}]}},{"range":[41,28,41,38],"value":{"type":"application","application":[{"range":[41,28,41,33],"value":{"type":"functionOrValue","functionOrValue":{"moduleName":[],"name":"width"}}},{"range":[41,34,41,38],"value":{"type":"functionOrValue","functionOrValue":{"moduleName":[],"name":"fill"}}}]}}]}},{"range":[42,13,42,110],"value":{"type":"list","list":[{"range":[42,15,42,63],"value":{"type":"application","application":[{"range":[42,15,42,28],"value":{"type":"functionOrValue","functionOrValue":{"moduleName":[],"name":"channelPannel"}}},{"range":[42,29,42,43],"value":{"type":"functionOrValue","functionOrValue":{"moduleName":[],"name":"sampleChannels"}}},{"range":[42,44,42,63],"value":{"type":"functionOrValue","functionOrValue":{"moduleName":[],"name":"sampleActiveChannel"}}}]}},{"range":[42,65,42,109],"value":{"type":"application","application":[{"range":[42,65,42,74],"value":{"type":"functionOrValue","functionOrValue":{"moduleName":[],"name":"chatPanel"}}},{"range":[42,75,42,94],"value":{"type":"functionOrValue","functionOrValue":{"moduleName":[],"name":"sampleActiveChannel"}}},{"range":[42,95,42,109],"value":{"type":"functionOrValue","functionOrValue":{"moduleName":[],"name":"sampleMessages"}}}]}}]}}]}}}}}}},{"range":[44,1,71,1],"value":{"type":"function","function":{"documentation":null,"signature":{"range":[44,1,44,52],"value":{"name":{"range":[44,1,44,14],"value":"channelPannel"},"typeAnnotation":{"range":[44,16,44,52],"value":{"type":"function","function":{"left":{"range":[44,16,44,27],"value":{"type":"typed","typed":{"moduleNameAndName":{"range":[44,16,44,20],"value":{"moduleName":[],"name":"List"}},"args":[{"range":[44,21,44,27],"value":{"type":"typed","typed":{"moduleNameAndName":{"range":[44,21,44,27],"value":{"moduleName":[],"name":"String"}},"args":[]}}}]}}},"right":{"range":[44,31,44,52],"value":{"type":"function","function":{"left":{"range":[44,31,44,37],"value":{"type":"typed","typed":{"moduleNameAndName":{"range":[44,31,44,37],"value":{"moduleName":[],"name":"String"}},"args":[]}}},"right":{"range":[44,41,44,52],"value":{"type":"typed","typed":{"moduleNameAndName":{"range":[44,41,44,48],"value":{"moduleName":[],"name":"Element"}},"args":[{"range":[44,49,44,52],"value":{"type":"generic","generic":{"value":"msg"}}}]}}}}}}}}}}},"declaration":{"range":[45,1,71,1],"value":{"name":{"range":[45,1,45,14],"value":"channelPannel"},"arguments":[{"range":[45,15,45,23],"value":{"type":"var","var":{"value":"channels"}}},{"range":[45,24,45,37],"value":{"type":"var","var":{"value":"activeChannel"}}}],"expression":{"range":[46,5,71,1],"value":{"type":"let","let":{"declarations":[{"range":[47,9,48,9],"value":{"type":"function","function":{"documentation":null,"signature":null,"declaration":{"range":[47,9,47,83],"value":{"name":{"range":[47,9,47,27],"value":"activeChannelAttrs"},"arguments":[],"expression":{"range":[47,30,47,83],"value":{"type":"list","list":[{"range":[47,32,47,70],"value":{"type":"application","application":[{"range":[47,32,47,48],"value":{"type":"functionOrValue","functionOrValue":{"moduleName":["Background"],"name":"color"}}},{"range":[47,49,47,51],"value":{"type":"operator","operator":"<|"}},{"range":[47,52,47,58],"value":{"type":"functionOrValue","functionOrValue":{"moduleName":[],"name":"rgb255"}}},{"range":[47,59,47,62],"value":{"type":"integer","integer":117}},{"range":[47,63,47,66],"value":{"type":"integer","integer":179}},{"range":[47,67,47,70],"value":{"type":"integer","integer":201}}]}},{"range":[47,72,47,81],"value":{"type":"functionOrValue","functionOrValue":{"moduleName":["Font"],"name":"bold"}}}]}}}}}}},{"range":[48,9,49,9],"value":{"type":"function","function":{"documentation":null,"signature":null,"declaration":{"range":[48,9,48,102],"value":{"name":{"range":[48,9,48,21],"value":"channelAttrs"},"arguments":[],"expression":{"range":[48,24,48,102],"value":{"type":"list","list":[{"range":[48,26,48,41],"value":{"type":"functionOrValue","functionOrValue":{"moduleName":["Region"],"name":"announce"}}},{"range":[48,43,48,57],"value":{"type":"application","application":[{"range":[48,43,48,52],"value":{"type":"functionOrValue","functionOrValue":{"moduleName":[],"name":"paddingXY"}}},{"range":[48,53,48,55],"value":{"type":"integer","integer":15}},{"range":[48,56,48,57],"value":{"type":"integer","integer":5}}]}},{"range":[48,59,48,66],"value":{"type":"functionOrValue","functionOrValue":{"moduleName":[],"name":"centerX"}}},{"range":[48,68,48,100],"value":{"type":"application","application":[{"range":[48,68,48,73],"value":{"type":"functionOrValue","functionOrValue":{"moduleName":[],"name":"width"}}},{"range":[48,74,48,76],"value":{"type":"operator","operator":"<|"}},{"range":[48,77,48,88],"value":{"type":"functionOrValue","functionOrValue":{"moduleName":[],"name":"fillPortion"}}},{"range":[48,89,48,100],"value":{"type":"integer","integer":10232351234}}]}}]}}}}}}},{"range":[49,9,58,5],"value":{"type":"function","function":{"documentation":null,"signature":null,"declaration":{"range":[49,9,57,39],"value":{"name":{"range":[49,9,49,18],"value":"channelEl"},"arguments":[{"range":[49,19,49,26],"value":{"type":"var","var":{"value":"channel"}}}],"expression":{"range":[50,13,57,39],"value":{"type":"application","application":[{"range":[50,13,50,15],"value":{"type":"functionOrValue","functionOrValue":{"moduleName":[],"name":"el"}}},{"range":[51,17,55,18],"value":{"type":"parenthesized","parenthesized":{"range":[51,18,55,17],"value":{"type":"ifBlock","ifBlock":{"clause":{"range":[51,21,51,45],"value":{"type":"application","application":[{"range":[51,21,51,28],"value":{"type":"functionOrValue","functionOrValue":{"moduleName":[],"name":"channel"}}},{"range":[51,29,51,31],"value":{"type":"operator","operator":"=="}},{"range":[51,32,51,45],"value":{"type":"functionOrValue","functionOrValue":{"moduleName":[],"name":"activeChannel"}}}]}},"then":{"range":[52,21,52,55],"value":{"type":"application","application":[{"range":[52,21,52,39],"value":{"type":"functionOrValue","functionOrValue":{"moduleName":[],"name":"activeChannelAttrs"}}},{"range":[52,40,52,42],"value":{"type":"operator","operator":"++"}},{"range":[52,43,52,55],"value":{"type":"functionOrValue","functionOrValue":{"moduleName":[],"name":"channelAttrs"}}}]}},"else":{"range":[54,21,54,33],"value":{"type":"functionOrValue","functionOrValue":{"moduleName":[],"name":"channelAttrs"}}}}}}}},{"range":[56,13,56,15],"value":{"type":"operator","operator":"<|"}},{"range":[57,17,57,21],"value":{"type":"functionOrValue","functionOrValue":{"moduleName":[],"name":"text"}}},{"range":[57,22,57,39],"value":{"type":"parenthesized","parenthesized":{"range":[57,23,57,38],"value":{"type":"application","application":[{"range":[57,23,57,27],"value":{"type":"literal","literal":"# "}},{"range":[57,28,57,30],"value":{"type":"operator","operator":"++"}},{"range":[57,31,57,38],"value":{"type":"functionOrValue","functionOrValue":{"moduleName":[],"name":"channel"}}}]}}}}]}}}}}}}],"expression":{"range":[59,5,68,36],"value":{"type":"application","application":[{"range":[59,5,59,11],"value":{"type":"functionOrValue","functionOrValue":{"moduleName":[],"name":"column"}}},{"range":[60,9,66,10],"value":{"type":"list","list":[{"range":[60,11,60,22],"value":{"type":"application","application":[{"range":[60,11,60,17],"value":{"type":"functionOrValue","functionOrValue":{"moduleName":[],"name":"height"}}},{"range":[60,18,60,22],"value":{"type":"functionOrValue","functionOrValue":{"moduleName":[],"name":"fill"}}}]}},{"range":[61,11,61,33],"value":{"type":"application","application":[{"range":[61,11,61,16],"value":{"type":"functionOrValue","functionOrValue":{"moduleName":[],"name":"width"}}},{"range":[61,17,61,19],"value":{"type":"operator","operator":"<|"}},{"range":[61,20,61,31],"value":{"type":"functionOrValue","functionOrValue":{"moduleName":[],"name":"fillPortion"}}},{"range":[61,32,61,33],"value":{"type":"integer","integer":1}}]}},{"range":[62,11,62,25],"value":{"type":"application","application":[{"range":[62,11,62,20],"value":{"type":"functionOrValue","functionOrValue":{"moduleName":[],"name":"paddingXY"}}},{"range":[62,21,62,22],"value":{"type":"integer","integer":0}},{"range":[62,23,62,25],"value":{"type":"integer","integer":10}}]}},{"range":[63,11,63,47],"value":{"type":"application","application":[{"range":[63,11,63,27],"value":{"type":"functionOrValue","functionOrValue":{"moduleName":["Background"],"name":"color"}}},{"range":[63,28,63,30],"value":{"type":"operator","operator":"<|"}},{"range":[63,31,63,37],"value":{"type":"functionOrValue","functionOrValue":{"moduleName":[],"name":"rgb255"}}},{"range":[63,38,63,40],"value":{"type":"integer","integer":92}},{"range":[63,41,63,43],"value":{"type":"integer","integer":99}},{"range":[63,44,63,47],"value":{"type":"integer","integer":118}}]}},{"range":[64,11,64,21],"value":{"type":"application","application":[{"range":[64,11,64,18],"value":{"type":"functionOrValue","functionOrValue":{"moduleName":[],"name":"spacing"}}},{"range":[64,19,64,21],"value":{"type":"integer","integer":20}}]}},{"range":[65,11,65,43],"value":{"type":"application","application":[{"range":[65,11,65,21],"value":{"type":"functionOrValue","functionOrValue":{"moduleName":["Font"],"name":"color"}}},{"range":[65,22,65,24],"value":{"type":"operator","operator":"<|"}},{"range":[65,25,65,31],"value":{"type":"functionOrValue","functionOrValue":{"moduleName":[],"name":"rgb255"}}},{"range":[65,32,65,35],"value":{"type":"integer","integer":255}},{"range":[65,36,65,39],"value":{"type":"integer","integer":255}},{"range":[65,40,65,43],"value":{"type":"integer","integer":255}}]}}]}},{"range":[67,5,67,7],"value":{"type":"operator","operator":"<|"}},{"range":[68,9,68,17],"value":{"type":"functionOrValue","functionOrValue":{"moduleName":["List"],"name":"map"}}},{"range":[68,18,68,27],"value":{"type":"functionOrValue","functionOrValue":{"moduleName":[],"name":"channelEl"}}},{"range":[68,28,68,36],"value":{"type":"functionOrValue","functionOrValue":{"moduleName":[],"name":"channels"}}}]}}}}}}}}}},{"range":[71,1,71,26],"value":{"type":"function","function":{"documentation":null,"signature":null,"declaration":{"range":[71,1,71,26],"value":{"name":{"range":[71,1,71,5],"value":"gray"},"arguments":[],"expression":{"range":[71,8,71,26],"value":{"type":"application","application":[{"range":[71,8,71,14],"value":{"type":"functionOrValue","functionOrValue":{"moduleName":[],"name":"rgb255"}}},{"range":[71,15,71,18],"value":{"type":"integer","integer":200}},{"range":[71,19,71,22],"value":{"type":"integer","integer":200}},{"range":[71,23,71,26],"value":{"type":"integer","integer":200}}]}}}}}}},{"range":[72,1,72,21],"value":{"type":"function","function":{"documentation":null,"signature":null,"declaration":{"range":[72,1,72,21],"value":{"name":{"range":[72,1,72,4],"value":"red"},"arguments":[],"expression":{"range":[72,7,72,21],"value":{"type":"application","application":[{"range":[72,7,72,13],"value":{"type":"functionOrValue","functionOrValue":{"moduleName":[],"name":"rgb255"}}},{"range":[72,14,72,17],"value":{"type":"integer","integer":210}},{"range":[72,18,72,19],"value":{"type":"integer","integer":0}},{"range":[72,20,72,21],"value":{"type":"integer","integer":0}}]}}}}}}},{"range":[73,1,73,27],"value":{"type":"function","function":{"documentation":null,"signature":null,"declaration":{"range":[73,1,73,27],"value":{"name":{"range":[73,1,73,6],"value":"white"},"arguments":[],"expression":{"range":[73,9,73,27],"value":{"type":"application","application":[{"range":[73,9,73,15],"value":{"type":"functionOrValue","functionOrValue":{"moduleName":[],"name":"rgb255"}}},{"range":[73,16,73,19],"value":{"type":"integer","integer":255}},{"range":[73,20,73,23],"value":{"type":"integer","integer":255}},{"range":[73,24,73,27],"value":{"type":"integer","integer":255}}]}}}}}}},{"range":[74,1,74,26],"value":{"type":"function","function":{"documentation":null,"signature":null,"declaration":{"range":[74,1,74,26],"value":{"name":{"range":[74,1,74,6],"value":"green"},"arguments":[],"expression":{"range":[74,9,74,26],"value":{"type":"application","application":[{"range":[74,9,74,15],"value":{"type":"functionOrValue","functionOrValue":{"moduleName":[],"name":"rgb255"}}},{"range":[74,16,74,18],"value":{"type":"integer","integer":86}},{"range":[74,19,74,22],"value":{"type":"integer","integer":182}},{"range":[74,23,74,26],"value":{"type":"integer","integer":139}}]}}}}}}},{"range":[77,1,144,1],"value":{"type":"function","function":{"documentation":null,"signature":null,"declaration":{"range":[77,1,144,1],"value":{"name":{"range":[77,1,77,10],"value":"chatPanel"},"arguments":[{"range":[77,11,77,18],"value":{"type":"var","var":{"value":"channel"}}},{"range":[77,19,77,27],"value":{"type":"var","var":{"value":"messages"}}}],"expression":{"range":[78,5,144,1],"value":{"type":"let","let":{"declarations":[{"range":[79,9,104,9],"value":{"type":"function","function":{"documentation":null,"signature":null,"declaration":{"range":[79,9,102,18],"value":{"name":{"range":[79,9,79,15],"value":"header"},"arguments":[],"expression":{"range":[80,13,102,18],"value":{"type":"application","application":[{"range":[80,13,80,16],"value":{"type":"functionOrValue","functionOrValue":{"moduleName":[],"name":"row"}}},{"range":[81,17,86,18],"value":{"type":"list","list":[{"range":[81,19,81,29],"value":{"type":"application","application":[{"range":[81,19,81,24],"value":{"type":"functionOrValue","functionOrValue":{"moduleName":[],"name":"width"}}},{"range":[81,25,81,29],"value":{"type":"functionOrValue","functionOrValue":{"moduleName":[],"name":"fill"}}}]}},{"range":[82,19,82,30],"value":{"type":"functionOrValue","functionOrValue":{"moduleName":[],"name":"spaceEvenly"}}},{"range":[83,19,83,33],"value":{"type":"application","application":[{"range":[83,19,83,28],"value":{"type":"functionOrValue","functionOrValue":{"moduleName":[],"name":"paddingXY"}}},{"range":[83,29,83,31],"value":{"type":"integer","integer":20}},{"range":[83,32,83,33],"value":{"type":"integer","integer":5}}]}},{"range":[84,19,84,80],"value":{"type":"application","application":[{"range":[84,19,84,35],"value":{"type":"functionOrValue","functionOrValue":{"moduleName":["Border"],"name":"widthEach"}}},{"range":[84,36,84,80],"value":{"type":"record","record":[{"range":[84,38,84,48],"value":{"field":{"range":[84,38,84,44],"value":"bottom"},"expression":{"range":[84,47,84,48],"value":{"type":"integer","integer":1}}}},{"range":[84,50,84,57],"value":{"field":{"range":[84,50,84,53],"value":"top"},"expression":{"range":[84,56,84,57],"value":{"type":"integer","integer":0}}}},{"range":[84,59,84,67],"value":{"field":{"range":[84,59,84,63],"value":"left"},"expression":{"range":[84,66,84,67],"value":{"type":"integer","integer":0}}}},{"range":[84,69,84,79],"value":{"field":{"range":[84,69,84,74],"value":"right"},"expression":{"range":[84,77,84,78],"value":{"type":"integer","integer":0}}}}]}}]}},{"range":[85,19,85,36],"value":{"type":"application","application":[{"range":[85,19,85,31],"value":{"type":"functionOrValue","functionOrValue":{"moduleName":["Border"],"name":"color"}}},{"range":[85,32,85,36],"value":{"type":"functionOrValue","functionOrValue":{"moduleName":[],"name":"gray"}}}]}}]}},{"range":[87,17,102,18],"value":{"type":"list","list":[{"range":[87,21,87,61],"value":{"type":"application","application":[{"range":[87,21,87,23],"value":{"type":"functionOrValue","functionOrValue":{"moduleName":[],"name":"el"}}},{"range":[87,24,87,36],"value":{"type":"list","list":[{"range":[87,25,87,35],"value":{"type":"application","application":[{"range":[87,25,87,32],"value":{"type":"functionOrValue","functionOrValue":{"moduleName":[],"name":"spacing"}}},{"range":[87,33,87,35],"value":{"type":"integer","integer":10}}]}}]}},{"range":[87,37,87,39],"value":{"type":"operator","operator":"<|"}},{"range":[87,40,87,44],"value":{"type":"functionOrValue","functionOrValue":{"moduleName":[],"name":"text"}}},{"range":[87,45,87,61],"value":{"type":"parenthesized","parenthesized":{"range":[87,46,87,60],"value":{"type":"application","application":[{"range":[87,46,87,49],"value":{"type":"literal","literal":"#"}},{"range":[87,50,87,52],"value":{"type":"operator","operator":"++"}},{"range":[87,53,87,60],"value":{"type":"functionOrValue","functionOrValue":{"moduleName":[],"name":"channel"}}}]}}}}]}},{"range":[89,19,101,22],"value":{"type":"application","application":[{"range":[89,19,89,31],"value":{"type":"functionOrValue","functionOrValue":{"moduleName":["Input"],"name":"button"}}},{"range":[90,21,98,22],"value":{"type":"list","list":[{"range":[90,23,90,32],"value":{"type":"application","application":[{"range":[90,23,90,30],"value":{"type":"functionOrValue","functionOrValue":{"moduleName":[],"name":"padding"}}},{"range":[90,31,90,32],"value":{"type":"integer","integer":5}}]}},{"range":[93,23,93,34],"value":{"type":"application","application":[{"range":[93,23,93,29],"value":{"type":"functionOrValue","functionOrValue":{"moduleName":[],"name":"height"}}},{"range":[93,30,93,34],"value":{"type":"functionOrValue","functionOrValue":{"moduleName":[],"name":"fill"}}}]}},{"range":[94,23,94,37],"value":{"type":"application","application":[{"range":[94,23,94,35],"value":{"type":"functionOrValue","functionOrValue":{"moduleName":["Border"],"name":"width"}}},{"range":[94,36,94,37],"value":{"type":"integer","integer":1}}]}},{"range":[95,23,95,39],"value":{"type":"application","application":[{"range":[95,23,95,37],"value":{"type":"functionOrValue","functionOrValue":{"moduleName":["Border"],"name":"rounded"}}},{"range":[95,38,95,39],"value":{"type":"integer","integer":3}}]}},{"range":[96,23,96,40],"value":{"type":"application","application":[{"range":[96,23,96,35],"value":{"type":"functionOrValue","functionOrValue":{"moduleName":["Border"],"name":"color"}}},{"range":[96,36,96,40],"value":{"type":"functionOrValue","functionOrValue":{"moduleName":[],"name":"gray"}}}]}},{"range":[97,23,97,36],"value":{"type":"functionOrValue","functionOrValue":{"moduleName":["Border"],"name":"dashed"}}}]}},{"range":[99,21,101,22],"value":{"type":"record","record":[{"range":[99,23,99,40],"value":{"field":{"range":[99,23,99,30],"value":"onPress"},"expression":{"range":[99,33,99,40],"value":{"type":"functionOrValue","functionOrValue":{"moduleName":[],"name":"Nothing"}}}}},{"range":[100,23,101,21],"value":{"field":{"range":[100,23,100,28],"value":"label"},"expression":{"range":[100,31,100,44],"value":{"type":"application","application":[{"range":[100,31,100,35],"value":{"type":"functionOrValue","functionOrValue":{"moduleName":[],"name":"text"}}},{"range":[100,36,100,44],"value":{"type":"literal","literal":"Search"}}]}}}}]}}]}}]}}]}}}}}}},{"range":[104,9,111,9],"value":{"type":"function","function":{"documentation":null,"signature":null,"declaration":{"range":[104,9,109,18],"value":{"name":{"range":[104,9,104,21],"value":"messageEntry"},"arguments":[{"range":[104,22,104,29],"value":{"type":"var","var":{"value":"message"}}}],"expression":{"range":[105,13,109,18],"value":{"type":"application","application":[{"range":[105,13,105,19],"value":{"type":"functionOrValue","functionOrValue":{"moduleName":[],"name":"column"}}},{"range":[105,20,105,64],"value":{"type":"list","list":[{"range":[105,22,105,32],"value":{"type":"application","application":[{"range":[105,22,105,27],"value":{"type":"functionOrValue","functionOrValue":{"moduleName":[],"name":"width"}}},{"range":[105,28,105,32],"value":{"type":"functionOrValue","functionOrValue":{"moduleName":[],"name":"fill"}}}]}},{"range":[105,34,105,47],"value":{"type":"application","application":[{"range":[105,34,105,43],"value":{"type":"functionOrValue","functionOrValue":{"moduleName":[],"name":"spacingXY"}}},{"range":[105,44,105,45],"value":{"type":"integer","integer":0}},{"range":[105,46,105,47],"value":{"type":"integer","integer":5}}]}},{"range":[105,49,105,62],"value":{"type":"application","application":[{"range":[105,49,105,58],"value":{"type":"functionOrValue","functionOrValue":{"moduleName":[],"name":"paddingXY"}}},{"range":[105,59,105,60],"value":{"type":"integer","integer":8}},{"range":[105,61,105,62],"value":{"type":"integer","integer":8}}]}}]}},{"range":[106,17,109,18],"value":{"type":"list","list":[{"range":[106,19,107,82],"value":{"type":"application","application":[{"range":[106,19,106,22],"value":{"type":"functionOrValue","functionOrValue":{"moduleName":[],"name":"row"}}},{"range":[106,23,106,40],"value":{"type":"list","list":[{"range":[106,25,106,39],"value":{"type":"application","application":[{"range":[106,25,106,34],"value":{"type":"functionOrValue","functionOrValue":{"moduleName":[],"name":"spacingXY"}}},{"range":[106,35,106,37],"value":{"type":"integer","integer":10}},{"range":[106,38,106,39],"value":{"type":"integer","integer":0}}]}}]}},{"range":[107,21,107,82],"value":{"type":"list","list":[{"range":[107,23,107,62],"value":{"type":"application","application":[{"range":[107,23,107,25],"value":{"type":"functionOrValue","functionOrValue":{"moduleName":[],"name":"el"}}},{"range":[107,26,107,39],"value":{"type":"list","list":[{"range":[107,28,107,37],"value":{"type":"functionOrValue","functionOrValue":{"moduleName":["Font"],"name":"bold"}}}]}},{"range":[107,40,107,42],"value":{"type":"operator","operator":"<|"}},{"range":[107,43,107,47],"value":{"type":"functionOrValue","functionOrValue":{"moduleName":[],"name":"text"}}},{"range":[107,55,107,62],"value":{"type":"recordAccess","recordAccess":{"expression":{"range":[107,48,107,55],"value":{"type":"functionOrValue","functionOrValue":{"moduleName":[],"name":"message"}}},"name":{"range":[107,56,107,62],"value":"author"}}}}]}},{"range":[107,64,107,81],"value":{"type":"application","application":[{"range":[107,64,107,68],"value":{"type":"functionOrValue","functionOrValue":{"moduleName":[],"name":"text"}}},{"range":[107,76,107,81],"value":{"type":"recordAccess","recordAccess":{"expression":{"range":[107,69,107,76],"value":{"type":"functionOrValue","functionOrValue":{"moduleName":[],"name":"message"}}},"name":{"range":[107,77,107,81],"value":"time"}}}}]}}]}}]}},{"range":[108,19,108,65],"value":{"type":"application","application":[{"range":[108,19,108,28],"value":{"type":"functionOrValue","functionOrValue":{"moduleName":[],"name":"paragraph"}}},{"range":[108,29,108,43],"value":{"type":"list","list":[{"range":[108,31,108,42],"value":{"type":"application","application":[{"range":[108,31,108,38],"value":{"type":"functionOrValue","functionOrValue":{"moduleName":[],"name":"spacing"}}},{"range":[108,39,108,42],"value":{"type":"integer","integer":130}}]}}]}},{"range":[108,44,108,65],"value":{"type":"list","list":[{"range":[108,46,108,63],"value":{"type":"application","application":[{"range":[108,46,108,50],"value":{"type":"functionOrValue","functionOrValue":{"moduleName":[],"name":"text"}}},{"range":[108,58,108,63],"value":{"type":"recordAccess","recordAccess":{"expression":{"range":[108,51,108,58],"value":{"type":"functionOrValue","functionOrValue":{"moduleName":[],"name":"message"}}},"name":{"range":[108,59,108,63],"value":"text"}}}}]}}]}}]}}]}}]}}}}}}},{"range":[111,9,115,9],"value":{"type":"function","function":{"documentation":null,"signature":null,"declaration":{"range":[111,9,113,47],"value":{"name":{"range":[111,9,111,21],"value":"messagePanel"},"arguments":[],"expression":{"range":[112,13,113,47],"value":{"type":"application","application":[{"range":[112,13,112,19],"value":{"type":"functionOrValue","functionOrValue":{"moduleName":[],"name":"column"}}},{"range":[112,20,112,74],"value":{"type":"list","list":[{"range":[112,22,112,32],"value":{"type":"application","application":[{"range":[112,22,112,29],"value":{"type":"functionOrValue","functionOrValue":{"moduleName":[],"name":"padding"}}},{"range":[112,30,112,32],"value":{"type":"integer","integer":10}}]}},{"range":[112,34,112,48],"value":{"type":"application","application":[{"range":[112,34,112,43],"value":{"type":"functionOrValue","functionOrValue":{"moduleName":[],"name":"spacingXY"}}},{"range":[112,44,112,45],"value":{"type":"integer","integer":0}},{"range":[112,46,112,48],"value":{"type":"integer","integer":20}}]}},{"range":[112,50,112,60],"value":{"type":"functionOrValue","functionOrValue":{"moduleName":[],"name":"scrollbarY"}}},{"range":[112,62,112,72],"value":{"type":"application","application":[{"range":[112,62,112,67],"value":{"type":"functionOrValue","functionOrValue":{"moduleName":[],"name":"width"}}},{"range":[112,68,112,72],"value":{"type":"functionOrValue","functionOrValue":{"moduleName":[],"name":"fill"}}}]}}]}},{"range":[112,75,112,77],"value":{"type":"operator","operator":"<|"}},{"range":[113,17,113,25],"value":{"type":"functionOrValue","functionOrValue":{"moduleName":["List"],"name":"map"}}},{"range":[113,26,113,38],"value":{"type":"functionOrValue","functionOrValue":{"moduleName":[],"name":"messageEntry"}}},{"range":[113,39,113,47],"value":{"type":"functionOrValue","functionOrValue":{"moduleName":[],"name":"messages"}}}]}}}}}}},{"range":[115,9,135,5],"value":{"type":"function","function":{"documentation":null,"signature":null,"declaration":{"range":[115,9,134,22],"value":{"name":{"range":[115,9,115,15],"value":"footer"},"arguments":[],"expression":{"range":[116,13,134,22],"value":{"type":"application","application":[{"range":[116,13,116,15],"value":{"type":"functionOrValue","functionOrValue":{"moduleName":[],"name":"el"}}},{"range":[116,16,116,55],"value":{"type":"list","list":[{"range":[116,18,116,29],"value":{"type":"functionOrValue","functionOrValue":{"moduleName":[],"name":"alignBottom"}}},{"range":[116,31,116,41],"value":{"type":"application","application":[{"range":[116,31,116,38],"value":{"type":"functionOrValue","functionOrValue":{"moduleName":[],"name":"padding"}}},{"range":[116,39,116,41],"value":{"type":"integer","integer":20}}]}},{"range":[116,43,116,53],"value":{"type":"application","application":[{"range":[116,43,116,48],"value":{"type":"functionOrValue","functionOrValue":{"moduleName":[],"name":"width"}}},{"range":[116,49,116,53],"value":{"type":"functionOrValue","functionOrValue":{"moduleName":[],"name":"fill"}}}]}}]}},{"range":[116,56,116,58],"value":{"type":"operator","operator":"<|"}},{"range":[117,17,117,20],"value":{"type":"functionOrValue","functionOrValue":{"moduleName":[],"name":"row"}}},{"range":[118,21,124,22],"value":{"type":"list","list":[{"range":[118,23,118,36],"value":{"type":"application","application":[{"range":[118,23,118,32],"value":{"type":"functionOrValue","functionOrValue":{"moduleName":[],"name":"spacingXY"}}},{"range":[118,33,118,34],"value":{"type":"integer","integer":2}},{"range":[118,35,118,36],"value":{"type":"integer","integer":0}}]}},{"range":[119,23,119,33],"value":{"type":"application","application":[{"range":[119,23,119,28],"value":{"type":"functionOrValue","functionOrValue":{"moduleName":[],"name":"width"}}},{"range":[119,29,119,33],"value":{"type":"functionOrValue","functionOrValue":{"moduleName":[],"name":"fill"}}}]}},{"range":[121,23,121,37],"value":{"type":"application","application":[{"range":[121,23,121,35],"value":{"type":"functionOrValue","functionOrValue":{"moduleName":["Border"],"name":"width"}}},{"range":[121,36,121,37],"value":{"type":"integer","integer":2}}]}},{"range":[122,23,122,39],"value":{"type":"application","application":[{"range":[122,23,122,37],"value":{"type":"functionOrValue","functionOrValue":{"moduleName":["Border"],"name":"rounded"}}},{"range":[122,38,122,39],"value":{"type":"integer","integer":4}}]}},{"range":[123,23,123,40],"value":{"type":"application","application":[{"range":[123,23,123,35],"value":{"type":"functionOrValue","functionOrValue":{"moduleName":["Border"],"name":"color"}}},{"range":[123,36,123,40],"value":{"type":"functionOrValue","functionOrValue":{"moduleName":[],"name":"gray"}}}]}}]}},{"range":[125,21,134,22],"value":{"type":"list","list":[{"range":[125,23,132,37],"value":{"type":"application","application":[{"range":[125,23,125,25],"value":{"type":"functionOrValue","functionOrValue":{"moduleName":[],"name":"el"}}},{"range":[126,25,130,26],"value":{"type":"list","list":[{"range":[126,27,126,36],"value":{"type":"application","application":[{"range":[126,27,126,34],"value":{"type":"functionOrValue","functionOrValue":{"moduleName":[],"name":"padding"}}},{"range":[126,35,126,36],"value":{"type":"integer","integer":5}}]}},{"range":[127,27,127,88],"value":{"type":"application","application":[{"range":[127,27,127,43],"value":{"type":"functionOrValue","functionOrValue":{"moduleName":["Border"],"name":"widthEach"}}},{"range":[127,44,127,88],"value":{"type":"record","record":[{"range":[127,46,127,55],"value":{"field":{"range":[127,46,127,51],"value":"right"},"expression":{"range":[127,54,127,55],"value":{"type":"integer","integer":2}}}},{"range":[127,57,127,65],"value":{"field":{"range":[127,57,127,61],"value":"left"},"expression":{"range":[127,64,127,65],"value":{"type":"integer","integer":0}}}},{"range":[127,67,127,74],"value":{"field":{"range":[127,67,127,70],"value":"top"},"expression":{"range":[127,73,127,74],"value":{"type":"integer","integer":0}}}},{"range":[127,76,127,87],"value":{"field":{"range":[127,76,127,82],"value":"bottom"},"expression":{"range":[127,85,127,86],"value":{"type":"integer","integer":0}}}}]}}]}},{"range":[128,27,128,44],"value":{"type":"application","application":[{"range":[128,27,128,39],"value":{"type":"functionOrValue","functionOrValue":{"moduleName":["Border"],"name":"color"}}},{"range":[128,40,128,44],"value":{"type":"functionOrValue","functionOrValue":{"moduleName":[],"name":"gray"}}}]}},{"range":[129,27,129,63],"value":{"type":"application","application":[{"range":[129,27,129,36],"value":{"type":"functionOrValue","functionOrValue":{"moduleName":[],"name":"mouseOver"}}},{"range":[129,37,129,63],"value":{"type":"list","list":[{"range":[129,39,129,61],"value":{"type":"application","application":[{"range":[129,39,129,55],"value":{"type":"functionOrValue","functionOrValue":{"moduleName":["Background"],"name":"color"}}},{"range":[129,56,129,61],"value":{"type":"functionOrValue","functionOrValue":{"moduleName":[],"name":"green"}}}]}}]}}]}}]}},{"range":[131,25,131,27],"value":{"type":"operator","operator":"<|"}},{"range":[132,29,132,33],"value":{"type":"functionOrValue","functionOrValue":{"moduleName":[],"name":"text"}}},{"range":[132,34,132,37],"value":{"type":"literal","literal":"+"}}]}},{"range":[133,23,133,56],"value":{"type":"application","application":[{"range":[133,23,133,25],"value":{"type":"functionOrValue","functionOrValue":{"moduleName":[],"name":"el"}}},{"range":[133,26,133,51],"value":{"type":"list","list":[{"range":[133,27,133,49],"value":{"type":"application","application":[{"range":[133,27,133,43],"value":{"type":"functionOrValue","functionOrValue":{"moduleName":["Background"],"name":"color"}}},{"range":[133,44,133,49],"value":{"type":"functionOrValue","functionOrValue":{"moduleName":[],"name":"white"}}}]}}]}},{"range":[133,52,133,56],"value":{"type":"functionOrValue","functionOrValue":{"moduleName":[],"name":"none"}}}]}}]}}]}}}}}}}],"expression":{"range":[136,5,141,10],"value":{"type":"application","application":[{"range":[136,5,136,11],"value":{"type":"functionOrValue","functionOrValue":{"moduleName":[],"name":"column"}}},{"range":[137,9,137,48],"value":{"type":"list","list":[{"range":[137,11,137,22],"value":{"type":"application","application":[{"range":[137,11,137,17],"value":{"type":"functionOrValue","functionOrValue":{"moduleName":[],"name":"height"}}},{"range":[137,18,137,22],"value":{"type":"functionOrValue","functionOrValue":{"moduleName":[],"name":"fill"}}}]}},{"range":[137,24,137,46],"value":{"type":"application","application":[{"range":[137,24,137,29],"value":{"type":"functionOrValue","functionOrValue":{"moduleName":[],"name":"width"}}},{"range":[137,30,137,32],"value":{"type":"operator","operator":"<|"}},{"range":[137,33,137,44],"value":{"type":"functionOrValue","functionOrValue":{"moduleName":[],"name":"fillPortion"}}},{"range":[137,45,137,46],"value":{"type":"integer","integer":4}}]}}]}},{"range":[138,9,141,10],"value":{"type":"list","list":[{"range":[138,11,138,17],"value":{"type":"functionOrValue","functionOrValue":{"moduleName":[],"name":"header"}}},{"range":[139,11,139,23],"value":{"type":"functionOrValue","functionOrValue":{"moduleName":[],"name":"messagePanel"}}},{"range":[140,11,140,17],"value":{"type":"functionOrValue","functionOrValue":{"moduleName":[],"name":"footer"}}}]}}]}}}}}}}}}},{"range":[144,1,144,50],"value":{"type":"function","function":{"documentation":null,"signature":null,"declaration":{"range":[144,1,144,50],"value":{"name":{"range":[144,1,144,5],"value":"chat"},"arguments":[],"expression":{"range":[144,8,144,50],"value":{"type":"application","application":[{"range":[144,8,144,10],"value":{"type":"functionOrValue","functionOrValue":{"moduleName":[],"name":"el"}}},{"range":[144,11,144,34],"value":{"type":"list","list":[{"range":[144,13,144,20],"value":{"type":"functionOrValue","functionOrValue":{"moduleName":[],"name":"centerX"}}},{"range":[144,22,144,32],"value":{"type":"functionOrValue","functionOrValue":{"moduleName":[],"name":"alignRight"}}}]}},{"range":[144,35,144,50],"value":{"type":"parenthesized","parenthesized":{"range":[144,36,144,49],"value":{"type":"application","application":[{"range":[144,36,144,40],"value":{"type":"functionOrValue","functionOrValue":{"moduleName":[],"name":"text"}}},{"range":[144,41,144,49],"value":{"type":"literal","literal":"chat!!"}}]}}}}]}}}}}}},{"range":[146,1,146,45],"value":{"type":"function","function":{"documentation":null,"signature":null,"declaration":{"range":[146,1,146,45],"value":{"name":{"range":[146,1,146,9],"value":"fixedBox"},"arguments":[],"expression":{"range":[146,12,146,45],"value":{"type":"application","application":[{"range":[146,12,146,14],"value":{"type":"functionOrValue","functionOrValue":{"moduleName":[],"name":"el"}}},{"range":[146,15,146,35],"value":{"type":"list","list":[{"range":[146,17,146,33],"value":{"type":"application","application":[{"range":[146,17,146,22],"value":{"type":"functionOrValue","functionOrValue":{"moduleName":[],"name":"width"}}},{"range":[146,23,146,25],"value":{"type":"operator","operator":"<|"}},{"range":[146,26,146,28],"value":{"type":"functionOrValue","functionOrValue":{"moduleName":[],"name":"px"}}},{"range":[146,29,146,33],"value":{"type":"integer","integer":1000}}]}}]}},{"range":[146,36,146,45],"value":{"type":"parenthesized","parenthesized":{"range":[146,37,146,44],"value":{"type":"application","application":[{"range":[146,37,146,41],"value":{"type":"functionOrValue","functionOrValue":{"moduleName":[],"name":"text"}}},{"range":[146,42,146,44],"value":{"type":"literal","literal":""}}]}}}}]}}}}}}}],"comments":[{"range":[91,21,91,32],"value":"--, centerX"}]}