{"moduleDefinition":{"range":[2,1,2,24],"value":{"type":"normal","normal":{"moduleName":{"range":[2,8,2,10],"value":["UI"]},"exposingList":{"range":[2,11,2,24],"value":{"type":"all","all":[2,21,2,23]}}}}},"imports":[{"range":[9,1,9,29],"value":{"moduleName":{"range":[9,8,9,15],"value":["Element"]},"moduleAlias":null,"exposingList":{"range":[9,16,9,29],"value":{"type":"all","all":[9,26,9,28]}}}},{"range":[10,1,10,40],"value":{"moduleName":{"range":[10,8,10,26],"value":["Element","Background"]},"moduleAlias":{"range":[10,30,10,40],"value":["Background"]},"exposingList":null}},{"range":[11,1,11,32],"value":{"moduleName":{"range":[11,8,11,22],"value":["Element","Border"]},"moduleAlias":{"range":[11,26,11,32],"value":["Border"]},"exposingList":null}},{"range":[12,1,12,28],"value":{"moduleName":{"range":[12,8,12,20],"value":["Element","Font"]},"moduleAlias":{"range":[12,24,12,28],"value":["Font"]},"exposingList":null}},{"range":[13,1,13,30],"value":{"moduleName":{"range":[13,8,13,21],"value":["Element","Input"]},"moduleAlias":{"range":[13,25,13,30],"value":["Input"]},"exposingList":null}},{"range":[14,1,14,13],"value":{"moduleName":{"range":[14,8,14,13],"value":["Debug"]},"moduleAlias":null,"exposingList":null}}],"declarations":[{"range":[18,1,18,26],"value":{"type":"function","function":{"documentation":null,"signature":null,"declaration":{"range":[18,1,18,26],"value":{"name":{"range":[18,1,18,5],"value":"gray"},"arguments":[],"expression":{"range":[18,8,18,26],"value":{"type":"application","application":[{"range":[18,8,18,14],"value":{"type":"functionOrValue","functionOrValue":{"moduleName":[],"name":"rgb255"}}},{"range":[18,15,18,18],"value":{"type":"integer","integer":200}},{"range":[18,19,18,22],"value":{"type":"integer","integer":200}},{"range":[18,23,18,26],"value":{"type":"integer","integer":200}}]}}}}}}},{"range":[19,1,19,21],"value":{"type":"function","function":{"documentation":null,"signature":null,"declaration":{"range":[19,1,19,21],"value":{"name":{"range":[19,1,19,4],"value":"red"},"arguments":[],"expression":{"range":[19,7,19,21],"value":{"type":"application","application":[{"range":[19,7,19,13],"value":{"type":"functionOrValue","functionOrValue":{"moduleName":[],"name":"rgb255"}}},{"range":[19,14,19,17],"value":{"type":"integer","integer":210}},{"range":[19,18,19,19],"value":{"type":"integer","integer":0}},{"range":[19,20,19,21],"value":{"type":"integer","integer":0}}]}}}}}}},{"range":[20,1,20,22],"value":{"type":"function","function":{"documentation":null,"signature":null,"declaration":{"range":[20,1,20,22],"value":{"name":{"range":[20,1,20,5],"value":"blue"},"arguments":[],"expression":{"range":[20,8,20,22],"value":{"type":"application","application":[{"range":[20,8,20,14],"value":{"type":"functionOrValue","functionOrValue":{"moduleName":[],"name":"rgb255"}}},{"range":[20,15,20,16],"value":{"type":"integer","integer":0}},{"range":[20,17,20,18],"value":{"type":"integer","integer":0}},{"range":[20,19,20,22],"value":{"type":"integer","integer":200}}]}}}}}}},{"range":[21,1,21,27],"value":{"type":"function","function":{"documentation":null,"signature":null,"declaration":{"range":[21,1,21,27],"value":{"name":{"range":[21,1,21,6],"value":"white"},"arguments":[],"expression":{"range":[21,9,21,27],"value":{"type":"application","application":[{"range":[21,9,21,15],"value":{"type":"functionOrValue","functionOrValue":{"moduleName":[],"name":"rgb255"}}},{"range":[21,16,21,19],"value":{"type":"integer","integer":255}},{"range":[21,20,21,23],"value":{"type":"integer","integer":255}},{"range":[21,24,21,27],"value":{"type":"integer","integer":255}}]}}}}}}},{"range":[22,1,22,26],"value":{"type":"function","function":{"documentation":null,"signature":null,"declaration":{"range":[22,1,22,26],"value":{"name":{"range":[22,1,22,6],"value":"green"},"arguments":[],"expression":{"range":[22,9,22,26],"value":{"type":"application","application":[{"range":[22,9,22,15],"value":{"type":"functionOrValue","functionOrValue":{"moduleName":[],"name":"rgb255"}}},{"range":[22,16,22,18],"value":{"type":"integer","integer":86}},{"range":[22,19,22,22],"value":{"type":"integer","integer":182}},{"range":[22,23,22,26],"value":{"type":"integer","integer":139}}]}}}}}}},{"range":[24,1,25,197],"value":{"type":"function","function":{"documentation":null,"signature":{"range":[24,1,24,12],"value":{"name":{"range":[24,1,24,4],"value":"url"},"typeAnnotation":{"range":[24,6,24,12],"value":{"type":"typed","typed":{"moduleNameAndName":{"range":[24,6,24,12],"value":{"moduleName":[],"name":"String"}},"args":[]}}}}},"declaration":{"range":[25,1,25,197],"value":{"name":{"range":[25,1,25,4],"value":"url"},"arguments":[],"expression":{"range":[25,7,25,197],"value":{"type":"literal","literal":"http://bw-qm-public.oss-cn-shenzhen.aliyuncs.com/qm/entityxwzx/fieldfm/37066e44-d760-4daf-bef6-59fc5df54a14.png?x-oss-process=image/resize,m_lfit,w_1440,limit_1/auto-orient,1/quality,q_100"}}}}}}},{"range":[27,1,28,63],"value":{"type":"function","function":{"documentation":null,"signature":{"range":[27,1,27,14],"value":{"name":{"range":[27,1,27,6],"value":"title"},"typeAnnotation":{"range":[27,8,27,14],"value":{"type":"typed","typed":{"moduleNameAndName":{"range":[27,8,27,14],"value":{"moduleName":[],"name":"String"}},"args":[]}}}}},"declaration":{"range":[28,1,28,63],"value":{"name":{"range":[28,1,28,6],"value":"title"},"arguments":[],"expression":{"range":[28,9,28,63],"value":{"type":"literal","literal":"新闻资讯标题新闻资讯标题新闻资讯标题新闻资讯新闻资讯标题新闻资讯标题新闻资讯标题新闻资讯新闻资讯标题新闻"}}}}}}},{"range":[31,1,32,18],"value":{"type":"typedecl","typedecl":{"documentation":null,"name":{"range":[31,6,31,9],"value":"Msg"},"generics":[],"constructors":[{"range":[32,5,32,18],"value":{"name":{"range":[32,5,32,11],"value":"Change"},"arguments":[{"range":[32,12,32,18],"value":{"type":"typed","typed":{"moduleNameAndName":{"range":[32,12,32,18],"value":{"moduleName":[],"name":"String"}},"args":[]}}}]}}]}}},{"range":[35,1,37,26],"value":{"type":"function","function":{"documentation":null,"signature":null,"declaration":{"range":[35,1,37,26],"value":{"name":{"range":[35,1,35,7],"value":"update"},"arguments":[{"range":[35,8,35,11],"value":{"type":"var","var":{"value":"msg"}}},{"range":[35,12,35,17],"value":{"type":"var","var":{"value":"model"}}}],"expression":{"range":[36,3,37,26],"value":{"type":"case","case":{"cases":[{"pattern":{"range":[37,5,37,17],"value":{"type":"named","named":{"qualified":{"moduleName":[],"name":"Change"},"patterns":[{"range":[37,12,37,17],"value":{"type":"var","var":{"value":"value"}}}]}}},"expression":{"range":[37,21,37,26],"value":{"type":"functionOrValue","functionOrValue":{"moduleName":[],"name":"value"}}}}],"expression":{"range":[36,8,36,11],"value":{"type":"functionOrValue","functionOrValue":{"moduleName":[],"name":"msg"}}}}}}}}}}},{"range":[40,1,50,11],"value":{"type":"function","function":{"documentation":null,"signature":null,"declaration":{"range":[40,1,50,11],"value":{"name":{"range":[40,1,40,5],"value":"main"},"arguments":[],"expression":{"range":[41,5,50,11],"value":{"type":"application","application":[{"range":[41,5,41,19],"value":{"type":"functionOrValue","functionOrValue":{"moduleName":["Element"],"name":"layout"}}},{"range":[41,20,43,6],"value":{"type":"list","list":[]}},{"range":[44,5,50,11],"value":{"type":"parenthesized","parenthesized":{"range":[44,6,50,10],"value":{"type":"application","application":[{"range":[44,6,44,12],"value":{"type":"functionOrValue","functionOrValue":{"moduleName":[],"name":"column"}}},{"range":[44,13,44,15],"value":{"type":"list","list":[]}},{"range":[45,9,50,10],"value":{"type":"list","list":[{"range":[45,11,45,25],"value":{"type":"functionOrValue","functionOrValue":{"moduleName":[],"name":"myAlignmentRow"}}},{"range":[47,11,47,17],"value":{"type":"functionOrValue","functionOrValue":{"moduleName":[],"name":"myRowG"}}}]}}]}}}}]}}}}}}},{"range":[52,1,53,14],"value":{"type":"function","function":{"documentation":null,"signature":{"range":[52,1,52,15],"value":{"name":{"range":[52,1,52,2],"value":"e"},"typeAnnotation":{"range":[52,4,52,15],"value":{"type":"typed","typed":{"moduleNameAndName":{"range":[52,4,52,11],"value":{"moduleName":[],"name":"Element"}},"args":[{"range":[52,12,52,15],"value":{"type":"typed","typed":{"moduleNameAndName":{"range":[52,12,52,15],"value":{"moduleName":[],"name":"Msg"}},"args":[]}}}]}}}}},"declaration":{"range":[53,1,53,14],"value":{"name":{"range":[53,1,53,2],"value":"e"},"arguments":[],"expression":{"range":[53,5,53,14],"value":{"type":"functionOrValue","functionOrValue":{"moduleName":[],"name":"myElement"}}}}}}}},{"range":[55,1,56,31],"value":{"type":"function","function":{"documentation":null,"signature":{"range":[55,1,55,15],"value":{"name":{"range":[55,1,55,2],"value":"l"},"typeAnnotation":{"range":[55,4,55,15],"value":{"type":"typed","typed":{"moduleNameAndName":{"range":[55,4,55,11],"value":{"moduleName":[],"name":"Element"}},"args":[{"range":[55,12,55,15],"value":{"type":"typed","typed":{"moduleNameAndName":{"range":[55,12,55,15],"value":{"moduleName":[],"name":"Msg"}},"args":[]}}}]}}}}},"declaration":{"range":[56,1,56,31],"value":{"name":{"range":[56,1,56,2],"value":"l"},"arguments":[],"expression":{"range":[56,5,56,31],"value":{"type":"application","application":[{"range":[56,5,56,7],"value":{"type":"functionOrValue","functionOrValue":{"moduleName":[],"name":"el"}}},{"range":[56,8,56,21],"value":{"type":"list","list":[{"range":[56,10,56,19],"value":{"type":"functionOrValue","functionOrValue":{"moduleName":[],"name":"alignLeft"}}}]}},{"range":[56,22,56,31],"value":{"type":"functionOrValue","functionOrValue":{"moduleName":[],"name":"myElement"}}}]}}}}}}},{"range":[58,1,59,32],"value":{"type":"function","function":{"documentation":null,"signature":{"range":[58,1,58,15],"value":{"name":{"range":[58,1,58,2],"value":"r"},"typeAnnotation":{"range":[58,4,58,15],"value":{"type":"typed","typed":{"moduleNameAndName":{"range":[58,4,58,11],"value":{"moduleName":[],"name":"Element"}},"args":[{"range":[58,12,58,15],"value":{"type":"typed","typed":{"moduleNameAndName":{"range":[58,12,58,15],"value":{"moduleName":[],"name":"Msg"}},"args":[]}}}]}}}}},"declaration":{"range":[59,1,59,32],"value":{"name":{"range":[59,1,59,2],"value":"r"},"arguments":[],"expression":{"range":[59,5,59,32],"value":{"type":"application","application":[{"range":[59,5,59,7],"value":{"type":"functionOrValue","functionOrValue":{"moduleName":[],"name":"el"}}},{"range":[59,8,59,22],"value":{"type":"list","list":[{"range":[59,10,59,20],"value":{"type":"functionOrValue","functionOrValue":{"moduleName":[],"name":"alignRight"}}}]}},{"range":[59,23,59,32],"value":{"type":"functionOrValue","functionOrValue":{"moduleName":[],"name":"myElement"}}}]}}}}}}},{"range":[61,1,63,18],"value":{"type":"function","function":{"documentation":null,"signature":{"range":[61,1,61,28],"value":{"name":{"range":[61,1,61,15],"value":"myAlignmentRow"},"typeAnnotation":{"range":[61,17,61,28],"value":{"type":"typed","typed":{"moduleNameAndName":{"range":[61,17,61,24],"value":{"moduleName":[],"name":"Element"}},"args":[{"range":[61,25,61,28],"value":{"type":"typed","typed":{"moduleNameAndName":{"range":[61,25,61,28],"value":{"moduleName":[],"name":"Msg"}},"args":[]}}}]}}}}},"declaration":{"range":[62,1,63,18],"value":{"name":{"range":[62,1,62,15],"value":"myAlignmentRow"},"arguments":[],"expression":{"range":[63,5,63,18],"value":{"type":"application","application":[{"range":[63,5,63,8],"value":{"type":"functionOrValue","functionOrValue":{"moduleName":[],"name":"row"}}},{"range":[63,9,63,11],"value":{"type":"list","list":[]}},{"range":[63,12,63,18],"value":{"type":"list","list":[{"range":[63,13,63,14],"value":{"type":"functionOrValue","functionOrValue":{"moduleName":[],"name":"l"}}},{"range":[63,16,63,17],"value":{"type":"functionOrValue","functionOrValue":{"moduleName":[],"name":"r"}}}]}}]}}}}}}},{"range":[65,1,67,57],"value":{"type":"function","function":{"documentation":null,"signature":{"range":[65,1,65,29],"value":{"name":{"range":[65,1,65,16],"value":"myAlignmentRow2"},"typeAnnotation":{"range":[65,18,65,29],"value":{"type":"typed","typed":{"moduleNameAndName":{"range":[65,18,65,25],"value":{"moduleName":[],"name":"Element"}},"args":[{"range":[65,26,65,29],"value":{"type":"typed","typed":{"moduleNameAndName":{"range":[65,26,65,29],"value":{"moduleName":[],"name":"Msg"}},"args":[]}}}]}}}}},"declaration":{"range":[66,1,67,57],"value":{"name":{"range":[66,1,66,16],"value":"myAlignmentRow2"},"arguments":[],"expression":{"range":[67,5,67,57],"value":{"type":"application","application":[{"range":[67,5,67,8],"value":{"type":"functionOrValue","functionOrValue":{"moduleName":[],"name":"row"}}},{"range":[67,9,67,47],"value":{"type":"list","list":[{"range":[67,11,67,21],"value":{"type":"application","application":[{"range":[67,11,67,16],"value":{"type":"functionOrValue","functionOrValue":{"moduleName":[],"name":"width"}}},{"range":[67,17,67,21],"value":{"type":"functionOrValue","functionOrValue":{"moduleName":[],"name":"fill"}}}]}},{"range":[67,24,67,32],"value":{"type":"functionOrValue","functionOrValue":{"moduleName":[],"name":"alignTop"}}},{"range":[67,34,67,45],"value":{"type":"functionOrValue","functionOrValue":{"moduleName":[],"name":"spaceEvenly"}}}]}},{"range":[67,48,67,57],"value":{"type":"list","list":[{"range":[67,49,67,50],"value":{"type":"functionOrValue","functionOrValue":{"moduleName":[],"name":"e"}}},{"range":[67,52,67,53],"value":{"type":"functionOrValue","functionOrValue":{"moduleName":[],"name":"l"}}},{"range":[67,55,67,56],"value":{"type":"functionOrValue","functionOrValue":{"moduleName":[],"name":"e"}}}]}}]}}}}}}},{"range":[69,1,70,73],"value":{"type":"function","function":{"documentation":null,"signature":{"range":[69,1,69,18],"value":{"name":{"range":[69,1,69,5],"value":"colG"},"typeAnnotation":{"range":[69,7,69,18],"value":{"type":"typed","typed":{"moduleNameAndName":{"range":[69,7,69,14],"value":{"moduleName":[],"name":"Element"}},"args":[{"range":[69,15,69,18],"value":{"type":"typed","typed":{"moduleNameAndName":{"range":[69,15,69,18],"value":{"moduleName":[],"name":"Msg"}},"args":[]}}}]}}}}},"declaration":{"range":[70,1,70,73],"value":{"name":{"range":[70,1,70,5],"value":"colG"},"arguments":[],"expression":{"range":[70,8,70,73],"value":{"type":"application","application":[{"range":[70,8,70,14],"value":{"type":"functionOrValue","functionOrValue":{"moduleName":[],"name":"column"}}},{"range":[70,15,70,70],"value":{"type":"list","list":[{"range":[70,17,70,39],"value":{"type":"application","application":[{"range":[70,17,70,33],"value":{"type":"functionOrValue","functionOrValue":{"moduleName":["Background"],"name":"color"}}},{"range":[70,34,70,39],"value":{"type":"functionOrValue","functionOrValue":{"moduleName":[],"name":"green"}}}]}},{"range":[70,41,70,52],"value":{"type":"application","application":[{"range":[70,41,70,47],"value":{"type":"functionOrValue","functionOrValue":{"moduleName":[],"name":"height"}}},{"range":[70,48,70,52],"value":{"type":"functionOrValue","functionOrValue":{"moduleName":[],"name":"fill"}}}]}},{"range":[70,54,70,69],"value":{"type":"application","application":[{"range":[70,54,70,59],"value":{"type":"functionOrValue","functionOrValue":{"moduleName":[],"name":"width"}}},{"range":[70,60,70,62],"value":{"type":"operator","operator":"<|"}},{"range":[70,63,70,65],"value":{"type":"functionOrValue","functionOrValue":{"moduleName":[],"name":"px"}}},{"range":[70,66,70,69],"value":{"type":"integer","integer":100}}]}}]}},{"range":[70,71,70,73],"value":{"type":"list","list":[]}}]}}}}}}},{"range":[72,1,74,27],"value":{"type":"function","function":{"documentation":null,"signature":{"range":[72,1,72,20],"value":{"name":{"range":[72,1,72,7],"value":"myRowG"},"typeAnnotation":{"range":[72,9,72,20],"value":{"type":"typed","typed":{"moduleNameAndName":{"range":[72,9,72,16],"value":{"moduleName":[],"name":"Element"}},"args":[{"range":[72,17,72,20],"value":{"type":"typed","typed":{"moduleNameAndName":{"range":[72,17,72,20],"value":{"moduleName":[],"name":"Msg"}},"args":[]}}}]}}}}},"declaration":{"range":[73,1,74,27],"value":{"name":{"range":[73,1,73,7],"value":"myRowG"},"arguments":[],"expression":{"range":[73,10,74,27],"value":{"type":"application","application":[{"range":[73,10,73,13],"value":{"type":"functionOrValue","functionOrValue":{"moduleName":[],"name":"row"}}},{"range":[73,14,73,68],"value":{"type":"list","list":[{"range":[73,15,73,25],"value":{"type":"application","application":[{"range":[73,15,73,20],"value":{"type":"functionOrValue","functionOrValue":{"moduleName":[],"name":"width"}}},{"range":[73,21,73,25],"value":{"type":"functionOrValue","functionOrValue":{"moduleName":[],"name":"fill"}}}]}},{"range":[73,27,73,36],"value":{"type":"application","application":[{"range":[73,27,73,34],"value":{"type":"functionOrValue","functionOrValue":{"moduleName":[],"name":"spacing"}}},{"range":[73,35,73,36],"value":{"type":"integer","integer":8}}]}},{"range":[73,38,73,49],"value":{"type":"functionOrValue","functionOrValue":{"moduleName":[],"name":"alignBottom"}}},{"range":[73,51,73,67],"value":{"type":"application","application":[{"range":[73,51,73,57],"value":{"type":"functionOrValue","functionOrValue":{"moduleName":[],"name":"height"}}},{"range":[73,58,73,60],"value":{"type":"operator","operator":"<|"}},{"range":[73,61,73,63],"value":{"type":"functionOrValue","functionOrValue":{"moduleName":[],"name":"px"}}},{"range":[73,64,73,67],"value":{"type":"integer","integer":100}}]}}]}},{"range":[74,13,74,27],"value":{"type":"list","list":[{"range":[74,15,74,19],"value":{"type":"functionOrValue","functionOrValue":{"moduleName":[],"name":"colG"}}},{"range":[74,21,74,25],"value":{"type":"functionOrValue","functionOrValue":{"moduleName":[],"name":"colG"}}}]}}]}}}}}}},{"range":[77,1,78,70],"value":{"type":"function","function":{"documentation":null,"signature":{"range":[77,1,77,18],"value":{"name":{"range":[77,1,77,5],"value":"rowG"},"typeAnnotation":{"range":[77,7,77,18],"value":{"type":"typed","typed":{"moduleNameAndName":{"range":[77,7,77,14],"value":{"moduleName":[],"name":"Element"}},"args":[{"range":[77,15,77,18],"value":{"type":"typed","typed":{"moduleNameAndName":{"range":[77,15,77,18],"value":{"moduleName":[],"name":"Msg"}},"args":[]}}}]}}}}},"declaration":{"range":[78,1,78,70],"value":{"name":{"range":[78,1,78,5],"value":"rowG"},"arguments":[],"expression":{"range":[78,8,78,70],"value":{"type":"application","application":[{"range":[78,8,78,11],"value":{"type":"functionOrValue","functionOrValue":{"moduleName":[],"name":"row"}}},{"range":[78,12,78,67],"value":{"type":"list","list":[{"range":[78,14,78,36],"value":{"type":"application","application":[{"range":[78,14,78,30],"value":{"type":"functionOrValue","functionOrValue":{"moduleName":["Background"],"name":"color"}}},{"range":[78,31,78,36],"value":{"type":"functionOrValue","functionOrValue":{"moduleName":[],"name":"green"}}}]}},{"range":[78,38,78,48],"value":{"type":"application","application":[{"range":[78,38,78,43],"value":{"type":"functionOrValue","functionOrValue":{"moduleName":[],"name":"width"}}},{"range":[78,44,78,48],"value":{"type":"functionOrValue","functionOrValue":{"moduleName":[],"name":"fill"}}}]}},{"range":[78,50,78,66],"value":{"type":"application","application":[{"range":[78,50,78,56],"value":{"type":"functionOrValue","functionOrValue":{"moduleName":[],"name":"height"}}},{"range":[78,57,78,59],"value":{"type":"operator","operator":"<|"}},{"range":[78,60,78,62],"value":{"type":"functionOrValue","functionOrValue":{"moduleName":[],"name":"px"}}},{"range":[78,63,78,66],"value":{"type":"integer","integer":100}}]}}]}},{"range":[78,68,78,70],"value":{"type":"list","list":[]}}]}}}}}}},{"range":[80,1,85,10],"value":{"type":"function","function":{"documentation":null,"signature":{"range":[80,1,80,20],"value":{"name":{"range":[80,1,80,7],"value":"myColG"},"typeAnnotation":{"range":[80,9,80,20],"value":{"type":"typed","typed":{"moduleNameAndName":{"range":[80,9,80,16],"value":{"moduleName":[],"name":"Element"}},"args":[{"range":[80,17,80,20],"value":{"type":"typed","typed":{"moduleNameAndName":{"range":[80,17,80,20],"value":{"moduleName":[],"name":"Msg"}},"args":[]}}}]}}}}},"declaration":{"range":[81,1,85,10],"value":{"name":{"range":[81,1,81,7],"value":"myColG"},"arguments":[],"expression":{"range":[82,5,85,10],"value":{"type":"application","application":[{"range":[82,5,82,11],"value":{"type":"functionOrValue","functionOrValue":{"moduleName":[],"name":"column"}}},{"range":[82,12,82,35],"value":{"type":"list","list":[{"range":[82,13,82,23],"value":{"type":"application","application":[{"range":[82,13,82,18],"value":{"type":"functionOrValue","functionOrValue":{"moduleName":[],"name":"width"}}},{"range":[82,19,82,23],"value":{"type":"functionOrValue","functionOrValue":{"moduleName":[],"name":"fill"}}}]}},{"range":[82,25,82,34],"value":{"type":"application","application":[{"range":[82,25,82,32],"value":{"type":"functionOrValue","functionOrValue":{"moduleName":[],"name":"spacing"}}},{"range":[82,33,82,34],"value":{"type":"integer","integer":8}}]}}]}},{"range":[83,9,85,10],"value":{"type":"list","list":[{"range":[83,11,83,15],"value":{"type":"functionOrValue","functionOrValue":{"moduleName":[],"name":"rowG"}}},{"range":[84,11,84,15],"value":{"type":"functionOrValue","functionOrValue":{"moduleName":[],"name":"rowG"}}}]}}]}}}}}}},{"range":[87,1,94,10],"value":{"type":"function","function":{"documentation":null,"signature":{"range":[87,1,87,28],"value":{"name":{"range":[87,1,87,15],"value":"myAlignmentCol"},"typeAnnotation":{"range":[87,17,87,28],"value":{"type":"typed","typed":{"moduleNameAndName":{"range":[87,17,87,24],"value":{"moduleName":[],"name":"Element"}},"args":[{"range":[87,25,87,28],"value":{"type":"typed","typed":{"moduleNameAndName":{"range":[87,25,87,28],"value":{"moduleName":[],"name":"Msg"}},"args":[]}}}]}}}}},"declaration":{"range":[88,1,94,10],"value":{"name":{"range":[88,1,88,15],"value":"myAlignmentCol"},"arguments":[],"expression":{"range":[89,5,94,10],"value":{"type":"application","application":[{"range":[89,5,89,11],"value":{"type":"functionOrValue","functionOrValue":{"moduleName":[],"name":"column"}}},{"range":[89,12,89,24],"value":{"type":"list","list":[{"range":[89,13,89,23],"value":{"type":"application","application":[{"range":[89,13,89,18],"value":{"type":"functionOrValue","functionOrValue":{"moduleName":[],"name":"width"}}},{"range":[89,19,89,23],"value":{"type":"functionOrValue","functionOrValue":{"moduleName":[],"name":"fill"}}}]}}]}},{"range":[90,9,94,10],"value":{"type":"list","list":[{"range":[90,10,90,19],"value":{"type":"functionOrValue","functionOrValue":{"moduleName":[],"name":"myElement"}}},{"range":[91,11,93,24],"value":{"type":"application","application":[{"range":[91,11,91,13],"value":{"type":"functionOrValue","functionOrValue":{"moduleName":[],"name":"el"}}},{"range":[91,14,93,14],"value":{"type":"list","list":[{"range":[92,13,92,23],"value":{"type":"functionOrValue","functionOrValue":{"moduleName":[],"name":"alignRight"}}}]}},{"range":[93,15,93,24],"value":{"type":"functionOrValue","functionOrValue":{"moduleName":[],"name":"myElement"}}}]}}]}}]}}}}}}},{"range":[96,1,119,39],"value":{"type":"function","function":{"documentation":null,"signature":{"range":[96,1,96,26],"value":{"name":{"range":[96,1,96,13],"value":"myWrappedRow"},"typeAnnotation":{"range":[96,15,96,26],"value":{"type":"typed","typed":{"moduleNameAndName":{"range":[96,15,96,22],"value":{"moduleName":[],"name":"Element"}},"args":[{"range":[96,23,96,26],"value":{"type":"typed","typed":{"moduleNameAndName":{"range":[96,23,96,26],"value":{"moduleName":[],"name":"Msg"}},"args":[]}}}]}}}}},"declaration":{"range":[97,1,119,39],"value":{"name":{"range":[97,1,97,13],"value":"myWrappedRow"},"arguments":[],"expression":{"range":[97,16,119,39],"value":{"type":"application","application":[{"range":[97,16,97,26],"value":{"type":"functionOrValue","functionOrValue":{"moduleName":[],"name":"wrappedRow"}}},{"range":[98,17,98,65],"value":{"type":"list","list":[{"range":[98,18,98,29],"value":{"type":"functionOrValue","functionOrValue":{"moduleName":[],"name":"spaceEvenly"}}},{"range":[98,31,98,40],"value":{"type":"application","application":[{"range":[98,31,98,38],"value":{"type":"functionOrValue","functionOrValue":{"moduleName":[],"name":"spacing"}}},{"range":[98,39,98,40],"value":{"type":"integer","integer":8}}]}},{"range":[98,42,98,64],"value":{"type":"application","application":[{"range":[98,42,98,58],"value":{"type":"functionOrValue","functionOrValue":{"moduleName":["Background"],"name":"color"}}},{"range":[98,59,98,64],"value":{"type":"functionOrValue","functionOrValue":{"moduleName":[],"name":"green"}}}]}}]}},{"range":[99,17,119,39],"value":{"type":"list","list":[{"range":[99,18,99,27],"value":{"type":"functionOrValue","functionOrValue":{"moduleName":[],"name":"myElement"}}},{"range":[100,18,100,27],"value":{"type":"functionOrValue","functionOrValue":{"moduleName":[],"name":"myElement"}}},{"range":[101,18,101,27],"value":{"type":"functionOrValue","functionOrValue":{"moduleName":[],"name":"myElement"}}},{"range":[102,18,102,27],"value":{"type":"functionOrValue","functionOrValue":{"moduleName":[],"name":"myElement"}}},{"range":[103,18,103,27],"value":{"type":"functionOrValue","functionOrValue":{"moduleName":[],"name":"myElement"}}},{"range":[104,18,104,27],"value":{"type":"functionOrValue","functionOrValue":{"moduleName":[],"name":"myElement"}}},{"range":[105,18,105,27],"value":{"type":"functionOrValue","functionOrValue":{"moduleName":[],"name":"myElement"}}},{"range":[106,18,119,38],"value":{"type":"application","application":[{"range":[106,18,106,20],"value":{"type":"functionOrValue","functionOrValue":{"moduleName":[],"name":"el"}}},{"range":[107,21,118,22],"value":{"type":"list","list":[{"range":[107,23,107,39],"value":{"type":"application","application":[{"range":[107,23,107,37],"value":{"type":"functionOrValue","functionOrValue":{"moduleName":["Border"],"name":"rounded"}}},{"range":[107,38,107,39],"value":{"type":"integer","integer":4}}]}},{"range":[110,23,110,43],"value":{"type":"application","application":[{"range":[110,23,110,39],"value":{"type":"functionOrValue","functionOrValue":{"moduleName":["Background"],"name":"image"}}},{"range":[110,40,110,43],"value":{"type":"functionOrValue","functionOrValue":{"moduleName":[],"name":"url"}}}]}},{"range":[111,23,111,54],"value":{"type":"application","application":[{"range":[111,23,111,33],"value":{"type":"functionOrValue","functionOrValue":{"moduleName":["Font"],"name":"color"}}},{"range":[111,34,111,54],"value":{"type":"parenthesized","parenthesized":{"range":[111,35,111,53],"value":{"type":"application","application":[{"range":[111,35,111,41],"value":{"type":"functionOrValue","functionOrValue":{"moduleName":[],"name":"rgb255"}}},{"range":[111,42,111,45],"value":{"type":"integer","integer":255}},{"range":[111,46,111,49],"value":{"type":"integer","integer":255}},{"range":[111,50,111,53],"value":{"type":"integer","integer":255}}]}}}}]}},{"range":[113,23,113,37],"value":{"type":"application","application":[{"range":[113,23,113,28],"value":{"type":"functionOrValue","functionOrValue":{"moduleName":[],"name":"width"}}},{"range":[113,29,113,31],"value":{"type":"operator","operator":"<|"}},{"range":[113,32,113,34],"value":{"type":"functionOrValue","functionOrValue":{"moduleName":[],"name":"px"}}},{"range":[113,35,113,37],"value":{"type":"integer","integer":80}}]}},{"range":[114,23,114,38],"value":{"type":"application","application":[{"range":[114,23,114,29],"value":{"type":"functionOrValue","functionOrValue":{"moduleName":[],"name":"height"}}},{"range":[114,30,114,32],"value":{"type":"operator","operator":"<|"}},{"range":[114,33,114,35],"value":{"type":"functionOrValue","functionOrValue":{"moduleName":[],"name":"px"}}},{"range":[114,36,114,38],"value":{"type":"integer","integer":80}}]}}]}},{"range":[119,21,119,38],"value":{"type":"parenthesized","parenthesized":{"range":[119,22,119,37],"value":{"type":"application","application":[{"range":[119,22,119,26],"value":{"type":"functionOrValue","functionOrValue":{"moduleName":[],"name":"text"}}},{"range":[119,27,119,37],"value":{"type":"literal","literal":"stylish!"}}]}}}}]}}]}}]}}}}}}},{"range":[121,1,143,28],"value":{"type":"function","function":{"documentation":null,"signature":{"range":[121,1,121,27],"value":{"name":{"range":[121,1,121,14],"value":"myWrappedRow2"},"typeAnnotation":{"range":[121,16,121,27],"value":{"type":"typed","typed":{"moduleNameAndName":{"range":[121,16,121,23],"value":{"moduleName":[],"name":"Element"}},"args":[{"range":[121,24,121,27],"value":{"type":"typed","typed":{"moduleNameAndName":{"range":[121,24,121,27],"value":{"moduleName":[],"name":"Msg"}},"args":[]}}}]}}}}},"declaration":{"range":[122,1,143,28],"value":{"name":{"range":[122,1,122,14],"value":"myWrappedRow2"},"arguments":[],"expression":{"range":[122,17,143,28],"value":{"type":"application","application":[{"range":[122,17,122,27],"value":{"type":"functionOrValue","functionOrValue":{"moduleName":[],"name":"wrappedRow"}}},{"range":[123,17,123,20],"value":{"type":"list","list":[]}},{"range":[124,17,143,28],"value":{"type":"list","list":[{"range":[124,18,124,27],"value":{"type":"functionOrValue","functionOrValue":{"moduleName":[],"name":"myElement"}}},{"range":[125,18,125,27],"value":{"type":"functionOrValue","functionOrValue":{"moduleName":[],"name":"myElement"}}},{"range":[126,18,126,27],"value":{"type":"functionOrValue","functionOrValue":{"moduleName":[],"name":"myElement"}}},{"range":[127,18,127,27],"value":{"type":"functionOrValue","functionOrValue":{"moduleName":[],"name":"myElement"}}},{"range":[128,18,140,38],"value":{"type":"application","application":[{"range":[128,18,128,20],"value":{"type":"functionOrValue","functionOrValue":{"moduleName":[],"name":"el"}}},{"range":[129,21,139,22],"value":{"type":"list","list":[{"range":[129,23,129,39],"value":{"type":"application","application":[{"range":[129,23,129,37],"value":{"type":"functionOrValue","functionOrValue":{"moduleName":["Border"],"name":"rounded"}}},{"range":[129,38,129,39],"value":{"type":"integer","integer":4}}]}},{"range":[131,23,131,43],"value":{"type":"application","application":[{"range":[131,23,131,39],"value":{"type":"functionOrValue","functionOrValue":{"moduleName":["Background"],"name":"image"}}},{"range":[131,40,131,43],"value":{"type":"functionOrValue","functionOrValue":{"moduleName":[],"name":"url"}}}]}},{"range":[132,23,132,54],"value":{"type":"application","application":[{"range":[132,23,132,33],"value":{"type":"functionOrValue","functionOrValue":{"moduleName":["Font"],"name":"color"}}},{"range":[132,34,132,54],"value":{"type":"parenthesized","parenthesized":{"range":[132,35,132,53],"value":{"type":"application","application":[{"range":[132,35,132,41],"value":{"type":"functionOrValue","functionOrValue":{"moduleName":[],"name":"rgb255"}}},{"range":[132,42,132,45],"value":{"type":"integer","integer":255}},{"range":[132,46,132,49],"value":{"type":"integer","integer":255}},{"range":[132,50,132,53],"value":{"type":"integer","integer":255}}]}}}}]}},{"range":[134,23,134,37],"value":{"type":"application","application":[{"range":[134,23,134,28],"value":{"type":"functionOrValue","functionOrValue":{"moduleName":[],"name":"width"}}},{"range":[134,29,134,31],"value":{"type":"operator","operator":"<|"}},{"range":[134,32,134,34],"value":{"type":"functionOrValue","functionOrValue":{"moduleName":[],"name":"px"}}},{"range":[134,35,134,37],"value":{"type":"integer","integer":80}}]}},{"range":[135,23,135,38],"value":{"type":"application","application":[{"range":[135,23,135,29],"value":{"type":"functionOrValue","functionOrValue":{"moduleName":[],"name":"height"}}},{"range":[135,30,135,32],"value":{"type":"operator","operator":"<|"}},{"range":[135,33,135,35],"value":{"type":"functionOrValue","functionOrValue":{"moduleName":[],"name":"px"}}},{"range":[135,36,135,38],"value":{"type":"integer","integer":80}}]}}]}},{"range":[140,21,140,38],"value":{"type":"parenthesized","parenthesized":{"range":[140,22,140,37],"value":{"type":"application","application":[{"range":[140,22,140,26],"value":{"type":"functionOrValue","functionOrValue":{"moduleName":[],"name":"text"}}},{"range":[140,27,140,37],"value":{"type":"literal","literal":"stylish!"}}]}}}}]}},{"range":[141,18,141,27],"value":{"type":"functionOrValue","functionOrValue":{"moduleName":[],"name":"myElement"}}},{"range":[142,18,142,27],"value":{"type":"functionOrValue","functionOrValue":{"moduleName":[],"name":"myElement"}}},{"range":[143,18,143,27],"value":{"type":"functionOrValue","functionOrValue":{"moduleName":[],"name":"myElement"}}}]}}]}}}}}}},{"range":[145,1,167,28],"value":{"type":"function","function":{"documentation":null,"signature":{"range":[145,1,145,25],"value":{"name":{"range":[145,1,145,12],"value":"myDirectRow"},"typeAnnotation":{"range":[145,14,145,25],"value":{"type":"typed","typed":{"moduleNameAndName":{"range":[145,14,145,21],"value":{"moduleName":[],"name":"Element"}},"args":[{"range":[145,22,145,25],"value":{"type":"typed","typed":{"moduleNameAndName":{"range":[145,22,145,25],"value":{"moduleName":[],"name":"Msg"}},"args":[]}}}]}}}}},"declaration":{"range":[146,1,167,28],"value":{"name":{"range":[146,1,146,12],"value":"myDirectRow"},"arguments":[],"expression":{"range":[146,15,167,28],"value":{"type":"application","application":[{"range":[146,15,146,18],"value":{"type":"functionOrValue","functionOrValue":{"moduleName":[],"name":"row"}}},{"range":[147,17,147,30],"value":{"type":"list","list":[{"range":[147,19,147,28],"value":{"type":"application","application":[{"range":[147,19,147,26],"value":{"type":"functionOrValue","functionOrValue":{"moduleName":[],"name":"spacing"}}},{"range":[147,27,147,28],"value":{"type":"integer","integer":8}}]}}]}},{"range":[148,17,167,28],"value":{"type":"list","list":[{"range":[148,18,148,27],"value":{"type":"functionOrValue","functionOrValue":{"moduleName":[],"name":"myElement"}}},{"range":[149,18,149,27],"value":{"type":"functionOrValue","functionOrValue":{"moduleName":[],"name":"myElement"}}},{"range":[150,18,150,27],"value":{"type":"functionOrValue","functionOrValue":{"moduleName":[],"name":"myElement"}}},{"range":[151,18,151,27],"value":{"type":"functionOrValue","functionOrValue":{"moduleName":[],"name":"myElement"}}},{"range":[152,18,164,38],"value":{"type":"application","application":[{"range":[152,18,152,20],"value":{"type":"functionOrValue","functionOrValue":{"moduleName":[],"name":"el"}}},{"range":[153,21,163,22],"value":{"type":"list","list":[{"range":[153,23,153,39],"value":{"type":"application","application":[{"range":[153,23,153,37],"value":{"type":"functionOrValue","functionOrValue":{"moduleName":["Border"],"name":"rounded"}}},{"range":[153,38,153,39],"value":{"type":"integer","integer":4}}]}},{"range":[155,23,155,43],"value":{"type":"application","application":[{"range":[155,23,155,39],"value":{"type":"functionOrValue","functionOrValue":{"moduleName":["Background"],"name":"image"}}},{"range":[155,40,155,43],"value":{"type":"functionOrValue","functionOrValue":{"moduleName":[],"name":"url"}}}]}},{"range":[156,23,156,54],"value":{"type":"application","application":[{"range":[156,23,156,33],"value":{"type":"functionOrValue","functionOrValue":{"moduleName":["Font"],"name":"color"}}},{"range":[156,34,156,54],"value":{"type":"parenthesized","parenthesized":{"range":[156,35,156,53],"value":{"type":"application","application":[{"range":[156,35,156,41],"value":{"type":"functionOrValue","functionOrValue":{"moduleName":[],"name":"rgb255"}}},{"range":[156,42,156,45],"value":{"type":"integer","integer":255}},{"range":[156,46,156,49],"value":{"type":"integer","integer":255}},{"range":[156,50,156,53],"value":{"type":"integer","integer":255}}]}}}}]}},{"range":[158,23,158,37],"value":{"type":"application","application":[{"range":[158,23,158,28],"value":{"type":"functionOrValue","functionOrValue":{"moduleName":[],"name":"width"}}},{"range":[158,29,158,31],"value":{"type":"operator","operator":"<|"}},{"range":[158,32,158,34],"value":{"type":"functionOrValue","functionOrValue":{"moduleName":[],"name":"px"}}},{"range":[158,35,158,37],"value":{"type":"integer","integer":80}}]}},{"range":[159,23,159,38],"value":{"type":"application","application":[{"range":[159,23,159,29],"value":{"type":"functionOrValue","functionOrValue":{"moduleName":[],"name":"height"}}},{"range":[159,30,159,32],"value":{"type":"operator","operator":"<|"}},{"range":[159,33,159,35],"value":{"type":"functionOrValue","functionOrValue":{"moduleName":[],"name":"px"}}},{"range":[159,36,159,38],"value":{"type":"integer","integer":80}}]}}]}},{"range":[164,21,164,38],"value":{"type":"parenthesized","parenthesized":{"range":[164,22,164,37],"value":{"type":"application","application":[{"range":[164,22,164,26],"value":{"type":"functionOrValue","functionOrValue":{"moduleName":[],"name":"text"}}},{"range":[164,27,164,37],"value":{"type":"literal","literal":"stylish!"}}]}}}}]}},{"range":[165,18,165,27],"value":{"type":"functionOrValue","functionOrValue":{"moduleName":[],"name":"myElement"}}},{"range":[166,18,166,27],"value":{"type":"functionOrValue","functionOrValue":{"moduleName":[],"name":"myElement"}}},{"range":[167,18,167,27],"value":{"type":"functionOrValue","functionOrValue":{"moduleName":[],"name":"myElement"}}}]}}]}}}}}}},{"range":[169,1,169,208],"value":{"type":"function","function":{"documentation":null,"signature":null,"declaration":{"range":[169,1,169,208],"value":{"name":{"range":[169,1,169,5],"value":"file"},"arguments":[],"expression":{"range":[169,8,169,208],"value":{"type":"literal","literal":"http://bwax-private.oss-cn-shenzhen.aliyuncs.com/cb/entityzcwd/4111db20-6792-480c-9fe1-5ade094877fb.xlsx?OSSAccessKeyId=LTAIvHO6oIk6Dh0M&Expires=1578058340&Signature=MV0cHz%2BrBjqsDPrGaqottXN6iyA%3D"}}}}}}},{"range":[171,1,187,6],"value":{"type":"function","function":{"documentation":null,"signature":{"range":[171,1,171,25],"value":{"name":{"range":[171,1,171,12],"value":"myCelMiddle"},"typeAnnotation":{"range":[171,14,171,25],"value":{"type":"typed","typed":{"moduleNameAndName":{"range":[171,14,171,21],"value":{"moduleName":[],"name":"Element"}},"args":[{"range":[171,22,171,25],"value":{"type":"typed","typed":{"moduleNameAndName":{"range":[171,22,171,25],"value":{"moduleName":[],"name":"Msg"}},"args":[]}}}]}}}}},"declaration":{"range":[172,1,187,6],"value":{"name":{"range":[172,1,172,12],"value":"myCelMiddle"},"arguments":[],"expression":{"range":[172,15,187,6],"value":{"type":"application","application":[{"range":[172,15,172,21],"value":{"type":"functionOrValue","functionOrValue":{"moduleName":[],"name":"column"}}},{"range":[172,22,172,49],"value":{"type":"list","list":[{"range":[172,24,172,35],"value":{"type":"application","application":[{"range":[172,24,172,30],"value":{"type":"functionOrValue","functionOrValue":{"moduleName":[],"name":"height"}}},{"range":[172,31,172,35],"value":{"type":"functionOrValue","functionOrValue":{"moduleName":[],"name":"fill"}}}]}},{"range":[172,37,172,47],"value":{"type":"application","application":[{"range":[172,37,172,42],"value":{"type":"functionOrValue","functionOrValue":{"moduleName":[],"name":"width"}}},{"range":[172,43,172,47],"value":{"type":"functionOrValue","functionOrValue":{"moduleName":[],"name":"fill"}}}]}}]}},{"range":[172,50,187,6],"value":{"type":"list","list":[{"range":[173,9,186,10],"value":{"type":"application","application":[{"range":[173,9,173,15],"value":{"type":"functionOrValue","functionOrValue":{"moduleName":[],"name":"column"}}},{"range":[173,16,173,55],"value":{"type":"list","list":[{"range":[173,18,173,28],"value":{"type":"application","application":[{"range":[173,18,173,25],"value":{"type":"functionOrValue","functionOrValue":{"moduleName":[],"name":"padding"}}},{"range":[173,26,173,28],"value":{"type":"integer","integer":32}}]}},{"range":[173,30,173,40],"value":{"type":"application","application":[{"range":[173,30,173,37],"value":{"type":"functionOrValue","functionOrValue":{"moduleName":[],"name":"spacing"}}},{"range":[173,38,173,40],"value":{"type":"integer","integer":16}}]}},{"range":[173,42,173,53],"value":{"type":"application","application":[{"range":[173,42,173,48],"value":{"type":"functionOrValue","functionOrValue":{"moduleName":[],"name":"height"}}},{"range":[173,49,173,53],"value":{"type":"functionOrValue","functionOrValue":{"moduleName":[],"name":"fill"}}}]}}]}},{"range":[174,9,186,10],"value":{"type":"list","list":[{"range":[175,13,183,22],"value":{"type":"application","application":[{"range":[175,13,175,15],"value":{"type":"functionOrValue","functionOrValue":{"moduleName":[],"name":"el"}}},{"range":[175,16,175,19],"value":{"type":"list","list":[]}},{"range":[175,20,175,22],"value":{"type":"operator","operator":"<|"}},{"range":[176,17,176,27],"value":{"type":"functionOrValue","functionOrValue":{"moduleName":["Input"],"name":"text"}}},{"range":[177,21,177,44],"value":{"type":"list","list":[{"range":[177,23,177,42],"value":{"type":"functionOrValue","functionOrValue":{"moduleName":["Input"],"name":"focusedOnLoad"}}}]}},{"range":[178,21,183,22],"value":{"type":"record","record":[{"range":[179,25,179,37],"value":{"field":{"range":[179,25,179,29],"value":"text"},"expression":{"range":[179,30,179,37],"value":{"type":"literal","literal":"HELLO"}}}},{"range":[180,27,181,25],"value":{"field":{"range":[180,27,180,35],"value":"onChange"},"expression":{"range":[180,36,180,42],"value":{"type":"functionOrValue","functionOrValue":{"moduleName":[],"name":"Change"}}}}},{"range":[181,27,182,25],"value":{"field":{"range":[181,27,181,32],"value":"label"},"expression":{"range":[181,33,181,67],"value":{"type":"application","application":[{"range":[181,33,181,49],"value":{"type":"functionOrValue","functionOrValue":{"moduleName":["Input"],"name":"labelAbove"}}},{"range":[181,50,181,52],"value":{"type":"list","list":[]}},{"range":[181,53,181,67],"value":{"type":"parenthesized","parenthesized":{"range":[181,54,181,66],"value":{"type":"application","application":[{"range":[181,54,181,58],"value":{"type":"functionOrValue","functionOrValue":{"moduleName":[],"name":"text"}}},{"range":[181,59,181,66],"value":{"type":"literal","literal":"Lunch"}}]}}}}]}}}},{"range":[182,27,183,21],"value":{"field":{"range":[182,27,182,38],"value":"placeholder"},"expression":{"range":[182,41,182,48],"value":{"type":"functionOrValue","functionOrValue":{"moduleName":[],"name":"Nothing"}}}}}]}}]}},{"range":[185,15,185,56],"value":{"type":"application","application":[{"range":[185,15,185,23],"value":{"type":"functionOrValue","functionOrValue":{"moduleName":[],"name":"download"}}},{"range":[185,24,185,26],"value":{"type":"list","list":[]}},{"range":[185,27,185,56],"value":{"type":"record","record":[{"range":[185,29,185,37],"value":{"field":{"range":[185,29,185,32],"value":"url"},"expression":{"range":[185,33,185,37],"value":{"type":"functionOrValue","functionOrValue":{"moduleName":[],"name":"file"}}}}},{"range":[185,39,185,55],"value":{"field":{"range":[185,39,185,44],"value":"label"},"expression":{"range":[185,45,185,54],"value":{"type":"application","application":[{"range":[185,45,185,49],"value":{"type":"functionOrValue","functionOrValue":{"moduleName":[],"name":"text"}}},{"range":[185,50,185,54],"value":{"type":"literal","literal":"下载"}}]}}}}]}}]}}]}}]}}]}}]}}}}}}},{"range":[191,1,206,14],"value":{"type":"function","function":{"documentation":null,"signature":{"range":[191,1,191,23],"value":{"name":{"range":[191,1,191,10],"value":"myFronCol"},"typeAnnotation":{"range":[191,12,191,23],"value":{"type":"typed","typed":{"moduleNameAndName":{"range":[191,12,191,19],"value":{"moduleName":[],"name":"Element"}},"args":[{"range":[191,20,191,23],"value":{"type":"generic","generic":{"value":"msg"}}}]}}}}},"declaration":{"range":[192,1,206,14],"value":{"name":{"range":[192,1,192,10],"value":"myFronCol"},"arguments":[],"expression":{"range":[192,13,206,14],"value":{"type":"application","application":[{"range":[192,13,192,19],"value":{"type":"functionOrValue","functionOrValue":{"moduleName":[],"name":"column"}}},{"range":[192,20,192,46],"value":{"type":"list","list":[{"range":[192,22,192,32],"value":{"type":"application","application":[{"range":[192,22,192,27],"value":{"type":"functionOrValue","functionOrValue":{"moduleName":[],"name":"width"}}},{"range":[192,28,192,32],"value":{"type":"functionOrValue","functionOrValue":{"moduleName":[],"name":"fill"}}}]}},{"range":[192,34,192,45],"value":{"type":"application","application":[{"range":[192,34,192,40],"value":{"type":"functionOrValue","functionOrValue":{"moduleName":[],"name":"height"}}},{"range":[192,41,192,45],"value":{"type":"functionOrValue","functionOrValue":{"moduleName":[],"name":"fill"}}}]}}]}},{"range":[193,13,206,14],"value":{"type":"list","list":[{"range":[194,13,205,18],"value":{"type":"application","application":[{"range":[194,13,194,16],"value":{"type":"functionOrValue","functionOrValue":{"moduleName":[],"name":"row"}}},{"range":[194,17,198,18],"value":{"type":"list","list":[{"range":[195,17,195,27],"value":{"type":"application","application":[{"range":[195,17,195,24],"value":{"type":"functionOrValue","functionOrValue":{"moduleName":[],"name":"padding"}}},{"range":[195,25,195,27],"value":{"type":"integer","integer":12}}]}},{"range":[196,17,196,27],"value":{"type":"application","application":[{"range":[196,17,196,22],"value":{"type":"functionOrValue","functionOrValue":{"moduleName":[],"name":"width"}}},{"range":[196,23,196,27],"value":{"type":"functionOrValue","functionOrValue":{"moduleName":[],"name":"fill"}}}]}},{"range":[197,17,197,37],"value":{"type":"application","application":[{"range":[197,17,197,33],"value":{"type":"functionOrValue","functionOrValue":{"moduleName":["Background"],"name":"color"}}},{"range":[197,34,197,37],"value":{"type":"functionOrValue","functionOrValue":{"moduleName":[],"name":"red"}}}]}}]}},{"range":[199,17,205,18],"value":{"type":"list","list":[{"range":[200,21,204,22],"value":{"type":"application","application":[{"range":[200,21,200,27],"value":{"type":"functionOrValue","functionOrValue":{"moduleName":[],"name":"column"}}},{"range":[200,28,200,30],"value":{"type":"list","list":[]}},{"range":[200,31,204,22],"value":{"type":"list","list":[{"range":[201,25,201,51],"value":{"type":"application","application":[{"range":[201,25,201,27],"value":{"type":"functionOrValue","functionOrValue":{"moduleName":[],"name":"el"}}},{"range":[201,28,201,30],"value":{"type":"list","list":[]}},{"range":[201,31,201,51],"value":{"type":"parenthesized","parenthesized":{"range":[201,32,201,50],"value":{"type":"application","application":[{"range":[201,32,201,36],"value":{"type":"functionOrValue","functionOrValue":{"moduleName":[],"name":"text"}}},{"range":[201,37,201,50],"value":{"type":"literal","literal":"HELLO WORLD"}}]}}}}]}},{"range":[202,25,202,51],"value":{"type":"application","application":[{"range":[202,25,202,27],"value":{"type":"functionOrValue","functionOrValue":{"moduleName":[],"name":"el"}}},{"range":[202,28,202,30],"value":{"type":"list","list":[]}},{"range":[202,31,202,51],"value":{"type":"parenthesized","parenthesized":{"range":[202,32,202,50],"value":{"type":"application","application":[{"range":[202,32,202,36],"value":{"type":"functionOrValue","functionOrValue":{"moduleName":[],"name":"text"}}},{"range":[202,37,202,50],"value":{"type":"literal","literal":"HELLO WORLD"}}]}}}}]}}]}}]}}]}}]}}]}}]}}}}}}},{"range":[208,1,225,14],"value":{"type":"function","function":{"documentation":null,"signature":{"range":[208,1,208,22],"value":{"name":{"range":[208,1,208,9],"value":"myRow222"},"typeAnnotation":{"range":[208,11,208,22],"value":{"type":"typed","typed":{"moduleNameAndName":{"range":[208,11,208,18],"value":{"moduleName":[],"name":"Element"}},"args":[{"range":[208,19,208,22],"value":{"type":"generic","generic":{"value":"msg"}}}]}}}}},"declaration":{"range":[209,1,225,14],"value":{"name":{"range":[209,1,209,9],"value":"myRow222"},"arguments":[],"expression":{"range":[209,12,225,14],"value":{"type":"application","application":[{"range":[209,12,209,15],"value":{"type":"functionOrValue","functionOrValue":{"moduleName":[],"name":"row"}}},{"range":[209,16,209,18],"value":{"type":"list","list":[]}},{"range":[210,13,225,14],"value":{"type":"list","list":[{"range":[211,13,211,79],"value":{"type":"application","application":[{"range":[211,13,211,15],"value":{"type":"functionOrValue","functionOrValue":{"moduleName":[],"name":"el"}}},{"range":[211,16,211,74],"value":{"type":"list","list":[{"range":[211,18,211,33],"value":{"type":"application","application":[{"range":[211,18,211,24],"value":{"type":"functionOrValue","functionOrValue":{"moduleName":[],"name":"height"}}},{"range":[211,25,211,33],"value":{"type":"parenthesized","parenthesized":{"range":[211,26,211,32],"value":{"type":"application","application":[{"range":[211,26,211,28],"value":{"type":"functionOrValue","functionOrValue":{"moduleName":[],"name":"px"}}},{"range":[211,29,211,32],"value":{"type":"integer","integer":400}}]}}}}]}},{"range":[211,35,211,49],"value":{"type":"application","application":[{"range":[211,35,211,40],"value":{"type":"functionOrValue","functionOrValue":{"moduleName":[],"name":"width"}}},{"range":[211,41,211,49],"value":{"type":"parenthesized","parenthesized":{"range":[211,42,211,48],"value":{"type":"application","application":[{"range":[211,42,211,44],"value":{"type":"functionOrValue","functionOrValue":{"moduleName":[],"name":"px"}}},{"range":[211,45,211,48],"value":{"type":"integer","integer":100}}]}}}}]}},{"range":[211,51,211,73],"value":{"type":"application","application":[{"range":[211,51,211,67],"value":{"type":"functionOrValue","functionOrValue":{"moduleName":["Background"],"name":"color"}}},{"range":[211,68,211,73],"value":{"type":"functionOrValue","functionOrValue":{"moduleName":[],"name":"green"}}}]}}]}},{"range":[211,75,211,79],"value":{"type":"functionOrValue","functionOrValue":{"moduleName":[],"name":"none"}}}]}},{"range":[212,14,224,18],"value":{"type":"application","application":[{"range":[212,14,212,20],"value":{"type":"functionOrValue","functionOrValue":{"moduleName":[],"name":"column"}}},{"range":[213,17,213,43],"value":{"type":"list","list":[{"range":[213,18,213,29],"value":{"type":"functionOrValue","functionOrValue":{"moduleName":[],"name":"spaceEvenly"}}},{"range":[213,31,213,42],"value":{"type":"application","application":[{"range":[213,31,213,37],"value":{"type":"functionOrValue","functionOrValue":{"moduleName":[],"name":"height"}}},{"range":[213,38,213,42],"value":{"type":"functionOrValue","functionOrValue":{"moduleName":[],"name":"fill"}}}]}}]}},{"range":[214,17,224,18],"value":{"type":"list","list":[{"range":[215,17,215,35],"value":{"type":"application","application":[{"range":[215,17,215,19],"value":{"type":"functionOrValue","functionOrValue":{"moduleName":[],"name":"el"}}},{"range":[215,20,215,22],"value":{"type":"list","list":[]}},{"range":[215,23,215,35],"value":{"type":"parenthesized","parenthesized":{"range":[215,24,215,34],"value":{"type":"application","application":[{"range":[215,24,215,28],"value":{"type":"functionOrValue","functionOrValue":{"moduleName":[],"name":"text"}}},{"range":[215,29,215,34],"value":{"type":"literal","literal":"Top"}}]}}}}]}},{"range":[216,18,222,22],"value":{"type":"application","application":[{"range":[216,18,216,24],"value":{"type":"functionOrValue","functionOrValue":{"moduleName":[],"name":"column"}}},{"range":[217,21,217,23],"value":{"type":"list","list":[]}},{"range":[218,21,222,22],"value":{"type":"list","list":[{"range":[219,25,219,42],"value":{"type":"application","application":[{"range":[219,25,219,27],"value":{"type":"functionOrValue","functionOrValue":{"moduleName":[],"name":"el"}}},{"range":[219,28,219,30],"value":{"type":"list","list":[]}},{"range":[219,31,219,42],"value":{"type":"parenthesized","parenthesized":{"range":[219,32,219,41],"value":{"type":"application","application":[{"range":[219,32,219,36],"value":{"type":"functionOrValue","functionOrValue":{"moduleName":[],"name":"text"}}},{"range":[219,37,219,41],"value":{"type":"literal","literal":"M1"}}]}}}}]}},{"range":[220,26,220,43],"value":{"type":"application","application":[{"range":[220,26,220,28],"value":{"type":"functionOrValue","functionOrValue":{"moduleName":[],"name":"el"}}},{"range":[220,29,220,31],"value":{"type":"list","list":[]}},{"range":[220,32,220,43],"value":{"type":"parenthesized","parenthesized":{"range":[220,33,220,42],"value":{"type":"application","application":[{"range":[220,33,220,37],"value":{"type":"functionOrValue","functionOrValue":{"moduleName":[],"name":"text"}}},{"range":[220,38,220,42],"value":{"type":"literal","literal":"M2"}}]}}}}]}},{"range":[221,26,221,43],"value":{"type":"application","application":[{"range":[221,26,221,28],"value":{"type":"functionOrValue","functionOrValue":{"moduleName":[],"name":"el"}}},{"range":[221,29,221,31],"value":{"type":"list","list":[]}},{"range":[221,32,221,43],"value":{"type":"parenthesized","parenthesized":{"range":[221,33,221,42],"value":{"type":"application","application":[{"range":[221,33,221,37],"value":{"type":"functionOrValue","functionOrValue":{"moduleName":[],"name":"text"}}},{"range":[221,38,221,42],"value":{"type":"literal","literal":"M3"}}]}}}}]}}]}}]}},{"range":[223,19,223,40],"value":{"type":"application","application":[{"range":[223,19,223,21],"value":{"type":"functionOrValue","functionOrValue":{"moduleName":[],"name":"el"}}},{"range":[223,22,223,24],"value":{"type":"list","list":[]}},{"range":[223,25,223,40],"value":{"type":"parenthesized","parenthesized":{"range":[223,26,223,39],"value":{"type":"application","application":[{"range":[223,26,223,30],"value":{"type":"functionOrValue","functionOrValue":{"moduleName":[],"name":"text"}}},{"range":[223,31,223,39],"value":{"type":"literal","literal":"Bottom"}}]}}}}]}}]}}]}}]}}]}}}}}}},{"range":[227,1,233,14],"value":{"type":"function","function":{"documentation":null,"signature":{"range":[227,1,227,22],"value":{"name":{"range":[227,1,227,9],"value":"myRow333"},"typeAnnotation":{"range":[227,11,227,22],"value":{"type":"typed","typed":{"moduleNameAndName":{"range":[227,11,227,18],"value":{"moduleName":[],"name":"Element"}},"args":[{"range":[227,19,227,22],"value":{"type":"generic","generic":{"value":"msg"}}}]}}}}},"declaration":{"range":[228,1,233,14],"value":{"name":{"range":[228,1,228,9],"value":"myRow333"},"arguments":[],"expression":{"range":[228,12,233,14],"value":{"type":"application","application":[{"range":[228,12,228,15],"value":{"type":"functionOrValue","functionOrValue":{"moduleName":[],"name":"row"}}},{"range":[229,13,229,16],"value":{"type":"list","list":[]}},{"range":[230,13,233,14],"value":{"type":"list","list":[{"range":[230,15,232,95],"value":{"type":"application","application":[{"range":[230,15,230,20],"value":{"type":"functionOrValue","functionOrValue":{"moduleName":[],"name":"image"}}},{"range":[231,17,231,34],"value":{"type":"list","list":[{"range":[231,19,231,32],"value":{"type":"application","application":[{"range":[231,19,231,24],"value":{"type":"functionOrValue","functionOrValue":{"moduleName":[],"name":"width"}}},{"range":[231,25,231,32],"value":{"type":"parenthesized","parenthesized":{"range":[231,26,231,31],"value":{"type":"application","application":[{"range":[231,26,231,28],"value":{"type":"functionOrValue","functionOrValue":{"moduleName":[],"name":"px"}}},{"range":[231,29,231,31],"value":{"type":"integer","integer":80}}]}}}}]}}]}},{"range":[232,17,232,95],"value":{"type":"record","record":[{"range":[232,19,232,71],"value":{"field":{"range":[232,19,232,22],"value":"src"},"expression":{"range":[232,25,232,71],"value":{"type":"literal","literal":"http://localhost:3200/SaiAuLogo.c8014053.png"}}}},{"range":[232,73,232,94],"value":{"field":{"range":[232,73,232,84],"value":"description"},"expression":{"range":[232,87,232,94],"value":{"type":"literal","literal":"HELLO"}}}}]}}]}}]}}]}}}}}}},{"range":[235,1,268,6],"value":{"type":"function","function":{"documentation":null,"signature":{"range":[235,1,235,20],"value":{"name":{"range":[235,1,235,7],"value":"myRow1"},"typeAnnotation":{"range":[235,9,235,20],"value":{"type":"typed","typed":{"moduleNameAndName":{"range":[235,9,235,16],"value":{"moduleName":[],"name":"Element"}},"args":[{"range":[235,17,235,20],"value":{"type":"generic","generic":{"value":"msg"}}}]}}}}},"declaration":{"range":[236,1,268,6],"value":{"name":{"range":[236,1,236,7],"value":"myRow1"},"arguments":[],"expression":{"range":[236,10,268,6],"value":{"type":"application","application":[{"range":[236,10,236,16],"value":{"type":"functionOrValue","functionOrValue":{"moduleName":[],"name":"column"}}},{"range":[237,5,237,30],"value":{"type":"list","list":[{"range":[237,7,237,17],"value":{"type":"application","application":[{"range":[237,7,237,14],"value":{"type":"functionOrValue","functionOrValue":{"moduleName":[],"name":"spacing"}}},{"range":[237,15,237,17],"value":{"type":"integer","integer":20}}]}},{"range":[237,19,237,29],"value":{"type":"application","application":[{"range":[237,19,237,26],"value":{"type":"functionOrValue","functionOrValue":{"moduleName":[],"name":"padding"}}},{"range":[237,27,237,29],"value":{"type":"integer","integer":32}}]}}]}},{"range":[238,5,268,6],"value":{"type":"list","list":[{"range":[239,9,239,62],"value":{"type":"application","application":[{"range":[239,9,239,11],"value":{"type":"functionOrValue","functionOrValue":{"moduleName":[],"name":"el"}}},{"range":[239,12,239,42],"value":{"type":"list","list":[{"range":[239,14,239,41],"value":{"type":"application","application":[{"range":[239,14,239,20],"value":{"type":"functionOrValue","functionOrValue":{"moduleName":[],"name":"onLeft"}}},{"range":[239,21,239,41],"value":{"type":"parenthesized","parenthesized":{"range":[239,22,239,40],"value":{"type":"application","application":[{"range":[239,22,239,26],"value":{"type":"functionOrValue","functionOrValue":{"moduleName":[],"name":"text"}}},{"range":[239,27,239,40],"value":{"type":"literal","literal":"I'm bellow!"}}]}}}}]}}]}},{"range":[239,43,239,62],"value":{"type":"parenthesized","parenthesized":{"range":[239,44,239,61],"value":{"type":"application","application":[{"range":[239,44,239,48],"value":{"type":"functionOrValue","functionOrValue":{"moduleName":[],"name":"text"}}},{"range":[239,49,239,61],"value":{"type":"literal","literal":"I'm normal"}}]}}}}]}},{"range":[240,11,242,31],"value":{"type":"application","application":[{"range":[240,11,240,13],"value":{"type":"functionOrValue","functionOrValue":{"moduleName":[],"name":"el"}}},{"range":[240,14,241,14],"value":{"type":"list","list":[]}},{"range":[242,13,242,31],"value":{"type":"parenthesized","parenthesized":{"range":[242,14,242,30],"value":{"type":"application","application":[{"range":[242,14,242,18],"value":{"type":"functionOrValue","functionOrValue":{"moduleName":[],"name":"text"}}},{"range":[242,19,242,30],"value":{"type":"literal","literal":"test none"}}]}}}}]}},{"range":[243,11,246,32],"value":{"type":"application","application":[{"range":[243,11,243,13],"value":{"type":"functionOrValue","functionOrValue":{"moduleName":[],"name":"el"}}},{"range":[243,14,245,14],"value":{"type":"list","list":[{"range":[244,13,244,69],"value":{"type":"application","application":[{"range":[244,13,244,20],"value":{"type":"functionOrValue","functionOrValue":{"moduleName":[],"name":"inFront"}}},{"range":[244,21,244,23],"value":{"type":"operator","operator":"<|"}},{"range":[244,24,244,26],"value":{"type":"functionOrValue","functionOrValue":{"moduleName":[],"name":"el"}}},{"range":[244,27,244,64],"value":{"type":"list","list":[{"range":[244,29,244,39],"value":{"type":"application","application":[{"range":[244,29,244,36],"value":{"type":"functionOrValue","functionOrValue":{"moduleName":[],"name":"padding"}}},{"range":[244,37,244,39],"value":{"type":"integer","integer":10}}]}},{"range":[244,41,244,62],"value":{"type":"application","application":[{"range":[244,41,244,57],"value":{"type":"functionOrValue","functionOrValue":{"moduleName":["Background"],"name":"color"}}},{"range":[244,58,244,62],"value":{"type":"functionOrValue","functionOrValue":{"moduleName":[],"name":"blue"}}}]}}]}},{"range":[244,65,244,69],"value":{"type":"functionOrValue","functionOrValue":{"moduleName":[],"name":"none"}}}]}}]}},{"range":[246,13,246,32],"value":{"type":"parenthesized","parenthesized":{"range":[246,14,246,31],"value":{"type":"application","application":[{"range":[246,14,246,18],"value":{"type":"functionOrValue","functionOrValue":{"moduleName":[],"name":"text"}}},{"range":[246,19,246,31],"value":{"type":"literal","literal":"test front"}}]}}}}]}},{"range":[247,11,250,33],"value":{"type":"application","application":[{"range":[247,11,247,13],"value":{"type":"functionOrValue","functionOrValue":{"moduleName":[],"name":"el"}}},{"range":[247,14,249,14],"value":{"type":"list","list":[{"range":[248,13,248,75],"value":{"type":"application","application":[{"range":[248,13,248,26],"value":{"type":"functionOrValue","functionOrValue":{"moduleName":[],"name":"behindContent"}}},{"range":[248,27,248,29],"value":{"type":"operator","operator":"<|"}},{"range":[248,30,248,32],"value":{"type":"functionOrValue","functionOrValue":{"moduleName":[],"name":"el"}}},{"range":[248,33,248,70],"value":{"type":"list","list":[{"range":[248,35,248,45],"value":{"type":"application","application":[{"range":[248,35,248,42],"value":{"type":"functionOrValue","functionOrValue":{"moduleName":[],"name":"padding"}}},{"range":[248,43,248,45],"value":{"type":"integer","integer":10}}]}},{"range":[248,47,248,68],"value":{"type":"application","application":[{"range":[248,47,248,63],"value":{"type":"functionOrValue","functionOrValue":{"moduleName":["Background"],"name":"color"}}},{"range":[248,64,248,68],"value":{"type":"functionOrValue","functionOrValue":{"moduleName":[],"name":"blue"}}}]}}]}},{"range":[248,71,248,75],"value":{"type":"functionOrValue","functionOrValue":{"moduleName":[],"name":"none"}}}]}}]}},{"range":[250,13,250,33],"value":{"type":"parenthesized","parenthesized":{"range":[250,14,250,32],"value":{"type":"application","application":[{"range":[250,14,250,18],"value":{"type":"functionOrValue","functionOrValue":{"moduleName":[],"name":"text"}}},{"range":[250,19,250,32],"value":{"type":"literal","literal":"test behind"}}]}}}}]}},{"range":[251,11,254,31],"value":{"type":"application","application":[{"range":[251,11,251,13],"value":{"type":"functionOrValue","functionOrValue":{"moduleName":[],"name":"el"}}},{"range":[251,14,253,14],"value":{"type":"list","list":[{"range":[252,13,252,68],"value":{"type":"application","application":[{"range":[252,13,252,19],"value":{"type":"functionOrValue","functionOrValue":{"moduleName":[],"name":"onLeft"}}},{"range":[252,20,252,22],"value":{"type":"operator","operator":"<|"}},{"range":[252,23,252,25],"value":{"type":"functionOrValue","functionOrValue":{"moduleName":[],"name":"el"}}},{"range":[252,26,252,63],"value":{"type":"list","list":[{"range":[252,28,252,38],"value":{"type":"application","application":[{"range":[252,28,252,35],"value":{"type":"functionOrValue","functionOrValue":{"moduleName":[],"name":"padding"}}},{"range":[252,36,252,38],"value":{"type":"integer","integer":10}}]}},{"range":[252,40,252,61],"value":{"type":"application","application":[{"range":[252,40,252,56],"value":{"type":"functionOrValue","functionOrValue":{"moduleName":["Background"],"name":"color"}}},{"range":[252,57,252,61],"value":{"type":"functionOrValue","functionOrValue":{"moduleName":[],"name":"blue"}}}]}}]}},{"range":[252,64,252,68],"value":{"type":"functionOrValue","functionOrValue":{"moduleName":[],"name":"none"}}}]}}]}},{"range":[254,13,254,31],"value":{"type":"parenthesized","parenthesized":{"range":[254,14,254,30],"value":{"type":"application","application":[{"range":[254,14,254,18],"value":{"type":"functionOrValue","functionOrValue":{"moduleName":[],"name":"text"}}},{"range":[254,19,254,30],"value":{"type":"literal","literal":"test left"}}]}}}}]}},{"range":[255,11,258,32],"value":{"type":"application","application":[{"range":[255,11,255,13],"value":{"type":"functionOrValue","functionOrValue":{"moduleName":[],"name":"el"}}},{"range":[255,14,257,14],"value":{"type":"list","list":[{"range":[256,13,256,69],"value":{"type":"application","application":[{"range":[256,13,256,20],"value":{"type":"functionOrValue","functionOrValue":{"moduleName":[],"name":"onRight"}}},{"range":[256,21,256,23],"value":{"type":"operator","operator":"<|"}},{"range":[256,24,256,26],"value":{"type":"functionOrValue","functionOrValue":{"moduleName":[],"name":"el"}}},{"range":[256,27,256,64],"value":{"type":"list","list":[{"range":[256,29,256,39],"value":{"type":"application","application":[{"range":[256,29,256,36],"value":{"type":"functionOrValue","functionOrValue":{"moduleName":[],"name":"padding"}}},{"range":[256,37,256,39],"value":{"type":"integer","integer":10}}]}},{"range":[256,41,256,62],"value":{"type":"application","application":[{"range":[256,41,256,57],"value":{"type":"functionOrValue","functionOrValue":{"moduleName":["Background"],"name":"color"}}},{"range":[256,58,256,62],"value":{"type":"functionOrValue","functionOrValue":{"moduleName":[],"name":"blue"}}}]}}]}},{"range":[256,65,256,69],"value":{"type":"functionOrValue","functionOrValue":{"moduleName":[],"name":"none"}}}]}}]}},{"range":[258,13,258,32],"value":{"type":"parenthesized","parenthesized":{"range":[258,14,258,31],"value":{"type":"application","application":[{"range":[258,14,258,18],"value":{"type":"functionOrValue","functionOrValue":{"moduleName":[],"name":"text"}}},{"range":[258,19,258,31],"value":{"type":"literal","literal":"test right"}}]}}}}]}},{"range":[259,11,262,32],"value":{"type":"application","application":[{"range":[259,11,259,13],"value":{"type":"functionOrValue","functionOrValue":{"moduleName":[],"name":"el"}}},{"range":[259,14,261,14],"value":{"type":"list","list":[{"range":[260,13,260,67],"value":{"type":"application","application":[{"range":[260,13,260,18],"value":{"type":"functionOrValue","functionOrValue":{"moduleName":[],"name":"above"}}},{"range":[260,19,260,21],"value":{"type":"operator","operator":"<|"}},{"range":[260,22,260,24],"value":{"type":"functionOrValue","functionOrValue":{"moduleName":[],"name":"el"}}},{"range":[260,25,260,62],"value":{"type":"list","list":[{"range":[260,27,260,37],"value":{"type":"application","application":[{"range":[260,27,260,34],"value":{"type":"functionOrValue","functionOrValue":{"moduleName":[],"name":"padding"}}},{"range":[260,35,260,37],"value":{"type":"integer","integer":10}}]}},{"range":[260,39,260,60],"value":{"type":"application","application":[{"range":[260,39,260,55],"value":{"type":"functionOrValue","functionOrValue":{"moduleName":["Background"],"name":"color"}}},{"range":[260,56,260,60],"value":{"type":"functionOrValue","functionOrValue":{"moduleName":[],"name":"blue"}}}]}}]}},{"range":[260,63,260,67],"value":{"type":"functionOrValue","functionOrValue":{"moduleName":[],"name":"none"}}}]}}]}},{"range":[262,13,262,32],"value":{"type":"parenthesized","parenthesized":{"range":[262,14,262,31],"value":{"type":"application","application":[{"range":[262,14,262,18],"value":{"type":"functionOrValue","functionOrValue":{"moduleName":[],"name":"text"}}},{"range":[262,19,262,31],"value":{"type":"literal","literal":"test above"}}]}}}}]}},{"range":[263,11,266,32],"value":{"type":"application","application":[{"range":[263,11,263,13],"value":{"type":"functionOrValue","functionOrValue":{"moduleName":[],"name":"el"}}},{"range":[263,14,265,14],"value":{"type":"list","list":[{"range":[264,13,264,67],"value":{"type":"application","application":[{"range":[264,13,264,18],"value":{"type":"functionOrValue","functionOrValue":{"moduleName":[],"name":"below"}}},{"range":[264,19,264,21],"value":{"type":"operator","operator":"<|"}},{"range":[264,22,264,24],"value":{"type":"functionOrValue","functionOrValue":{"moduleName":[],"name":"el"}}},{"range":[264,25,264,62],"value":{"type":"list","list":[{"range":[264,27,264,37],"value":{"type":"application","application":[{"range":[264,27,264,34],"value":{"type":"functionOrValue","functionOrValue":{"moduleName":[],"name":"padding"}}},{"range":[264,35,264,37],"value":{"type":"integer","integer":10}}]}},{"range":[264,39,264,60],"value":{"type":"application","application":[{"range":[264,39,264,55],"value":{"type":"functionOrValue","functionOrValue":{"moduleName":["Background"],"name":"color"}}},{"range":[264,56,264,60],"value":{"type":"functionOrValue","functionOrValue":{"moduleName":[],"name":"blue"}}}]}}]}},{"range":[264,63,264,67],"value":{"type":"functionOrValue","functionOrValue":{"moduleName":[],"name":"none"}}}]}}]}},{"range":[266,13,266,32],"value":{"type":"parenthesized","parenthesized":{"range":[266,14,266,31],"value":{"type":"application","application":[{"range":[266,14,266,18],"value":{"type":"functionOrValue","functionOrValue":{"moduleName":[],"name":"text"}}},{"range":[266,19,266,31],"value":{"type":"literal","literal":"test below"}}]}}}}]}}]}}]}}}}}}},{"range":[270,1,278,6],"value":{"type":"function","function":{"documentation":null,"signature":{"range":[270,1,270,19],"value":{"name":{"range":[270,1,270,6],"value":"myCol"},"typeAnnotation":{"range":[270,8,270,19],"value":{"type":"typed","typed":{"moduleNameAndName":{"range":[270,8,270,15],"value":{"moduleName":[],"name":"Element"}},"args":[{"range":[270,16,270,19],"value":{"type":"generic","generic":{"value":"msg"}}}]}}}}},"declaration":{"range":[271,1,278,6],"value":{"name":{"range":[271,1,271,6],"value":"myCol"},"arguments":[],"expression":{"range":[271,9,278,6],"value":{"type":"application","application":[{"range":[271,9,271,15],"value":{"type":"functionOrValue","functionOrValue":{"moduleName":[],"name":"column"}}},{"range":[271,16,274,6],"value":{"type":"list","list":[{"range":[272,5,272,15],"value":{"type":"application","application":[{"range":[272,5,272,10],"value":{"type":"functionOrValue","functionOrValue":{"moduleName":[],"name":"width"}}},{"range":[272,11,272,15],"value":{"type":"functionOrValue","functionOrValue":{"moduleName":[],"name":"fill"}}}]}},{"range":[273,7,273,18],"value":{"type":"application","application":[{"range":[273,7,273,13],"value":{"type":"functionOrValue","functionOrValue":{"moduleName":[],"name":"height"}}},{"range":[273,14,273,18],"value":{"type":"functionOrValue","functionOrValue":{"moduleName":[],"name":"fill"}}}]}}]}},{"range":[275,5,278,6],"value":{"type":"list","list":[{"range":[275,7,275,33],"value":{"type":"application","application":[{"range":[275,7,275,9],"value":{"type":"functionOrValue","functionOrValue":{"moduleName":[],"name":"el"}}},{"range":[275,10,275,12],"value":{"type":"list","list":[]}},{"range":[275,13,275,33],"value":{"type":"parenthesized","parenthesized":{"range":[275,14,275,32],"value":{"type":"application","application":[{"range":[275,14,275,18],"value":{"type":"functionOrValue","functionOrValue":{"moduleName":[],"name":"text"}}},{"range":[275,19,275,32],"value":{"type":"literal","literal":"HELLO WORLD"}}]}}}}]}},{"range":[276,7,276,42],"value":{"type":"application","application":[{"range":[276,7,276,9],"value":{"type":"functionOrValue","functionOrValue":{"moduleName":[],"name":"el"}}},{"range":[276,10,276,28],"value":{"type":"list","list":[{"range":[276,11,276,18],"value":{"type":"functionOrValue","functionOrValue":{"moduleName":[],"name":"centerY"}}},{"range":[276,20,276,27],"value":{"type":"functionOrValue","functionOrValue":{"moduleName":[],"name":"centerX"}}}]}},{"range":[276,29,276,42],"value":{"type":"parenthesized","parenthesized":{"range":[276,30,276,41],"value":{"type":"application","application":[{"range":[276,30,276,34],"value":{"type":"functionOrValue","functionOrValue":{"moduleName":[],"name":"text"}}},{"range":[276,35,276,41],"value":{"type":"literal","literal":"COOL"}}]}}}}]}},{"range":[277,7,277,25],"value":{"type":"application","application":[{"range":[277,7,277,9],"value":{"type":"functionOrValue","functionOrValue":{"moduleName":[],"name":"el"}}},{"range":[277,10,277,12],"value":{"type":"list","list":[]}},{"range":[277,13,277,25],"value":{"type":"parenthesized","parenthesized":{"range":[277,14,277,24],"value":{"type":"application","application":[{"range":[277,14,277,18],"value":{"type":"functionOrValue","functionOrValue":{"moduleName":[],"name":"text"}}},{"range":[277,19,277,24],"value":{"type":"literal","literal":"MAN"}}]}}}}]}}]}}]}}}}}}},{"range":[281,1,292,6],"value":{"type":"function","function":{"documentation":null,"signature":{"range":[281,1,281,19],"value":{"name":{"range":[281,1,281,6],"value":"myRow"},"typeAnnotation":{"range":[281,8,281,19],"value":{"type":"typed","typed":{"moduleNameAndName":{"range":[281,8,281,15],"value":{"moduleName":[],"name":"Element"}},"args":[{"range":[281,16,281,19],"value":{"type":"generic","generic":{"value":"msg"}}}]}}}}},"declaration":{"range":[282,1,292,6],"value":{"name":{"range":[282,1,282,6],"value":"myRow"},"arguments":[],"expression":{"range":[282,9,292,6],"value":{"type":"application","application":[{"range":[282,9,282,12],"value":{"type":"functionOrValue","functionOrValue":{"moduleName":[],"name":"row"}}},{"range":[283,5,283,35],"value":{"type":"list","list":[{"range":[283,6,283,13],"value":{"type":"functionOrValue","functionOrValue":{"moduleName":[],"name":"centerX"}}},{"range":[283,15,283,22],"value":{"type":"functionOrValue","functionOrValue":{"moduleName":[],"name":"centerY"}}},{"range":[283,24,283,34],"value":{"type":"application","application":[{"range":[283,24,283,31],"value":{"type":"functionOrValue","functionOrValue":{"moduleName":[],"name":"spacing"}}},{"range":[283,32,283,34],"value":{"type":"integer","integer":10}}]}}]}},{"range":[284,5,292,6],"value":{"type":"list","list":[{"range":[284,7,284,16],"value":{"type":"functionOrValue","functionOrValue":{"moduleName":[],"name":"myElement"}}},{"range":[285,7,285,25],"value":{"type":"application","application":[{"range":[285,7,285,10],"value":{"type":"functionOrValue","functionOrValue":{"moduleName":[],"name":"row"}}},{"range":[285,11,285,13],"value":{"type":"list","list":[]}},{"range":[285,14,285,25],"value":{"type":"list","list":[{"range":[285,15,285,24],"value":{"type":"functionOrValue","functionOrValue":{"moduleName":[],"name":"myElement"}}}]}}]}},{"range":[286,7,290,38],"value":{"type":"application","application":[{"range":[286,7,286,13],"value":{"type":"functionOrValue","functionOrValue":{"moduleName":[],"name":"column"}}},{"range":[287,9,289,10],"value":{"type":"list","list":[{"range":[288,9,288,19],"value":{"type":"application","application":[{"range":[288,9,288,14],"value":{"type":"functionOrValue","functionOrValue":{"moduleName":[],"name":"width"}}},{"range":[288,15,288,19],"value":{"type":"functionOrValue","functionOrValue":{"moduleName":[],"name":"fill"}}}]}}]}},{"range":[290,9,290,38],"value":{"type":"list","list":[{"range":[290,11,290,37],"value":{"type":"application","application":[{"range":[290,11,290,20],"value":{"type":"functionOrValue","functionOrValue":{"moduleName":[],"name":"paragraph"}}},{"range":[290,21,290,23],"value":{"type":"list","list":[]}},{"range":[290,24,290,37],"value":{"type":"list","list":[{"range":[290,26,290,36],"value":{"type":"application","application":[{"range":[290,26,290,30],"value":{"type":"functionOrValue","functionOrValue":{"moduleName":[],"name":"text"}}},{"range":[290,31,290,36],"value":{"type":"functionOrValue","functionOrValue":{"moduleName":[],"name":"title"}}}]}}]}}]}}]}}]}},{"range":[291,7,291,16],"value":{"type":"functionOrValue","functionOrValue":{"moduleName":[],"name":"myElement"}}}]}}]}}}}}}},{"range":[294,1,308,26],"value":{"type":"function","function":{"documentation":null,"signature":{"range":[294,1,294,24],"value":{"name":{"range":[294,1,294,10],"value":"myElement"},"typeAnnotation":{"range":[294,13,294,24],"value":{"type":"typed","typed":{"moduleNameAndName":{"range":[294,13,294,20],"value":{"moduleName":[],"name":"Element"}},"args":[{"range":[294,21,294,24],"value":{"type":"generic","generic":{"value":"msg"}}}]}}}}},"declaration":{"range":[295,1,308,26],"value":{"name":{"range":[295,1,295,10],"value":"myElement"},"arguments":[],"expression":{"range":[296,5,308,26],"value":{"type":"application","application":[{"range":[296,5,296,7],"value":{"type":"functionOrValue","functionOrValue":{"moduleName":[],"name":"el"}}},{"range":[297,9,307,10],"value":{"type":"list","list":[{"range":[297,11,297,27],"value":{"type":"application","application":[{"range":[297,11,297,25],"value":{"type":"functionOrValue","functionOrValue":{"moduleName":["Border"],"name":"rounded"}}},{"range":[297,26,297,27],"value":{"type":"integer","integer":4}}]}},{"range":[299,11,299,31],"value":{"type":"application","application":[{"range":[299,11,299,27],"value":{"type":"functionOrValue","functionOrValue":{"moduleName":["Background"],"name":"image"}}},{"range":[299,28,299,31],"value":{"type":"functionOrValue","functionOrValue":{"moduleName":[],"name":"url"}}}]}},{"range":[300,11,300,42],"value":{"type":"application","application":[{"range":[300,11,300,21],"value":{"type":"functionOrValue","functionOrValue":{"moduleName":["Font"],"name":"color"}}},{"range":[300,22,300,42],"value":{"type":"parenthesized","parenthesized":{"range":[300,23,300,41],"value":{"type":"application","application":[{"range":[300,23,300,29],"value":{"type":"functionOrValue","functionOrValue":{"moduleName":[],"name":"rgb255"}}},{"range":[300,30,300,33],"value":{"type":"integer","integer":255}},{"range":[300,34,300,37],"value":{"type":"integer","integer":255}},{"range":[300,38,300,41],"value":{"type":"integer","integer":255}}]}}}}]}},{"range":[302,11,302,25],"value":{"type":"application","application":[{"range":[302,11,302,16],"value":{"type":"functionOrValue","functionOrValue":{"moduleName":[],"name":"width"}}},{"range":[302,17,302,19],"value":{"type":"operator","operator":"<|"}},{"range":[302,20,302,22],"value":{"type":"functionOrValue","functionOrValue":{"moduleName":[],"name":"px"}}},{"range":[302,23,302,25],"value":{"type":"integer","integer":80}}]}},{"range":[303,11,303,26],"value":{"type":"application","application":[{"range":[303,11,303,17],"value":{"type":"functionOrValue","functionOrValue":{"moduleName":[],"name":"height"}}},{"range":[303,18,303,20],"value":{"type":"operator","operator":"<|"}},{"range":[303,21,303,23],"value":{"type":"functionOrValue","functionOrValue":{"moduleName":[],"name":"px"}}},{"range":[303,24,303,26],"value":{"type":"integer","integer":80}}]}}]}},{"range":[308,9,308,26],"value":{"type":"parenthesized","parenthesized":{"range":[308,10,308,25],"value":{"type":"application","application":[{"range":[308,10,308,14],"value":{"type":"functionOrValue","functionOrValue":{"moduleName":[],"name":"text"}}},{"range":[308,15,308,25],"value":{"type":"literal","literal":"stylish!"}}]}}}}]}}}}}}}],"comments":[{"range":[306,9,306,20],"value":"--, centerY"},{"range":[305,9,305,20],"value":"--, centerX"},{"range":[304,9,304,23],"value":"--, width fill"},{"range":[301,9,301,23],"value":"--, padding 80"},{"range":[298,9,298,48],"value":"--, Background.color (rgb255 10 160 10)"},{"range":[162,21,162,32],"value":"--, centerY"},{"range":[161,21,161,32],"value":"--, centerX"},{"range":[160,21,160,35],"value":"--, width fill"},{"range":[157,21,157,35],"value":"--, padding 80"},{"range":[154,21,154,60],"value":"--, Background.color (rgb255 10 160 10)"},{"range":[138,21,138,32],"value":"--, centerY"},{"range":[137,21,137,32],"value":"--, centerX"},{"range":[136,21,136,35],"value":"--, width fill"},{"range":[133,21,133,35],"value":"--, padding 80"},{"range":[130,21,130,60],"value":"--, Background.color (rgb255 10 160 10)"},{"range":[117,21,117,32],"value":"--, centerY"},{"range":[116,21,116,32],"value":"--, centerX"},{"range":[115,21,115,35],"value":"--, width fill"},{"range":[112,21,112,35],"value":"--, padding 80"},{"range":[109,21,109,60],"value":"--, Background.color (rgb255 10 160 10)"},{"range":[108,21,108,35],"value":"--, alignRight"},{"range":[49,13,49,30],"value":"-- myAlignmentCol"},{"range":[48,13,48,23],"value":"-- myColG,"},{"range":[46,9,46,29],"value":"-- , myAlignmentRow2"},{"range":[42,9,42,31],"value":"--inFront <| myFronCol"},{"range":[8,1,8,9],"value":"--     )"},{"range":[7,1,7,24],"value":"--     centerX, maximum"},{"range":[6,1,6,61],"value":"--     width, height, px, rgb255, spacing, centerY, padding,"},{"range":[5,1,5,69],"value":"--     Element, el, text, row, column, paragraph, alignRight, fill, "},{"range":[4,1,4,29],"value":"-- import Element exposing ("}]}