{
    "type": "application",
    "source-directories": [
        "open",
        "../src/"
    ],
    "elm-version": "0.19.0",
    "dependencies": {
        "direct": {
            "elm/browser": "1.0.0",
            "elm/core": "1.0.0",
            "elm/html": "1.0.0",
            "elm/json": "1.0.0",
            "elm/virtual-dom": "1.0.0",
            "ohanhi/lorem": "1.0.2"
        },
        "indirect": {
            "elm/time": "1.0.0",
            "elm/url": "1.0.0"
        }
    },
    "test-dependencies": {
        "direct": {},
        "indirect": {}
    }
}