{
  "__switch__": [
    {
      "cond": "${新增记录.是否免费 == true}",
      "value": {
        "__def__": {
          "邀请": "${新增记录.邀请.id}",
          "用户": "${新增记录.免费用户.id}",
          "用户昵称": "${新增记录.免费用户.昵称}",
          "支付金额": "${新增记录.支付金额}",
          "开营时间": "${新增记录.营期.开营时间}",
          "id": "${新增记录.id}",
          "__for__": {
            "__query__": {
              "配置": {
                "entityName": "训练营落地页配置",
                "type": "findOne"
              },
              "__for__": {
                "__def__": {
                  "noOp": null,
                  "确认裂变成功": {
                    "type": "AddRecord",
                    "entityName": "邀请有礼-商品支付记录",
                    "formData": {
                      "被邀请人": "${用户}",
                      "邀请": "${邀请}",
                      "支付金额": "${支付金额}"
                    }
                  },
                  "购买确认文字模板": "${ifThen(exists(配置.购买确认信息), 配置.购买确认信息, \"恭喜加入小白理财训练营，请点击下方链接填写分班表单\")}",
                  "购买确认文字": "${replace(购买确认文字模板, \"#用户昵称#\", 用户昵称)}",
                  "分班表单链接文字": "${ifThen(exists(配置.分班表单链接文字), 配置.分班表单链接文字, \"立即填写分班表单\")}",
                  "发送课程购买通知": {
                    "type": "AddRecord",
                    "entityName": "微信公众号-发送客服消息请求",
                    "formData": {
                      "接收人": "${用户}",
                      "消息": [
                        {
                          "type": "text",
                          "text": "${购买确认文字}"
                        },
                        {
                          "type": "text",
                          "text": "<a href=\"https://www.qianmaoxt.com/xly-landing/survey/${id}\">${分班表单链接文字}</a>"
                        }
                      ]
                    }
                  },
                  "模板消息内容": {
                    "__apply__": {
                      "list": "${配置.分班提醒模板消息内容}",
                      "map": {
                        "__def__": {
                          "替换昵称后": "${replace(value, \"#用户昵称#\", 用户昵称)}",
                          "__for__": "${replace(替换昵称后, \"#开课时间#\", formatDate(开营时间, \"yyyy-mm-dd\"))}"
                        }
                      }
                    }
                  },
                  "提醒事件参数": {
                    "userID": "${用户}",
                    "orderID": "${id}",
                    "message": {
                      "templateId": "${配置.分班提醒模板消息ID}",
                      "data": "${zipAsKeyValueObject(配置.分班提醒模板消息变量, 模板消息内容)}",
                      "url": "https://www.qianmaoxt.com/xly-landing/survey/${id}"
                    }
                  },
                  "添加提醒任务1": {
                    "type": "AddRecord",
                    "entityName": "定时事件",
                    "formData": {
                      "事件类型": "落地页分班提醒",
                      "事件参数": "${提醒事件参数}",
                      "触发时间": "${secondsLater(60 * 60)}"
                    }
                  },
                  "添加提醒任务2": {
                    "type": "AddRecord",
                    "entityName": "定时事件",
                    "formData": {
                      "事件类型": "落地页分班提醒",
                      "事件参数": "${提醒事件参数}",
                      "触发时间": "${secondsLater(60 * 60 * 24)}"
                    }
                  },
                  "完成订单": {
                    "type": "UpdateRecord",
                    "entityName": "训练营入营订单",
                    "id": "${id}",
                    "formData": {
                      "订单已完成": true
                    }
                  },
                  "__for__": [
                    "${发送课程购买通知}",
                    "${ifThen(配置.是否发送分班提醒模板消息 == true, 添加提醒任务1, noOp)}",
                    "${ifThen(配置.是否发送分班提醒模板消息 == true, 添加提醒任务2, noOp)}",
                    "${ifThen(exists(订单.邀请), 确认裂变成功, noOp)}",
                    "${完成订单}"
                  ]
                }
              }
            }
          }
        }
      }
    },
    {
      "cond": true,
      "value": []
    }
  ]
}