{
    "type": "application",
    "source-directories": [
        ".",
        "../../src"
    ],
    "elm-version": "0.19.0",
    "dependencies": {
        "direct": {
            "elm/browser": "1.0.1",
            "elm/core": "1.0.2",
            "elm/html": "1.0.0",
            "elm/json": "1.1.3",
            "elm/time": "1.0.0",
            "elm/virtual-dom": "1.0.2",
            "elm-explorations/benchmark": "1.0.1"
        },
        "indirect": {
            "BrianHicks/elm-trend": "2.1.2",
            "Skinney/murmur3": "2.0.8",
            "elm/regex": "1.0.0",
            "elm/url": "1.0.0",
            "mdgriffith/style-elements": "5.0.1"
        }
    },
    "test-dependencies": {
        "direct": {},
        "indirect": {}
    }
}